symbol,exchange,market,name,sector_33_code,sector_33_name,scale_category,is_etf,is_reit,is_active
1301.T,1,prime,極洋,50,水産・農林業,TOPIX Small 1,false,false,true
130A.T,1,growth,Ｖｅｒｉｔａｓ　Ｉｎ　Ｓｉｌｉｃｏ,3250,医薬品,-,false,false,true
1332.T,1,prime,ニッスイ,50,水産・農林業,TOPIX Mid400,false,false,true
1333.T,1,prime,Ｕｍｉｏｓ,50,水産・農林業,TOPIX Mid400,false,false,true
135A.T,1,growth,ＶＲＡＩＮ　Ｓｏｌｕｔｉｏｎ,5250,情報・通信業,-,false,false,true
1375.T,1,prime,ユキグニファクトリー,50,水産・農林業,TOPIX Small 2,false,false,true
1376.T,1,standard,カネコ種苗,50,水産・農林業,TOPIX Small 2,false,false,true
1377.T,1,prime,サカタのタネ,50,水産・農林業,TOPIX Small 1,false,false,true
1379.T,1,prime,ホクト,50,水産・農林業,TOPIX Small 2,false,false,true
137A.T,1,growth,Ｃｏｃｏｌｉｖｅ,5250,情報・通信業,-,false,false,true
1380.T,1,standard,秋川牧園,50,水産・農林業,-,false,false,true
1381.T,1,standard,アクシーズ,50,水産・農林業,-,false,false,true
1382.T,1,standard,ホーブ,50,水産・農林業,-,false,false,true
1383.T,1,standard,ベルグアース,50,水産・農林業,-,false,false,true
1384.T,1,standard,ホクリヨウ,50,水産・農林業,-,false,false,true
138A.T,1,growth,光フードサービス,6100,小売業,-,false,false,true
1401.T,1,growth,エムビーエス,2050,建設業,-,false,false,true
1407.T,1,standard,ウエストホールディングス,2050,建設業,-,false,false,true
1414.T,1,prime,ショーボンドホールディングス,2050,建設業,TOPIX Mid400,false,false,true
1417.T,1,prime,ミライト・ワン,2050,建設業,TOPIX Mid400,false,false,true
1418.T,1,standard,インターライフホールディングス,2050,建設業,-,false,false,true
1419.T,1,prime,タマホーム,2050,建設業,TOPIX Small 1,false,false,true
141A.T,1,growth,トライアルホールディングス,6100,小売業,-,false,false,true
1420.T,1,standard,サンヨーホームズ,2050,建設業,-,false,false,true
1429.T,1,prime,日本アクア,2050,建設業,-,false,false,true
142A.T,1,growth,ジンジブ,9050,サービス業,-,false,false,true
1430.T,1,standard,ファーストコーポレーション,2050,建設業,-,false,false,true
1431.T,1,growth,Ｌｉｂ　Ｗｏｒｋ,2050,建設業,-,false,false,true
1433.T,1,prime,ベステラ,2050,建設業,-,false,false,true
1434.T,1,standard,ＪＥＳＣＯホールディングス,2050,建設業,-,false,false,true
1435.T,1,standard,ｒｏｂｏｔ　ｈｏｍｅ,8050,不動産業,TOPIX Small 2,false,false,true
1436.T,1,growth,グリーンエナジー＆カンパニー,2050,建設業,-,false,false,true
1438.T,1,standard,岐阜造園,2050,建設業,-,false,false,true
143A.T,1,growth,イシン,9050,サービス業,-,false,false,true
1443.T,1,standard,技研ホールディングス,2050,建設業,-,false,false,true
1444.T,1,growth,ニッソウ,2050,建設業,-,false,false,true
1446.T,1,standard,キャンディル,2050,建設業,-,false,false,true
1447.T,1,growth,ＳＡＡＦホールディングス,2050,建設業,-,false,false,true
1450.T,1,standard,ＴＡＮＡＫＥＮ,2050,建設業,-,false,false,true
145A.T,1,growth,Ｌ　ｉｓ　Ｂ,5250,情報・通信業,-,false,false,true
146A.T,1,standard,コロンビア・ワークス,8050,不動産業,-,false,false,true
147A.T,1,growth,ソラコム,5250,情報・通信業,-,false,false,true
148A.T,1,growth,ハッチ・ワーク,5250,情報・通信業,-,false,false,true
1491.T,1,standard,中外鉱業,3500,非鉄金属,-,false,false,true
149A.T,1,growth,シンカ,5250,情報・通信業,-,false,false,true
150A.T,1,growth,ＪＳＨ,9050,サービス業,-,false,false,true
1514.T,1,standard,住石ホールディングス,1050,鉱業,TOPIX Small 2,false,false,true
1515.T,1,prime,日鉄鉱業,1050,鉱業,TOPIX Small 1,false,false,true
1518.T,1,prime,三井松島ホールディングス,3800,その他製品,TOPIX Small 1,false,false,true
151A.T,1,growth,ダイブ,9050,サービス業,-,false,false,true
153A.T,1,growth,カウリス,5250,情報・通信業,-,false,false,true
155A.T,1,growth,情報戦略テクノロジー,5250,情報・通信業,-,false,false,true
156A.T,1,growth,マテリアルグループ,9050,サービス業,-,false,false,true
157A.T,1,growth,グリーンモンスター,9050,サービス業,-,false,false,true
1605.T,1,prime,ＩＮＰＥＸ,1050,鉱業,TOPIX Mid400,false,false,true
160A.T,1,standard,アズパートナーズ,9050,サービス業,-,false,false,true
1662.T,1,prime,石油資源開発,1050,鉱業,TOPIX Small 1,false,false,true
1663.T,1,prime,Ｋ＆Ｏエナジーグループ,1050,鉱業,TOPIX Small 1,false,false,true
166A.T,1,growth,タスキホールディングス,8050,不動産業,-,false,false,true
167A.T,1,prime,リョーサン菱洋ホールディングス,6050,卸売業,TOPIX Small 1,false,false,true
168A.T,1,growth,イタミアート,3800,その他製品,-,false,false,true
1711.T,1,standard,ＳＤＳホールディングス,2050,建設業,-,false,false,true
1716.T,1,standard,第一カッター興業,2050,建設業,TOPIX Small 2,false,false,true
1717.T,1,standard,明豊ファシリティワークス,9050,サービス業,-,false,false,true
1718.T,1,standard,美樹工業,2050,建設業,-,false,false,true
1719.T,1,prime,安藤・間,2050,建設業,TOPIX Mid400,false,false,true
1720.T,1,prime,東急建設,2050,建設業,TOPIX Small 1,false,false,true
1721.T,1,prime,コムシスホールディングス,2050,建設業,TOPIX Mid400,false,false,true
1723.T,1,standard,日本電技,2050,建設業,-,false,false,true
1724.T,1,standard,シンクレイヤ,2050,建設業,-,false,false,true
1726.T,1,prime,ビーアールホールディングス,2050,建設業,TOPIX Small 2,false,false,true
1736.T,1,standard,オーテック,2050,建設業,-,false,false,true
173A.T,1,growth,ハンモック,5250,情報・通信業,-,false,false,true
1758.T,1,standard,太洋基礎工業,2050,建設業,-,false,false,true
175A.T,1,growth,Ｗｉｌｌ　Ｓｍａｒｔ,5250,情報・通信業,-,false,false,true
1762.T,1,prime,高松コンストラクショングループ,2050,建設業,TOPIX Small 2,false,false,true
1764.T,1,standard,工藤建設,2050,建設業,-,false,false,true
1766.T,1,prime,東建コーポレーション,2050,建設業,TOPIX Small 1,false,false,true
1768.T,1,standard,ソネック,2050,建設業,-,false,false,true
1770.T,1,standard,藤田エンジニアリング,2050,建設業,-,false,false,true
1776.T,1,standard,三井住建道路,2050,建設業,-,false,false,true
177A.T,1,growth,コージンバイオ,3200,化学,-,false,false,true
1780.T,1,prime,ヤマウラ,2050,建設業,TOPIX Small 2,false,false,true
1783.T,1,standard,ｆａｎｔａｓｉｓｔａ,8050,不動産業,-,false,false,true
1786.T,1,prime,オリエンタル白石,2050,建設業,TOPIX Small 2,false,false,true
1787.T,1,standard,ナカボーテック,2050,建設業,-,false,false,true
1788.T,1,standard,三東工業社,2050,建設業,-,false,false,true
1793.T,1,standard,大本組,2050,建設業,-,false,false,true
1795.T,1,standard,マサル,2050,建設業,-,false,false,true
1798.T,1,standard,守谷商会,2050,建設業,-,false,false,true
1799.T,1,standard,第一建設工業,2050,建設業,-,false,false,true
1801.T,1,prime,大成建設,2050,建設業,TOPIX Mid400,false,false,true
1802.T,1,prime,大林組,2050,建設業,TOPIX Mid400,false,false,true
1803.T,1,prime,清水建設,2050,建設業,TOPIX Mid400,false,false,true
1807.T,1,standard,佐藤渡辺,2050,建設業,-,false,false,true
1808.T,1,prime,長谷工コーポレーション,2050,建設業,TOPIX Mid400,false,false,true
1810.T,1,standard,松井建設,2050,建設業,TOPIX Small 2,false,false,true
1811.T,1,standard,錢高組,2050,建設業,-,false,false,true
1812.T,1,prime,鹿島建設,2050,建設業,TOPIX Mid400,false,false,true
1813.T,1,prime,不動テトラ,2050,建設業,TOPIX Small 2,false,false,true
1814.T,1,prime,大末建設,2050,建設業,-,false,false,true
1815.T,1,prime,鉄建建設,2050,建設業,TOPIX Small 2,false,false,true
1820.T,1,prime,西松建設,2050,建設業,TOPIX Mid400,false,false,true
1822.T,1,standard,大豊建設,2050,建設業,TOPIX Small 2,false,false,true
1826.T,1,standard,佐田建設,2050,建設業,-,false,false,true
1827.T,1,standard,ナカノフドー建設,2050,建設業,-,false,false,true
1828.T,1,standard,田辺工業,2050,建設業,-,false,false,true
1833.T,1,prime,奥村組,2050,建設業,TOPIX Small 1,false,false,true
1835.T,1,prime,東鉄工業,2050,建設業,TOPIX Small 1,false,false,true
1840.T,1,standard,土屋ホールディングス,2050,建設業,-,false,false,true
1844.T,1,standard,大盛工業,2050,建設業,-,false,false,true
1847.T,1,standard,イチケン,2050,建設業,-,false,false,true
1848.T,1,standard,富士ピー・エス,2050,建設業,-,false,false,true
184A.T,1,growth,学びエイド,5250,情報・通信業,-,false,false,true
1850.T,1,standard,南海辰村建設,2050,建設業,-,false,false,true
1852.T,1,prime,淺沼組,2050,建設業,TOPIX Small 1,false,false,true
1853.T,1,standard,森組,2050,建設業,-,false,false,true
1860.T,1,prime,戸田建設,2050,建設業,TOPIX Mid400,false,false,true
1861.T,1,prime,熊谷組,2050,建設業,TOPIX Small 1,false,false,true
1866.T,1,standard,北野建設,2050,建設業,-,false,false,true
1867.T,1,standard,植木組,2050,建設業,-,false,false,true
186A.T,1,growth,アストロスケールホールディングス,9050,サービス業,-,false,false,true
1870.T,1,prime,矢作建設工業,2050,建設業,TOPIX Small 1,false,false,true
1871.T,1,prime,ピーエス・コンストラクション,2050,建設業,TOPIX Small 2,false,false,true
1873.T,1,prime,日本ハウスホールディングス,2050,建設業,TOPIX Small 2,false,false,true
1878.T,1,prime,大東建託,8050,不動産業,TOPIX Mid400,false,false,true
1879.T,1,prime,新日本建設,2050,建設業,TOPIX Small 2,false,false,true
1882.T,1,prime,東亜道路工業,2050,建設業,TOPIX Small 1,false,false,true
1885.T,1,prime,東亜建設工業,2050,建設業,TOPIX Small 1,false,false,true
1887.T,1,prime,日本国土開発,2050,建設業,TOPIX Small 2,false,false,true
1888.T,1,prime,若築建設,2050,建設業,TOPIX Small 2,false,false,true
1893.T,1,prime,五洋建設,2050,建設業,TOPIX Mid400,false,false,true
1897.T,1,standard,金下建設,2050,建設業,-,false,false,true
1898.T,1,prime,世紀東急工業,2050,建設業,TOPIX Small 1,false,false,true
1899.T,1,prime,福田組,2050,建設業,TOPIX Small 2,false,false,true
189A.T,1,growth,Ｄ＆Ｍカンパニー,9050,サービス業,-,false,false,true
1904.T,1,standard,大成温調,2050,建設業,-,false,false,true
1905.T,1,standard,テノックス,2050,建設業,-,false,false,true
1909.T,1,standard,日本ドライケミカル,3600,機械,-,false,false,true
190A.T,1,growth,Ｃｈｏｒｄｉａ　Ｔｈｅｒａｐｅｕｔｉｃｓ,3250,医薬品,-,false,false,true
1911.T,1,prime,住友林業,2050,建設業,TOPIX Mid400,false,false,true
1914.T,1,standard,日本基礎技術,2050,建設業,-,false,false,true
1921.T,1,standard,巴コーポレーション,2050,建設業,-,false,false,true
1925.T,1,prime,大和ハウス工業,2050,建設業,TOPIX Large70,false,false,true
1926.T,1,prime,ライト工業,2050,建設業,TOPIX Small 1,false,false,true
1928.T,1,prime,積水ハウス,2050,建設業,TOPIX Large70,false,false,true
1929.T,1,prime,日特建設,2050,建設業,TOPIX Small 2,false,false,true
192A.T,1,growth,インテグループ,9050,サービス業,-,false,false,true
1930.T,1,prime,北陸電気工事,2050,建設業,TOPIX Small 2,false,false,true
1934.T,1,prime,ユアテック,2050,建設業,TOPIX Small 1,false,false,true
1938.T,1,prime,日本リーテック,2050,建設業,TOPIX Small 2,false,false,true
1939.T,1,prime,四電工,2050,建設業,TOPIX Small 2,false,false,true
1941.T,1,prime,中電工,2050,建設業,TOPIX Small 1,false,false,true
1942.T,1,prime,関電工,2050,建設業,TOPIX Mid400,false,false,true
1944.T,1,prime,きんでん,2050,建設業,TOPIX Mid400,false,false,true
1945.T,1,prime,東京エネシス,2050,建設業,TOPIX Small 2,false,false,true
1946.T,1,prime,トーエネック,2050,建設業,TOPIX Small 2,false,false,true
1948.T,1,standard,弘電社,2050,建設業,-,false,false,true
194A.T,1,growth,ＷＯＬＶＥＳ　ＨＡＮＤ,9050,サービス業,-,false,false,true
1950.T,1,prime,日本電設工業,2050,建設業,TOPIX Small 1,false,false,true
1951.T,1,prime,エクシオグループ,2050,建設業,TOPIX Mid400,false,false,true
1952.T,1,prime,新日本空調,2050,建設業,TOPIX Small 1,false,false,true
1959.T,1,prime,クラフティア,2050,建設業,TOPIX Mid400,false,false,true
195A.T,1,growth,ＭＵＳＣＡＴ　ＧＲＯＵＰ,9050,サービス業,-,false,false,true
1960.T,1,standard,サンテック,2050,建設業,-,false,false,true
1961.T,1,prime,三機工業,2050,建設業,TOPIX Small 1,false,false,true
1963.T,1,prime,日揮ホールディングス,2050,建設業,TOPIX Mid400,false,false,true
1964.T,1,prime,中外炉工業,2050,建設業,TOPIX Small 2,false,false,true
1965.T,1,standard,テクノ菱和,2050,建設業,-,false,false,true
1966.T,1,standard,高田工業所,2050,建設業,-,false,false,true
1967.T,1,standard,ヤマト,2050,建設業,-,false,false,true
1968.T,1,prime,太平電業,2050,建設業,TOPIX Small 1,false,false,true
1969.T,1,prime,高砂熱学工業,2050,建設業,TOPIX Mid400,false,false,true
196A.T,1,growth,ＭＦＳ,7200,その他金融業,-,false,false,true
1972.T,1,standard,三晃金属工業,2050,建設業,-,false,false,true
1975.T,1,prime,朝日工業社,2050,建設業,TOPIX Small 1,false,false,true
1976.T,1,prime,明星工業,2050,建設業,TOPIX Small 2,false,false,true
1979.T,1,prime,大氣社,2050,建設業,TOPIX Small 1,false,false,true
197A.T,1,standard,タウンズ,3250,医薬品,-,false,false,true
1980.T,1,prime,ダイダン,2050,建設業,TOPIX Small 1,false,false,true
1981.T,1,standard,協和日成,2050,建設業,-,false,false,true
1982.T,1,prime,日比谷総合設備,2050,建設業,TOPIX Small 2,false,false,true
198A.T,1,growth,ＰｏｓｔＰｒｉｍｅ,5250,情報・通信業,-,false,false,true
1992.T,1,standard,神田通信機,2050,建設業,-,false,false,true
1994.T,1,standard,高橋カーテンウォール工業,2050,建設業,-,false,false,true
1997.T,1,standard,暁飯島工業,2050,建設業,-,false,false,true
2001.T,1,prime,ニップン,3050,食料品,TOPIX Small 1,false,false,true
2002.T,1,prime,日清製粉グループ本社,3050,食料品,TOPIX Mid400,false,false,true
2003.T,1,standard,日東富士製粉,3050,食料品,TOPIX Small 2,false,false,true
2004.T,1,prime,昭和産業,3050,食料品,TOPIX Small 2,false,false,true
2009.T,1,standard,鳥越製粉,3050,食料品,-,false,false,true
2053.T,1,prime,中部飼料,3050,食料品,TOPIX Small 2,false,false,true
2055.T,1,standard,日和産業,3050,食料品,-,false,false,true
205A.T,1,growth,ロゴスホールディングス,2050,建設業,-,false,false,true
2060.T,1,prime,フィード・ワン,3050,食料品,TOPIX Small 2,false,false,true
206A.T,1,growth,ＰＲＩＳＭ　ＢｉｏＬａｂ,3250,医薬品,-,false,false,true
208A.T,1,standard,構造計画研究所ホールディングス,5250,情報・通信業,-,false,false,true
2108.T,1,prime,日本甜菜製糖,3050,食料品,TOPIX Small 2,false,false,true
2109.T,1,prime,ＤＭ三井製糖,3050,食料品,TOPIX Small 1,false,false,true
2112.T,1,standard,塩水港精糖,3050,食料品,-,false,false,true
2114.T,1,standard,フジ日本,3050,食料品,-,false,false,true
2117.T,1,prime,ウェルネオシュガー,3050,食料品,TOPIX Small 2,false,false,true
211A.T,1,standard,カドス・コーポレーション,2050,建設業,-,false,false,true
2120.T,1,prime,ＬＩＦＵＬＬ,9050,サービス業,TOPIX Small 2,false,false,true
2121.T,1,prime,ＭＩＸＩ,5250,情報・通信業,TOPIX Small 1,false,false,true
2122.T,1,standard,インタースペース,9050,サービス業,-,false,false,true
2124.T,1,prime,ジェイエイシーリクルートメント,9050,サービス業,TOPIX Small 1,false,false,true
2127.T,1,prime,日本Ｍ＆Ａセンターホールディングス,9050,サービス業,TOPIX Mid400,false,false,true
212A.T,1,prime,フィットイージー,9050,サービス業,TOPIX Small 2,false,false,true
2130.T,1,prime,メンバーズ,9050,サービス業,TOPIX Small 2,false,false,true
2134.T,1,standard,北浜キャピタルパートナーズ,9050,サービス業,-,false,false,true
2136.T,1,standard,ヒップ,9050,サービス業,-,false,false,true
2138.T,1,standard,クルーズ,5250,情報・通信業,-,false,false,true
2139.T,1,standard,中広,9050,サービス業,-,false,false,true
2146.T,1,prime,ＵＴグループ,9050,サービス業,TOPIX Small 1,false,false,true
2148.T,1,prime,アイティメディア,9050,サービス業,TOPIX Small 2,false,false,true
2152.T,1,standard,幼児活動研究会,9050,サービス業,-,false,false,true
2153.T,1,prime,Ｅ・Ｊホールディングス,9050,サービス業,TOPIX Small 2,false,false,true
2154.T,1,prime,オープンアップグループ,9050,サービス業,TOPIX Small 1,false,false,true
2156.T,1,standard,セーラー広告,9050,サービス業,-,false,false,true
2157.T,1,prime,コシダカホールディングス,9050,サービス業,TOPIX Small 1,false,false,true
2158.T,1,growth,ＦＲＯＮＴＥＯ,9050,サービス業,-,false,false,true
215A.T,1,growth,タイミー,9050,サービス業,-,false,false,true
2160.T,1,growth,ジーエヌアイグループ,3250,医薬品,-,false,false,true
2162.T,1,standard,ｎｍｓ　ホールディングス,9050,サービス業,-,false,false,true
2163.T,1,prime,アルトナー,9050,サービス業,-,false,false,true
2164.T,1,standard,地域新聞社,9050,サービス業,-,false,false,true
2168.T,1,prime,パソナグループ,9050,サービス業,TOPIX Small 1,false,false,true
2169.T,1,standard,ＣＤＳ,9050,サービス業,-,false,false,true
2170.T,1,prime,リンクアンドモチベーション,9050,サービス業,TOPIX Small 2,false,false,true
2173.T,1,growth,博展,9050,サービス業,-,false,false,true
2175.T,1,prime,エス・エム・エス,9050,サービス業,TOPIX Small 1,false,false,true
2179.T,1,standard,成学社,9050,サービス業,-,false,false,true
2180.T,1,standard,サニーサイドアップグループ,9050,サービス業,-,false,false,true
2181.T,1,prime,パーソルホールディングス,9050,サービス業,TOPIX Mid400,false,false,true
2183.T,1,standard,リニカル,9050,サービス業,-,false,false,true
2185.T,1,standard,シイエム・シイ,9050,サービス業,-,false,false,true
2186.T,1,standard,ソーバル,9050,サービス業,-,false,false,true
218A.T,1,growth,Ｌｉｂｅｒａｗａｒｅ,3750,精密機器,-,false,false,true
2193.T,1,standard,クックパッド,9050,サービス業,TOPIX Small 2,false,false,true
2195.T,1,growth,アミタホールディングス,9050,サービス業,-,false,false,true
2198.T,1,prime,アイ・ケイ・ケイホールディングス,9050,サービス業,-,false,false,true
219A.T,1,growth,Ｈｅａｒｔｓｅｅｄ,3250,医薬品,-,false,false,true
2201.T,1,prime,森永製菓,3050,食料品,TOPIX Mid400,false,false,true
2204.T,1,standard,中村屋,3050,食料品,TOPIX Small 2,false,false,true
2206.T,1,prime,江崎グリコ,3050,食料品,TOPIX Mid400,false,false,true
2207.T,1,prime,ｍｅｉｔｏ,3050,食料品,TOPIX Small 2,false,false,true
2208.T,1,standard,ブルボン,3050,食料品,-,false,false,true
2209.T,1,prime,井村屋グループ,3050,食料品,TOPIX Small 2,false,false,true
220A.T,1,standard,Ｆａｂｅｒ　Ｃｏｍｐａｎｙ,5250,情報・通信業,-,false,false,true
2211.T,1,prime,不二家,3050,食料品,TOPIX Small 2,false,false,true
2212.T,1,prime,山崎製パン,3050,食料品,TOPIX Mid400,false,false,true
2215.T,1,standard,第一屋製パン,3050,食料品,-,false,false,true
2216.T,1,standard,カンロ,3050,食料品,-,false,false,true
2217.T,1,prime,モロゾフ,3050,食料品,TOPIX Small 2,false,false,true
2220.T,1,prime,亀田製菓,3050,食料品,TOPIX Small 1,false,false,true
2221.T,1,standard,岩塚製菓,3050,食料品,-,false,false,true
2222.T,1,prime,寿スピリッツ,3050,食料品,TOPIX Mid400,false,false,true
2224.T,1,standard,コモ,3050,食料品,-,false,false,true
2226.T,1,standard,湖池屋,3050,食料品,-,false,false,true
2229.T,1,prime,カルビー,3050,食料品,TOPIX Mid400,false,false,true
2264.T,1,prime,森永乳業,3050,食料品,TOPIX Mid400,false,false,true
2266.T,1,prime,六甲バター,3050,食料品,TOPIX Small 2,false,false,true
2267.T,1,prime,ヤクルト本社,3050,食料品,TOPIX Mid400,false,false,true
2268.T,1,standard,Ｂ－Ｒ　サーティワン　アイスクリーム,3050,食料品,-,false,false,true
2269.T,1,prime,明治ホールディングス,3050,食料品,TOPIX Mid400,false,false,true
2270.T,1,prime,雪印メグミルク,3050,食料品,TOPIX Small 1,false,false,true
2281.T,1,prime,プリマハム,3050,食料品,TOPIX Small 1,false,false,true
2282.T,1,prime,日本ハム,3050,食料品,TOPIX Mid400,false,false,true
2286.T,1,standard,林兼産業,3050,食料品,-,false,false,true
2288.T,1,prime,丸大食品,3050,食料品,TOPIX Small 2,false,false,true
228A.T,1,growth,オプロ,5250,情報・通信業,-,false,false,true
2291.T,1,standard,福留ハム,3050,食料品,-,false,false,true
2292.T,1,prime,Ｓ　Ｆｏｏｄｓ,3050,食料品,TOPIX Small 1,false,false,true
2293.T,1,standard,滝沢ハム,3050,食料品,-,false,false,true
2294.T,1,prime,柿安本店,3050,食料品,TOPIX Small 2,false,false,true
2296.T,1,prime,伊藤ハム米久ホールディングス,3050,食料品,TOPIX Small 1,false,false,true
2300.T,1,standard,きょくとう,9050,サービス業,-,false,false,true
2301.T,1,prime,学情,9050,サービス業,TOPIX Small 2,false,false,true
2303.T,1,standard,ドーン,5250,情報・通信業,-,false,false,true
2304.T,1,standard,ＣＳＳホールディングス,9050,サービス業,-,false,false,true
2305.T,1,standard,スタジオアリス,9050,サービス業,TOPIX Small 2,false,false,true
2307.T,1,prime,クロスキャット,5250,情報・通信業,TOPIX Small 2,false,false,true
2311.T,1,standard,エプコ,9050,サービス業,-,false,false,true
2315.T,1,standard,ＣＡＩＣＡ　ＤＩＧＩＴＡＬ,5250,情報・通信業,-,false,false,true
2317.T,1,prime,システナ,5250,情報・通信業,TOPIX Small 1,false,false,true
2321.T,1,growth,ソフトフロントホールディングス,5250,情報・通信業,-,false,false,true
2323.T,1,standard,ｆｏｎｆｕｎ,5250,情報・通信業,-,false,false,true
2325.T,1,prime,ＮＪＳ,9050,サービス業,TOPIX Small 2,false,false,true
2326.T,1,prime,デジタルアーツ,5250,情報・通信業,TOPIX Small 1,false,false,true
2327.T,1,prime,日鉄ソリューションズ,5250,情報・通信業,TOPIX Mid400,false,false,true
2329.T,1,standard,東北新社,5250,情報・通信業,-,false,false,true
2330.T,1,standard,フォーサイド,5250,情報・通信業,-,false,false,true
2331.T,1,prime,ＡＬＳＯＫ,9050,サービス業,TOPIX Mid400,false,false,true
2332.T,1,standard,クエスト,5250,情報・通信業,-,false,false,true
2334.T,1,growth,イオレ,9050,サービス業,-,false,false,true
2335.T,1,prime,キューブシステム,5250,情報・通信業,TOPIX Small 2,false,false,true
2337.T,1,prime,いちご,8050,不動産業,TOPIX Small 1,false,false,true
2338.T,1,standard,クオンタムソリューションズ,5250,情報・通信業,-,false,false,true
2340.T,1,standard,極楽湯ホールディングス,9050,サービス業,-,false,false,true
2341.T,1,standard,アルバイトタイムス,9050,サービス業,-,false,false,true
2342.T,1,standard,トランスジェニックグループ,9050,サービス業,-,false,false,true
2344.T,1,standard,平安レイサービス,9050,サービス業,-,false,false,true
2345.T,1,standard,ＨＯＤＬ１,5250,情報・通信業,-,false,false,true
2349.T,1,standard,エヌアイデイ,5250,情報・通信業,-,false,false,true
2351.T,1,standard,ＡＳＪ,5250,情報・通信業,-,false,false,true
2353.T,1,prime,日本駐車場開発,8050,不動産業,TOPIX Small 1,false,false,true
2354.T,1,standard,ＹＥ　ＤＩＧＩＴＡＬ,5250,情報・通信業,-,false,false,true
2359.T,1,prime,コア,5250,情報・通信業,TOPIX Small 2,false,false,true
2370.T,1,growth,メディネット,9050,サービス業,-,false,false,true
2371.T,1,prime,カカクコム,9050,サービス業,TOPIX Mid400,false,false,true
2373.T,1,standard,ケア２１,9050,サービス業,-,false,false,true
2375.T,1,standard,ギグワークス,9050,サービス業,-,false,false,true
2376.T,1,standard,サイネックス,9050,サービス業,-,false,false,true
2378.T,1,prime,ルネサンス,9050,サービス業,TOPIX Small 2,false,false,true
2379.T,1,prime,ディップ,9050,サービス業,TOPIX Small 1,false,false,true
2384.T,1,prime,ＳＢＳホールディングス,5050,陸運業,TOPIX Small 1,false,false,true
2385.T,1,growth,総医研ホールディングス,9050,サービス業,-,false,false,true
2388.T,1,growth,ウェッジホールディングス,7200,その他金融業,-,false,false,true
2391.T,1,standard,プラネット,9050,サービス業,-,false,false,true
2393.T,1,standard,日本ケアサプライ,9050,サービス業,-,false,false,true
2395.T,1,prime,新日本科学,9050,サービス業,TOPIX Small 2,false,false,true
2404.T,1,standard,鉄人化ホールディングス,9050,サービス業,-,false,false,true
2408.T,1,standard,ＫＧ情報,9050,サービス業,-,false,false,true
2410.T,1,prime,キャリアデザインセンター,9050,サービス業,-,false,false,true
2411.T,1,standard,ゲンダイエージェンシー,5250,情報・通信業,-,false,false,true
2413.T,1,prime,エムスリー,9050,サービス業,TOPIX Mid400,false,false,true
2415.T,1,standard,ヒューマンホールディングス,9050,サービス業,-,false,false,true
2418.T,1,standard,ツカダ・グローバルホールディング,9050,サービス業,-,false,false,true
241A.T,1,growth,ＲＯＸＸ,5250,情報・通信業,-,false,false,true
2424.T,1,standard,ブラス,9050,サービス業,-,false,false,true
2425.T,1,standard,ケアサービス,9050,サービス業,-,false,false,true
2428.T,1,standard,ウェルネット,9050,サービス業,-,false,false,true
2429.T,1,prime,ワールドホールディングス,9050,サービス業,TOPIX Small 2,false,false,true
2432.T,1,prime,ディー・エヌ・エー,5250,情報・通信業,TOPIX Mid400,false,false,true
2433.T,1,prime,博報堂ＤＹホールディングス,9050,サービス業,TOPIX Mid400,false,false,true
2435.T,1,standard,シダー,9050,サービス業,-,false,false,true
2436.T,1,standard,共同ピーアール,9050,サービス業,-,false,false,true
2437.T,1,standard,Ｓｈｉｎｗａ　Ｗｉｓｅ　Ｈｏｌｄｉｎｇｓ,9050,サービス業,-,false,false,true
2438.T,1,growth,アスカネット,9050,サービス業,-,false,false,true
2440.T,1,standard,ぐるなび,9050,サービス業,TOPIX Small 2,false,false,true
2445.T,1,standard,タカミヤ,9050,サービス業,TOPIX Small 2,false,false,true
2449.T,1,standard,プラップジャパン,9050,サービス業,-,false,false,true
244A.T,1,growth,グロースエクスパートナーズ,5250,情報・通信業,-,false,false,true
2454.T,1,standard,オールアバウト,9050,サービス業,-,false,false,true
2459.T,1,standard,アウンコンサルティング,9050,サービス業,-,false,false,true
245A.T,1,growth,ＩＮＧＳ,6100,小売業,-,false,false,true
2461.T,1,prime,ファンコミュニケーションズ,9050,サービス業,TOPIX Small 2,false,false,true
2462.T,1,prime,ライク,9050,サービス業,TOPIX Small 2,false,false,true
2464.T,1,standard,Ａｏｂａ‐ＢＢＴ,9050,サービス業,-,false,false,true
2469.T,1,standard,ヒビノ,9050,サービス業,-,false,false,true
246A.T,1,growth,アスア,9050,サービス業,-,false,false,true
2471.T,1,prime,エスプール,9050,サービス業,TOPIX Small 2,false,false,true
2475.T,1,prime,ＷＤＢホールディングス,9050,サービス業,TOPIX Small 2,false,false,true
2477.T,1,standard,手間いらず,5250,情報・通信業,TOPIX Small 2,false,false,true
2479.T,1,standard,ジェイテック,9050,サービス業,-,false,false,true
247A.T,1,growth,Ａｉロボティクス,3200,化学,-,false,false,true
2480.T,1,standard,システム・ロケーション,5250,情報・通信業,-,false,false,true
2481.T,1,standard,タウンニュース社,9050,サービス業,-,false,false,true
2483.T,1,standard,翻訳センター,9050,サービス業,-,false,false,true
2484.T,1,standard,出前館,5250,情報・通信業,-,false,false,true
2485.T,1,standard,ティア,9050,サービス業,-,false,false,true
2488.T,1,standard,ＪＴＰ,9050,サービス業,-,false,false,true
2489.T,1,standard,アドウェイズ,9050,サービス業,TOPIX Small 2,false,false,true
248A.T,1,growth,キッズスター,5250,情報・通信業,-,false,false,true
2491.T,1,prime,バリューコマース,9050,サービス業,TOPIX Small 2,false,false,true
2492.T,1,prime,インフォマート,9050,サービス業,TOPIX Small 1,false,false,true
2493.T,1,standard,イーサポートリンク,9050,サービス業,-,false,false,true
2497.T,1,growth,ユナイテッド,9050,サービス業,-,false,false,true
2498.T,1,standard,オリエンタルコンサルタンツホールディングス,9050,サービス業,-,false,false,true
2499.T,1,standard,日本和装ホールディングス,9050,サービス業,-,false,false,true
2501.T,1,prime,サッポロホールディングス,3050,食料品,TOPIX Mid400,false,false,true
2502.T,1,prime,アサヒグループホールディングス,3050,食料品,TOPIX Large70,false,false,true
2503.T,1,prime,キリンホールディングス,3050,食料品,TOPIX Large70,false,false,true
250A.T,1,standard,シマダヤ,3050,食料品,TOPIX Small 2,false,false,true
2531.T,1,prime,宝ホールディングス,3050,食料品,TOPIX Mid400,false,false,true
2533.T,1,prime,オエノンホールディングス,3050,食料品,TOPIX Small 2,false,false,true
253A.T,1,standard,ＥＴＳグループ,2050,建設業,-,false,false,true
2540.T,1,prime,養命酒製造,3050,食料品,TOPIX Small 2,false,false,true
254A.T,1,standard,ＡＩフュージョンキャピタルグループ,7100,証券、商品先物取引業,-,false,false,true
255A.T,1,standard,ジーエルテクノホールディングス,3750,精密機器,-,false,false,true
256A.T,1,prime,飛島ホールディングス,2050,建設業,TOPIX Small 2,false,false,true
2573.T,1,standard,北海道コカ・コーラボトリング,3050,食料品,-,false,false,true
2579.T,1,prime,コカ・コーラ　ボトラーズジャパンホールディングス,3050,食料品,TOPIX Mid400,false,false,true
2585.T,1,prime,ライフドリンク　カンパニー,3050,食料品,TOPIX Small 1,false,false,true
2586.T,1,growth,フルッタフルッタ,3050,食料品,-,false,false,true
2587.T,1,prime,サントリービバレッジ＆フード,3050,食料品,TOPIX Mid400,false,false,true
2588.T,1,standard,プレミアムウォーターホールディングス,3050,食料品,-,false,false,true
2590.T,1,prime,ダイドーグループホールディングス,3050,食料品,TOPIX Small 1,false,false,true
2593.T,1,prime,伊藤園,3050,食料品,TOPIX Mid400,false,false,true
2594.T,1,prime,キーコーヒー,3050,食料品,TOPIX Small 2,false,false,true
2597.T,1,standard,ユニカフェ,3050,食料品,-,false,false,true
2602.T,1,prime,日清オイリオグループ,3050,食料品,TOPIX Small 1,false,false,true
2607.T,1,prime,不二製油,3050,食料品,TOPIX Mid400,false,false,true
2612.T,1,standard,かどや製油,3050,食料品,-,false,false,true
2613.T,1,prime,Ｊ－オイルミルズ,3050,食料品,TOPIX Small 2,false,false,true
261A.T,1,standard,日水コン,9050,サービス業,-,false,false,true
262A.T,1,prime,インターメスティック,6100,小売業,TOPIX Small 2,false,false,true
264A.T,1,growth,Ｓｃｈｏｏ,9050,サービス業,-,false,false,true
2652.T,1,standard,まんだらけ,6100,小売業,-,false,false,true
2653.T,1,standard,イオン九州,6100,小売業,-,false,false,true
2654.T,1,standard,アスモ,6100,小売業,-,false,false,true
2656.T,1,standard,ベクターホールディングス,6100,小売業,-,false,false,true
2659.T,1,prime,サンエー,6100,小売業,TOPIX Small 1,false,false,true
265A.T,1,growth,Ｈｍｃｏｍｍ,5250,情報・通信業,-,false,false,true
2664.T,1,prime,カワチ薬品,6100,小売業,TOPIX Small 1,false,false,true
2666.T,1,standard,オートウェーブ,6100,小売業,-,false,false,true
2667.T,1,standard,イメージ　ワン,6050,卸売業,-,false,false,true
2668.T,1,standard,タビオ,6050,卸売業,-,false,false,true
2669.T,1,standard,カネ美食品,6100,小売業,-,false,false,true
2670.T,1,prime,エービーシー・マート,6100,小売業,TOPIX Mid400,false,false,true
2673.T,1,standard,夢みつけ隊,6100,小売業,-,false,false,true
2674.T,1,prime,ハードオフコーポレーション,6100,小売業,TOPIX Small 2,false,false,true
2676.T,1,prime,高千穂交易,6050,卸売業,TOPIX Small 2,false,false,true
2678.T,1,prime,アスクル,6100,小売業,TOPIX Small 1,false,false,true
2681.T,1,prime,ゲオホールディングス,6100,小売業,TOPIX Small 1,false,false,true
2683.T,1,standard,魚喜,6100,小売業,-,false,false,true
2685.T,1,prime,アンドエスティＨＤ,6100,小売業,TOPIX Small 1,false,false,true
2686.T,1,standard,ジーフット,6100,小売業,-,false,false,true
2687.T,1,standard,シー・ヴイ・エス・ベイエリア,9050,サービス業,-,false,false,true
2689.T,1,standard,オルバヘルスケアホールディングス,6050,卸売業,-,false,false,true
268A.T,1,prime,リガク・ホールディングス,3750,精密機器,TOPIX Small 1,false,false,true
2692.T,1,prime,伊藤忠食品,6050,卸売業,TOPIX Small 2,false,false,true
2693.T,1,standard,ＹＫＴ,6050,卸売業,-,false,false,true
2694.T,1,standard,焼肉坂井ホールディングス,6100,小売業,-,false,false,true
2695.T,1,prime,くら寿司,6100,小売業,TOPIX Small 1,false,false,true
2698.T,1,standard,キャンドゥ,6100,小売業,TOPIX Small 2,false,false,true
269A.T,1,growth,Ｓａｐｅｅｔ,5250,情報・通信業,-,false,false,true
2700.T,1,standard,木徳神糧,6050,卸売業,-,false,false,true
2702.T,1,standard,日本マクドナルドホールディングス,6100,小売業,-,false,false,true
2705.T,1,standard,大戸屋ホールディングス,6100,小売業,-,false,false,true
2708.T,1,standard,久世,6050,卸売業,-,false,false,true
2721.T,1,standard,ジェイホールディングス,6050,卸売業,-,false,false,true
2722.T,1,standard,ＩＫホールディングス,6100,小売業,-,false,false,true
2726.T,1,prime,パルグループホールディングス,6100,小売業,TOPIX Small 1,false,false,true
2730.T,1,prime,エディオン,6100,小売業,TOPIX Small 1,false,false,true
2733.T,1,prime,あらた,6050,卸売業,TOPIX Small 1,false,false,true
2734.T,1,prime,サーラコーポレーション,6100,小売業,TOPIX Small 2,false,false,true
2735.T,1,standard,ワッツ,6100,小売業,-,false,false,true
2736.T,1,standard,フェスタリアホールディングス,6100,小売業,-,false,false,true
2737.T,1,prime,トーメンデバイス,6050,卸売業,TOPIX Small 2,false,false,true
2742.T,1,prime,ハローズ,6100,小売業,TOPIX Small 2,false,false,true
2747.T,1,standard,北雄ラッキー,6100,小売業,-,false,false,true
2749.T,1,prime,ＪＰホールディングス,9050,サービス業,TOPIX Small 1,false,false,true
274A.T,1,standard,ガーデン,6100,小売業,-,false,false,true
2750.T,1,standard,石光商事,6050,卸売業,-,false,false,true
2751.T,1,standard,テンポスホールディングス,6050,卸売業,-,false,false,true
2752.T,1,prime,フジオフードグループ本社,6100,小売業,TOPIX Small 1,false,false,true
2753.T,1,prime,あみやき亭,6100,小売業,TOPIX Small 2,false,false,true
2760.T,1,prime,東京エレクトロン　デバイス,6050,卸売業,TOPIX Small 1,false,false,true
2762.T,1,standard,ＳＡＮＫＯ　ＭＡＲＫＥＴＩＮＧ　ＦＯＯＤＳ,6100,小売業,-,false,false,true
2763.T,1,standard,エフティグループ,6050,卸売業,-,false,false,true
2764.T,1,standard,ひらまつ,6100,小売業,-,false,false,true
2767.T,1,prime,円谷フィールズホールディングス,6050,卸売業,TOPIX Small 1,false,false,true
2768.T,1,prime,双日,6050,卸売業,TOPIX Mid400,false,false,true
2769.T,1,standard,ヴィレッジヴァンガードコーポレーション,6100,小売業,-,false,false,true
276A.T,1,growth,ククレブ・アドバイザーズ,8050,不動産業,-,false,false,true
2776.T,1,standard,新都ホールディングス,6050,卸売業,-,false,false,true
2778.T,1,standard,パレモ・ホールディングス,6100,小売業,-,false,false,true
277A.T,1,prime,グロービング,9050,サービス業,-,false,false,true
2780.T,1,standard,コメ兵ホールディングス,6100,小売業,-,false,false,true
2782.T,1,standard,セリア,6100,小売業,-,false,false,true
2784.T,1,prime,アルフレッサ　ホールディングス,6050,卸売業,TOPIX Mid400,false,false,true
2788.T,1,standard,アップルインターナショナル,6050,卸売業,-,false,false,true
2789.T,1,standard,カルラ,6100,小売業,-,false,false,true
278A.T,1,growth,Ｔｅｒｒａ　Ｄｒｏｎｅ,3750,精密機器,-,false,false,true
2790.T,1,standard,ナフコ,6100,小売業,-,false,false,true
2791.T,1,prime,大黒天物産,6100,小売業,TOPIX Small 1,false,false,true
2792.T,1,prime,ハニーズホールディングス,6100,小売業,TOPIX Small 2,false,false,true
2795.T,1,standard,日本プリメックス,6050,卸売業,-,false,false,true
2796.T,1,standard,ファーマライズホールディングス,6100,小売業,-,false,false,true
2798.T,1,standard,ワイズテーブルコーポレーション,6100,小売業,-,false,false,true
2801.T,1,prime,キッコーマン,3050,食料品,TOPIX Mid400,false,false,true
2802.T,1,prime,味の素,3050,食料品,TOPIX Large70,false,false,true
2804.T,1,prime,ブルドックソース,3050,食料品,TOPIX Small 2,false,false,true
2805.T,1,standard,ヱスビー食品,3050,食料品,-,false,false,true
2806.T,1,standard,ユタカフーズ,3050,食料品,-,false,false,true
2809.T,1,prime,キユーピー,3050,食料品,TOPIX Mid400,false,false,true
280A.T,1,growth,ＴＭＨ,6050,卸売業,-,false,false,true
2810.T,1,prime,ハウス食品グループ本社,3050,食料品,TOPIX Mid400,false,false,true
2811.T,1,prime,カゴメ,3050,食料品,TOPIX Mid400,false,false,true
2813.T,1,standard,和弘食品,3050,食料品,-,false,false,true
2814.T,1,standard,佐藤食品工業,3050,食料品,-,false,false,true
2815.T,1,prime,アリアケジャパン,3050,食料品,TOPIX Small 1,false,false,true
2816.T,1,standard,ダイショー,3050,食料品,-,false,false,true
2818.T,1,standard,ピエトロ,3050,食料品,-,false,false,true
2819.T,1,standard,エバラ食品工業,3050,食料品,TOPIX Small 2,false,false,true
281A.T,1,growth,インフォメティス,5250,情報・通信業,-,false,false,true
2820.T,1,standard,やまみ,3050,食料品,-,false,false,true
2831.T,1,standard,はごろもフーズ,3050,食料品,-,false,false,true
285A.T,1,prime,キオクシアホールディングス,3650,電気機器,TOPIX Mid400,false,false,true
286A.T,1,growth,ユカリア,9050,サービス業,-,false,false,true
2871.T,1,prime,ニチレイ,3050,食料品,TOPIX Mid400,false,false,true
2872.T,1,standard,セイヒョー,3050,食料品,-,false,false,true
2874.T,1,prime,横浜冷凍,6050,卸売業,TOPIX Small 1,false,false,true
2875.T,1,prime,東洋水産,3050,食料品,TOPIX Mid400,false,false,true
2876.T,1,standard,デルソーレ,3050,食料品,-,false,false,true
2877.T,1,standard,日東ベスト,3050,食料品,-,false,false,true
287A.T,1,standard,黒田グループ,6050,卸売業,-,false,false,true
2882.T,1,prime,イートアンドホールディングス,3050,食料品,TOPIX Small 2,false,false,true
2883.T,1,standard,大冷,3050,食料品,-,false,false,true
2884.T,1,prime,ヨシムラ・フード・ホールディングス,3050,食料品,TOPIX Small 2,false,false,true
288A.T,1,growth,ラクサス・テクノロジーズ,9050,サービス業,-,false,false,true
2892.T,1,standard,日本食品化工,3050,食料品,-,false,false,true
2894.T,1,standard,石井食品,3050,食料品,-,false,false,true
2897.T,1,prime,日清食品ホールディングス,3050,食料品,TOPIX Mid400,false,false,true
2901.T,1,standard,ウェルディッシュ,3050,食料品,-,false,false,true
2903.T,1,standard,シノブフーズ,3050,食料品,-,false,false,true
2904.T,1,standard,一正蒲鉾,3050,食料品,-,false,false,true
2907.T,1,standard,あじかん,3050,食料品,-,false,false,true
2908.T,1,prime,フジッコ,3050,食料品,TOPIX Small 2,false,false,true
290A.T,1,growth,Ｓｙｎｓｐｅｃｔｉｖｅ,5250,情報・通信業,-,false,false,true
2910.T,1,prime,ロック・フィールド,3050,食料品,TOPIX Small 2,false,false,true
2911.T,1,standard,旭松食品,3050,食料品,-,false,false,true
2914.T,1,prime,日本たばこ産業,3050,食料品,TOPIX Core30,false,false,true
2915.T,1,prime,ケンコーマヨネーズ,3050,食料品,TOPIX Small 2,false,false,true
2916.T,1,standard,仙波糖化工業,3050,食料品,-,false,false,true
2917.T,1,standard,大森屋,3050,食料品,-,false,false,true
2918.T,1,prime,わらべや日洋ホールディングス,3050,食料品,TOPIX Small 1,false,false,true
291A.T,1,growth,リスキル,9050,サービス業,-,false,false,true
2922.T,1,prime,なとり,3050,食料品,TOPIX Small 2,false,false,true
2923.T,1,standard,サトウ食品,3050,食料品,-,false,false,true
2924.T,1,standard,イフジ産業,3050,食料品,-,false,false,true
2926.T,1,standard,篠崎屋,3050,食料品,-,false,false,true
2927.T,1,standard,ＡＦＣ－ＨＤアムスライフサイエンス,3050,食料品,-,false,false,true
2929.T,1,prime,ファーマフーズ,3050,食料品,TOPIX Small 2,false,false,true
2930.T,1,prime,北の達人コーポレーション,3200,化学,TOPIX Small 2,false,false,true
2931.T,1,prime,ユーグレナ,3050,食料品,TOPIX Small 1,false,false,true
2932.T,1,standard,ＳＴＩフードホールディングス,3050,食料品,-,false,false,true
2933.T,1,prime,紀文食品,3050,食料品,TOPIX Small 2,false,false,true
2934.T,1,growth,ジェイフロンティア,3050,食料品,-,false,false,true
2935.T,1,prime,ピックルスホールディングス,3050,食料品,TOPIX Small 2,false,false,true
2936.T,1,growth,ベースフード,3050,食料品,-,false,false,true
2937.T,1,growth,サンクゼール,3050,食料品,-,false,false,true
2938.T,1,standard,オカムラ食品工業,3050,食料品,-,false,false,true
2961.T,1,standard,日本調理機,3550,金属製品,-,false,false,true
2962.T,1,standard,テクニスコ,3550,金属製品,-,false,false,true
296A.T,1,growth,令和アカウンティング・ホールディングス,9050,サービス業,-,false,false,true
2970.T,1,standard,ＧＬＣ　ＧＲＯＵＰ,8050,不動産業,-,false,false,true
2975.T,1,prime,スター・マイカ・ホールディングス,8050,不動産業,TOPIX Small 2,false,false,true
2978.T,1,growth,ツクルバ,8050,不動産業,-,false,false,true
297A.T,1,standard,アルピコホールディングス,6100,小売業,-,false,false,true
2980.T,1,prime,ＳＲＥホールディングス,8050,不動産業,TOPIX Small 2,false,false,true
2981.T,1,growth,ランディックス,8050,不動産業,-,false,false,true
2982.T,1,prime,ＡＤワークスグループ,8050,不動産業,-,false,false,true
2983.T,1,growth,アールプランナー,8050,不動産業,-,false,false,true
2984.T,1,standard,ヤマイチエステート,8050,不動産業,-,false,false,true
2986.T,1,growth,ＬＡホールディングス,8050,不動産業,-,false,false,true
298A.T,1,growth,ＧＶＡ　ＴＥＣＨ,5250,情報・通信業,-,false,false,true
2991.T,1,standard,ランドネット,8050,不動産業,-,false,false,true
2993.T,1,standard,長栄,8050,不動産業,-,false,false,true
2997.T,1,growth,ストレージ王,8050,不動産業,-,false,false,true
2998.T,1,growth,クリアル,8050,不動産業,-,false,false,true
2999.T,1,standard,ホームポジション,8050,不動産業,-,false,false,true
299A.T,1,growth,クラシル,9050,サービス業,-,false,false,true
3001.T,1,standard,片倉工業,3100,繊維製品,TOPIX Small 2,false,false,true
3002.T,1,prime,グンゼ,3100,繊維製品,TOPIX Small 1,false,false,true
3003.T,1,prime,ヒューリック,8050,不動産業,TOPIX Mid400,false,false,true
3004.T,1,standard,神栄,6050,卸売業,-,false,false,true
300A.T,1,standard,ＭＩＣ,9050,サービス業,-,false,false,true
3010.T,1,standard,ポラリス・ホールディングス,9050,サービス業,-,false,false,true
3011.T,1,standard,バナーズ,6100,小売業,-,false,false,true
3020.T,1,standard,アプライド,6100,小売業,-,false,false,true
3021.T,1,standard,パシフィックネット,9050,サービス業,-,false,false,true
3023.T,1,standard,ラサ商事,6050,卸売業,TOPIX Small 2,false,false,true
3024.T,1,standard,クリエイト,6050,卸売業,-,false,false,true
3028.T,1,prime,アルペン,6100,小売業,TOPIX Small 1,false,false,true
302A.T,1,growth,ビースタイルホールディングス,9050,サービス業,-,false,false,true
3030.T,1,standard,ハブ,6100,小売業,-,false,false,true
3031.T,1,prime,ラクーンホールディングス,5250,情報・通信業,TOPIX Small 2,false,false,true
3034.T,1,prime,クオールホールディングス,6100,小売業,TOPIX Small 1,false,false,true
3035.T,1,standard,ケイティケイ,6050,卸売業,-,false,false,true
3036.T,1,prime,アルコニックス,6050,卸売業,TOPIX Small 1,false,false,true
3038.T,1,prime,神戸物産,6050,卸売業,TOPIX Mid400,false,false,true
303A.T,1,growth,ｖｉｓｕｍｏ,5250,情報・通信業,-,false,false,true
3040.T,1,prime,ソリトンシステムズ,5250,情報・通信業,TOPIX Small 2,false,false,true
3041.T,1,standard,ビューティカダンホールディングス,6050,卸売業,-,false,false,true
3042.T,1,standard,セキュアヴェイル,5250,情報・通信業,-,false,false,true
3045.T,1,standard,カワサキ,6050,卸売業,-,false,false,true
3046.T,1,prime,ジンズホールディングス,6100,小売業,TOPIX Small 1,false,false,true
3048.T,1,prime,ビックカメラ,6100,小売業,TOPIX Mid400,false,false,true
304A.T,1,growth,フォルシア,5250,情報・通信業,-,false,false,true
3050.T,1,prime,ＤＣＭホールディングス,6100,小売業,TOPIX Small 1,false,false,true
3053.T,1,standard,ペッパーフードサービス,6100,小売業,TOPIX Small 2,false,false,true
3054.T,1,standard,ハイパー,6050,卸売業,-,false,false,true
3058.T,1,standard,三洋堂ホールディングス,6100,小売業,-,false,false,true
3059.T,1,standard,ヒラキ,6100,小売業,-,false,false,true
3063.T,1,growth,ジェイグループホールディングス,6100,小売業,-,false,false,true
3064.T,1,prime,ＭｏｎｏｔａＲＯ,6100,小売業,TOPIX Mid400,false,false,true
3065.T,1,standard,ライフフーズ,6100,小売業,-,false,false,true
3067.T,1,standard,東京一番フーズ,6100,小売業,-,false,false,true
3068.T,1,standard,ＷＤＩ,6100,小売業,-,false,false,true
3069.T,1,standard,ＪＦＬＡホールディングス,3050,食料品,-,false,false,true
3070.T,1,growth,ジェリービーンズグループ,6050,卸売業,-,false,false,true
3071.T,1,standard,ストリーム,6100,小売業,-,false,false,true
3075.T,1,standard,銚子丸,6100,小売業,-,false,false,true
3076.T,1,prime,あい　ホールディングス,6050,卸売業,TOPIX Small 1,false,false,true
3077.T,1,standard,ホリイフードサービス,6100,小売業,-,false,false,true
3079.T,1,standard,ディーブイエックス,6050,卸売業,-,false,false,true
3080.T,1,standard,ジェーソン,6100,小売業,-,false,false,true
3082.T,1,standard,きちりホールディングス,6100,小売業,-,false,false,true
3083.T,1,standard,スターシーズ,6100,小売業,-,false,false,true
3086.T,1,prime,Ｊ．フロント　リテイリング,6100,小売業,TOPIX Mid400,false,false,true
3087.T,1,prime,ドトール・日レスホールディングス,6100,小売業,TOPIX Small 1,false,false,true
3088.T,1,prime,マツキヨココカラ＆カンパニー,6100,小売業,TOPIX Mid400,false,false,true
3089.T,1,standard,テクノアルファ,6050,卸売業,-,false,false,true
3091.T,1,prime,ブロンコビリー,6100,小売業,TOPIX Small 1,false,false,true
3092.T,1,prime,ＺＯＺＯ,6100,小売業,TOPIX Mid400,false,false,true
3093.T,1,prime,トレジャー・ファクトリー,6100,小売業,TOPIX Small 2,false,false,true
3096.T,1,standard,オーシャンシステム,6100,小売業,-,false,false,true
3097.T,1,prime,物語コーポレーション,6100,小売業,TOPIX Small 1,false,false,true
3099.T,1,prime,三越伊勢丹ホールディングス,6100,小売業,TOPIX Mid400,false,false,true
3101.T,1,prime,東洋紡,3200,化学,TOPIX Small 1,false,false,true
3103.T,1,standard,ユニチカ,3100,繊維製品,TOPIX Small 2,false,false,true
3104.T,1,prime,富士紡ホールディングス,3100,繊維製品,TOPIX Small 2,false,false,true
3105.T,1,prime,日清紡ホールディングス,3650,電気機器,TOPIX Mid400,false,false,true
3106.T,1,prime,倉敷紡績,3100,繊維製品,TOPIX Small 1,false,false,true
3107.T,1,prime,ダイワボウホールディングス,6050,卸売業,TOPIX Mid400,false,false,true
3109.T,1,prime,シキボウ,3100,繊維製品,TOPIX Small 2,false,false,true
3110.T,1,prime,日東紡績,3400,ガラス・土石製品,TOPIX Small 1,false,false,true
3111.T,1,standard,オーミケンシ,3100,繊維製品,-,false,false,true
3113.T,1,standard,ＵＮＩＶＡ・Ｏａｋホールディングス,7100,証券、商品先物取引業,-,false,false,true
3116.T,1,prime,トヨタ紡織,3700,輸送用機器,TOPIX Mid400,false,false,true
3121.T,1,standard,マーチャント・バンカーズ,9050,サービス業,-,false,false,true
3123.T,1,standard,サイボー,3100,繊維製品,-,false,false,true
3131.T,1,standard,シンデン・ハイテックス,6050,卸売業,-,false,false,true
3132.T,1,prime,マクニカホールディングス,6050,卸売業,TOPIX Mid400,false,false,true
3133.T,1,growth,海帆,6100,小売業,-,false,false,true
3134.T,1,standard,Ｈａｍｅｅ,6100,小売業,TOPIX Small 2,false,false,true
3135.T,1,standard,マーケットエンタープライズ,6100,小売業,-,false,false,true
3137.T,1,standard,ファンデリー,6100,小売業,-,false,false,true
3138.T,1,standard,富士山マガジンサービス,6100,小売業,-,false,false,true
3139.T,1,prime,ラクト・ジャパン,6050,卸売業,TOPIX Small 2,false,false,true
3140.T,1,growth,ＢＲＵＮＯ,6050,卸売業,-,false,false,true
3143.T,1,standard,オーウイル,6050,卸売業,-,false,false,true
3148.T,1,prime,クリエイトＳＤホールディングス,6100,小売業,TOPIX Small 1,false,false,true
3150.T,1,prime,グリムス,4050,電気・ガス業,TOPIX Small 2,false,false,true
3151.T,1,prime,バイタルケーエスケー・ホールディングス,6050,卸売業,TOPIX Small 2,false,false,true
3153.T,1,prime,八洲電機,6050,卸売業,TOPIX Small 2,false,false,true
3154.T,1,prime,メディアスホールディングス,6050,卸売業,TOPIX Small 2,false,false,true
3156.T,1,prime,レスター,6050,卸売業,TOPIX Small 2,false,false,true
3157.T,1,standard,ジオリーブグループ,6050,卸売業,-,false,false,true
3159.T,1,standard,丸善ＣＨＩホールディングス,6100,小売業,-,false,false,true
3160.T,1,standard,大光,6050,卸売業,-,false,false,true
3161.T,1,standard,アゼアス,6050,卸売業,-,false,false,true
3166.T,1,standard,ＯＣＨＩホールディングス,6050,卸売業,-,false,false,true
3167.T,1,prime,ＴＯＫＡＩホールディングス,6050,卸売業,TOPIX Small 1,false,false,true
3168.T,1,standard,ＭＥＲＦ,6050,卸売業,-,false,false,true
3169.T,1,standard,ミサワ,6100,小売業,-,false,false,true
3172.T,1,standard,ティーライフ,6100,小売業,-,false,false,true
3173.T,1,standard,Ｃｏｍｉｎｉｘ,6050,卸売業,-,false,false,true
3174.T,1,standard,ハピネス・アンド・ディ,6100,小売業,-,false,false,true
3175.T,1,standard,エー・ピーホールディングス,6100,小売業,-,false,false,true
3176.T,1,prime,三洋貿易,6050,卸売業,TOPIX Small 2,false,false,true
3177.T,1,standard,ありがとうサービス,6100,小売業,-,false,false,true
3178.T,1,standard,チムニー,6100,小売業,-,false,false,true
3179.T,1,prime,シュッピン,6100,小売業,TOPIX Small 2,false,false,true
3180.T,1,prime,ビューティガレージ,6050,卸売業,TOPIX Small 2,false,false,true
3181.T,1,standard,買取王国,6100,小売業,-,false,false,true
3182.T,1,prime,オイシックス・ラ・大地,6100,小売業,TOPIX Small 1,false,false,true
3183.T,1,prime,ウイン・パートナーズ,6050,卸売業,TOPIX Small 2,false,false,true
3184.T,1,standard,ＩＣＤＡホールディングス,6100,小売業,-,false,false,true
3185.T,1,growth,夢展望,6100,小売業,-,false,false,true
3186.T,1,prime,ネクステージ,6100,小売業,TOPIX Small 1,false,false,true
3187.T,1,growth,ミラタップ,6100,小売業,-,false,false,true
3189.T,1,standard,ＡＮＡＰホールディングス,6100,小売業,-,false,false,true
3190.T,1,standard,ホットマン,6100,小売業,-,false,false,true
3191.T,1,prime,ジョイフル本田,6100,小売業,TOPIX Small 1,false,false,true
3192.T,1,standard,白鳩,6100,小売業,-,false,false,true
3193.T,1,prime,エターナルホスピタリティグループ,6100,小売業,TOPIX Small 2,false,false,true
3195.T,1,growth,ジェネレーションパス,6100,小売業,-,false,false,true
3196.T,1,prime,ホットランドホールディングス,6100,小売業,TOPIX Small 2,false,false,true
3197.T,1,prime,すかいらーくホールディングス,6100,小売業,TOPIX Mid400,false,false,true
3198.T,1,prime,ＳＦＰホールディングス,6100,小売業,TOPIX Small 2,false,false,true
3199.T,1,prime,綿半ホールディングス,6100,小売業,TOPIX Small 2,false,false,true
319A.T,1,growth,技術承継機構,3550,金属製品,-,false,false,true
3201.T,1,prime,日本毛織,3100,繊維製品,TOPIX Small 1,false,false,true
3202.T,1,standard,ダイトウボウ,3100,繊維製品,-,false,false,true
3204.T,1,standard,トーア紡コーポレーション,3100,繊維製品,-,false,false,true
3205.T,1,standard,ダイドーリミテッド,3100,繊維製品,-,false,false,true
3221.T,1,prime,ヨシックスホールディングス,6100,小売業,TOPIX Small 2,false,false,true
3222.T,1,standard,ユナイテッド・スーパーマーケット・ホールディングス,6100,小売業,TOPIX Small 1,false,false,true
3223.T,1,standard,エスエルディー,6100,小売業,-,false,false,true
3224.T,1,growth,ゼネラル・オイスター,6100,小売業,-,false,false,true
3231.T,1,prime,野村不動産ホールディングス,8050,不動産業,TOPIX Mid400,false,false,true
3232.T,1,prime,三重交通グループホールディングス,8050,不動産業,TOPIX Small 2,false,false,true
3236.T,1,standard,プロパスト,8050,不動産業,-,false,false,true
3237.T,1,growth,イントランス,8050,不動産業,-,false,false,true
3238.T,1,standard,セントラル総合開発,8050,不動産業,-,false,false,true
323A.T,1,growth,フライヤー,5250,情報・通信業,-,false,false,true
3241.T,1,standard,ウィル,8050,不動産業,-,false,false,true
3242.T,1,standard,アーバネットコーポレーション,8050,不動産業,-,false,false,true
3245.T,1,prime,ディア・ライフ,8050,不動産業,TOPIX Small 2,false,false,true
3246.T,1,standard,コーセーアールイー,8050,不動産業,-,false,false,true
3248.T,1,standard,アールエイジ,8050,不動産業,-,false,false,true
324A.T,1,growth,ブッキングリゾート,9050,サービス業,-,false,false,true
3252.T,1,prime,地主,8050,不動産業,TOPIX Small 2,false,false,true
325A.T,1,growth,ＴＥＮＴＩＡＬ,3100,繊維製品,-,false,false,true
3261.T,1,growth,グランディーズ,8050,不動産業,-,false,false,true
3266.T,1,standard,ファンドクリエーショングループ,8050,不動産業,-,false,false,true
3267.T,1,standard,フィル・カンパニー,2050,建設業,TOPIX Small 2,false,false,true
3271.T,1,standard,ＴＨＥグローバル社,8050,不動産業,-,false,false,true
3276.T,1,prime,ＪＰＭＣ,8050,不動産業,TOPIX Small 2,false,false,true
3277.T,1,standard,サンセイランディック,8050,不動産業,-,false,false,true
3280.T,1,standard,エストラスト,8050,不動産業,-,false,false,true
3284.T,1,prime,フージャースホールディングス,8050,不動産業,TOPIX Small 2,false,false,true
3286.T,1,standard,トラストホールディングス,8050,不動産業,-,false,false,true
3288.T,1,prime,オープンハウスグループ,8050,不動産業,TOPIX Mid400,false,false,true
3289.T,1,prime,東急不動産ホールディングス,8050,不動産業,TOPIX Mid400,false,false,true
3291.T,1,prime,飯田グループホールディングス,8050,不動産業,TOPIX Mid400,false,false,true
3293.T,1,standard,アズマハウス,8050,不動産業,-,false,false,true
3294.T,1,standard,イーグランド,8050,不動産業,-,false,false,true
3297.T,1,standard,東武住販,8050,不動産業,-,false,false,true
3299.T,1,standard,ムゲンエステート,8050,不動産業,-,false,false,true
3300.T,1,growth,アンビション　ＤＸ　ホールディングス,8050,不動産業,-,false,false,true
3302.T,1,prime,帝国繊維,3100,繊維製品,TOPIX Small 2,false,false,true
3306.T,1,standard,日本製麻,6050,卸売業,-,false,false,true
330A.T,1,growth,ＴａｌｅｎｔＸ,5250,情報・通信業,-,false,false,true
3315.T,1,prime,日本コークス工業,3300,石油・石炭製品,TOPIX Small 2,false,false,true
3317.T,1,standard,フライングガーデン,6100,小売業,-,false,false,true
331A.T,1,standard,メディックス,9050,サービス業,-,false,false,true
3320.T,1,standard,クロスプラス,6050,卸売業,-,false,false,true
3321.T,1,standard,ミタチ産業,6050,卸売業,-,false,false,true
3323.T,1,standard,レカム,6050,卸売業,-,false,false,true
3326.T,1,standard,ランシステム,9050,サービス業,-,false,false,true
3329.T,1,standard,東和フードサービス,6100,小売業,-,false,false,true
332A.T,1,growth,ミーク,5250,情報・通信業,-,false,false,true
3333.T,1,prime,あさひ,6100,小売業,TOPIX Small 2,false,false,true
3349.T,1,prime,コスモス薬品,6100,小売業,TOPIX Mid400,false,false,true
334A.T,1,growth,ビジュアル・プロセッシング・ジャパン,5250,情報・通信業,-,false,false,true
3350.T,1,standard,メタプラネット,6050,卸売業,-,false,false,true
3352.T,1,standard,バッファロー,6100,小売業,-,false,false,true
3353.T,1,standard,メディカル一光グループ,6100,小売業,-,false,false,true
3355.T,1,standard,クリヤマホールディングス,6050,卸売業,-,false,false,true
3358.T,1,standard,Ｔｒａｉｌｈｅａｄ　Ｇｌｏｂａｌ　Ｈｏｌｄｉｎｇｓ,6100,小売業,-,false,false,true
3359.T,1,growth,ｃｏｔｔａ,6050,卸売業,-,false,false,true
335A.T,1,growth,ミライロ,5250,情報・通信業,-,false,false,true
3360.T,1,prime,シップヘルスケアホールディングス,6050,卸売業,TOPIX Mid400,false,false,true
3361.T,1,standard,トーエル,6100,小売業,-,false,false,true
336A.T,1,growth,ダイナミックマッププラットフォーム,5250,情報・通信業,-,false,false,true
3370.T,1,standard,フジタコーポレーション,6100,小売業,-,false,false,true
3371.T,1,prime,ソフトクリエイトホールディングス,5250,情報・通信業,TOPIX Small 2,false,false,true
3372.T,1,standard,関門海,6100,小売業,-,false,false,true
3374.T,1,standard,内外テック,6050,卸売業,-,false,false,true
3375.T,1,standard,ＺＯＡ,6100,小売業,-,false,false,true
3377.T,1,standard,バイク王＆カンパニー,6050,卸売業,-,false,false,true
3382.T,1,prime,セブン＆アイ・ホールディングス,6100,小売業,TOPIX Core30,false,false,true
3386.T,1,standard,コスモ・バイオ,6050,卸売業,-,false,false,true
3387.T,1,prime,クリエイト・レストランツ・ホールディングス,6100,小売業,TOPIX Small 1,false,false,true
3388.T,1,prime,明治電機工業,6050,卸売業,TOPIX Small 2,false,false,true
338A.T,1,growth,ＺｅｎｍｕＴｅｃｈ,5250,情報・通信業,-,false,false,true
3391.T,1,prime,ツルハホールディングス,6100,小売業,TOPIX Mid400,false,false,true
3392.T,1,standard,デリカフーズホールディングス,6050,卸売業,-,false,false,true
3393.T,1,prime,スターティアホールディングス,6050,卸売業,-,false,false,true
3395.T,1,prime,サンマルクホールディングス,6100,小売業,TOPIX Small 1,false,false,true
3396.T,1,standard,フェリシモ,6100,小売業,-,false,false,true
3397.T,1,prime,トリドールホールディングス,6100,小売業,TOPIX Mid400,false,false,true
3399.T,1,standard,丸千代山岡家,6100,小売業,-,false,false,true
339A.T,1,growth,プログレス・テクノロジーズ　グループ,9050,サービス業,-,false,false,true
3401.T,1,prime,帝人,3100,繊維製品,TOPIX Mid400,false,false,true
3402.T,1,prime,東レ,3100,繊維製品,TOPIX Mid400,false,false,true
3405.T,1,prime,クラレ,3200,化学,TOPIX Mid400,false,false,true
3407.T,1,prime,旭化成,3200,化学,TOPIX Large70,false,false,true
3409.T,1,standard,北紡,3100,繊維製品,-,false,false,true
340A.T,1,growth,ジグザグ,5250,情報・通信業,-,false,false,true
3415.T,1,prime,ＴＯＫＹＯ　ＢＡＳＥ,6100,小売業,TOPIX Small 2,false,false,true
3416.T,1,standard,ピクスタ,6100,小売業,-,false,false,true
3417.T,1,standard,大木ヘルスケアホールディングス,6050,卸売業,-,false,false,true
3418.T,1,growth,バルニバービ,6100,小売業,-,false,false,true
341A.T,1,growth,トヨコー,2050,建設業,-,false,false,true
3420.T,1,standard,ケー・エフ・シー,3550,金属製品,-,false,false,true
3421.T,1,standard,稲葉製作所,3550,金属製品,TOPIX Small 2,false,false,true
3422.T,1,standard,Ｊ－ＭＡＸ,3550,金属製品,-,false,false,true
3423.T,1,standard,エスイー,3550,金属製品,-,false,false,true
3426.T,1,standard,アトムリビンテック,3550,金属製品,-,false,false,true
3431.T,1,prime,宮地エンジニアリンググループ,3550,金属製品,TOPIX Small 1,false,false,true
3433.T,1,prime,トーカロ,3550,金属製品,TOPIX Small 1,false,false,true
3434.T,1,standard,アルファＣｏ,3550,金属製品,-,false,false,true
3435.T,1,standard,サンコーテクノ,3550,金属製品,-,false,false,true
3436.T,1,prime,ＳＵＭＣＯ,3550,金属製品,TOPIX Mid400,false,false,true
3437.T,1,standard,特殊電極,3550,金属製品,-,false,false,true
3439.T,1,standard,三ツ知,3550,金属製品,-,false,false,true
343A.T,1,standard,ＩＡＣＥトラベル,9050,サービス業,-,false,false,true
3440.T,1,standard,日創グループ,3550,金属製品,-,false,false,true
3441.T,1,standard,山王,3550,金属製品,-,false,false,true
3443.T,1,prime,川田テクノロジーズ,3550,金属製品,TOPIX Small 2,false,false,true
3444.T,1,standard,菊池製作所,3550,金属製品,-,false,false,true
3445.T,1,prime,ＲＳ　Ｔｅｃｈｎｏｌｏｇｉｅｓ,3550,金属製品,TOPIX Small 1,false,false,true
3446.T,1,standard,ジェイテックコーポレーション,3550,金属製品,-,false,false,true
3447.T,1,standard,信和,3550,金属製品,-,false,false,true
3449.T,1,standard,テクノフレックス,3550,金属製品,-,false,false,true
3452.T,1,standard,ビーロット,8050,不動産業,-,false,false,true
3454.T,1,standard,ファーストブラザーズ,8050,不動産業,-,false,false,true
3457.T,1,prime,Ａｎｄ　Ｄｏホールディングス,8050,不動産業,TOPIX Small 2,false,false,true
3461.T,1,standard,パルマ,8050,不動産業,-,false,false,true
3465.T,1,prime,ケイアイスター不動産,8050,不動産業,TOPIX Small 1,false,false,true
3467.T,1,standard,アグレ都市デザイン,8050,不動産業,-,false,false,true
3469.T,1,standard,デュアルタップ,8050,不動産業,-,false,false,true
3474.T,1,growth,Ｇ－ＦＡＣＴＯＲＹ,8050,不動産業,-,false,false,true
3475.T,1,prime,グッドコムアセット,8050,不動産業,TOPIX Small 2,false,false,true
3477.T,1,growth,フォーライフ,8050,不動産業,-,false,false,true
3479.T,1,growth,ティーケーピー,8050,不動産業,-,false,false,true
3480.T,1,prime,ジェイ・エス・ビー,8050,不動産業,TOPIX Small 2,false,false,true
3482.T,1,prime,ロードスターキャピタル,8050,不動産業,TOPIX Small 2,false,false,true
3484.T,1,standard,イノベーションホールディングス,8050,不動産業,-,false,false,true
3486.T,1,prime,グローバル・リンク・マネジメント,8050,不動産業,-,false,false,true
3489.T,1,standard,フェイスネットワーク,8050,不動産業,-,false,false,true
3490.T,1,standard,アズ企画設計,8050,不動産業,-,false,false,true
3491.T,1,growth,ＧＡ　ｔｅｃｈｎｏｌｏｇｉｅｓ,8050,不動産業,-,false,false,true
3494.T,1,standard,マリオン,8050,不動産業,-,false,false,true
3495.T,1,standard,香陵住販,8050,不動産業,-,false,false,true
3496.T,1,prime,アズーム,8050,不動産業,TOPIX Small 2,false,false,true
3498.T,1,prime,霞ヶ関キャピタル,8050,不動産業,TOPIX Small 1,false,false,true
3501.T,1,prime,ＳＵＭＩＮＯＥ,3100,繊維製品,-,false,false,true
350A.T,1,growth,デジタルグリッド,4050,電気・ガス業,-,false,false,true
3512.T,1,standard,日本フエルト,3100,繊維製品,-,false,false,true
3513.T,1,standard,イチカワ,3100,繊維製品,-,false,false,true
3521.T,1,standard,テルマー湯ホールディングス,9050,サービス業,-,false,false,true
3524.T,1,standard,日東製網,3100,繊維製品,-,false,false,true
3529.T,1,standard,アツギ,3100,繊維製品,-,false,false,true
352A.T,1,growth,ＬＯＩＶＥ,9050,サービス業,-,false,false,true
3536.T,1,standard,アクサスホールディングス,6100,小売業,-,false,false,true
3537.T,1,standard,昭栄薬品,6050,卸売業,-,false,false,true
3538.T,1,standard,ウイルプラスホールディングス,6100,小売業,-,false,false,true
3539.T,1,prime,ＪＭホールディングス,6100,小売業,TOPIX Small 2,false,false,true
3542.T,1,growth,ベガコーポレーション,6100,小売業,-,false,false,true
3543.T,1,prime,コメダホールディングス,6050,卸売業,TOPIX Small 1,false,false,true
3544.T,1,standard,サツドラホールディングス,6100,小売業,-,false,false,true
3546.T,1,prime,アレンザホールディングス,6100,小売業,TOPIX Small 2,false,false,true
3547.T,1,standard,ユニシアホールディングス,6100,小売業,TOPIX Small 2,false,false,true
3548.T,1,prime,バロックジャパンリミテッド,6100,小売業,TOPIX Small 2,false,false,true
3549.T,1,prime,クスリのアオキホールディングス,6100,小売業,TOPIX Mid400,false,false,true
3550.T,1,growth,スタジオアタオ,6100,小売業,-,false,false,true
3551.T,1,standard,ダイニック,3100,繊維製品,-,false,false,true
3553.T,1,standard,共和レザー,3200,化学,-,false,false,true
3556.T,1,growth,リネットジャパングループ,6100,小売業,-,false,false,true
3557.T,1,growth,ユナイテッド＆コレクティブ,6100,小売業,-,false,false,true
3558.T,1,growth,ジェイドグループ,6100,小売業,-,false,false,true
3559.T,1,standard,ピーバンドットコム,6050,卸売業,-,false,false,true
3560.T,1,standard,ほぼ日,6100,小売業,-,false,false,true
3561.T,1,prime,力の源ホールディングス,6100,小売業,TOPIX Small 2,false,false,true
3562.T,1,standard,Ｎｏ．１,6050,卸売業,-,false,false,true
3563.T,1,prime,ＦＯＯＤ　＆　ＬＩＦＥ　ＣＯＭＰＡＮＩＥＳ,6100,小売業,TOPIX Mid400,false,false,true
3565.T,1,standard,アセンテック,6050,卸売業,TOPIX Small 2,false,false,true
3566.T,1,growth,ユニフォームネクスト,6100,小売業,-,false,false,true
3569.T,1,prime,セーレン,3100,繊維製品,TOPIX Small 1,false,false,true
3571.T,1,standard,ソトー,3100,繊維製品,-,false,false,true
3577.T,1,standard,東海染工,3100,繊維製品,-,false,false,true
3580.T,1,prime,小松マテーレ,3100,繊維製品,TOPIX Small 2,false,false,true
3583.T,1,standard,オーベクス,3100,繊維製品,-,false,false,true
3591.T,1,prime,ワコールホールディングス,3100,繊維製品,TOPIX Mid400,false,false,true
3593.T,1,prime,ホギメディカル,3100,繊維製品,TOPIX Small 1,false,false,true
3597.T,1,standard,自重堂,3100,繊維製品,-,false,false,true
3598.T,1,standard,山喜,3100,繊維製品,-,false,false,true
3600.T,1,standard,フジックス,3100,繊維製品,-,false,false,true
3607.T,1,standard,クラウディアホールディングス,3100,繊維製品,-,false,false,true
3608.T,1,prime,ＴＳＩホールディングス,3100,繊維製品,TOPIX Small 1,false,false,true
3611.T,1,standard,マツオカコーポレーション,3100,繊維製品,-,false,false,true
3612.T,1,prime,ワールド,3100,繊維製品,TOPIX Small 1,false,false,true
3622.T,1,standard,ネットイヤーグループ,5250,情報・通信業,-,false,false,true
3623.T,1,growth,ビリングシステム,5250,情報・通信業,-,false,false,true
3624.T,1,growth,アクセルマーク,5250,情報・通信業,-,false,false,true
3625.T,1,growth,テックファームホールディングス,5250,情報・通信業,-,false,false,true
3626.T,1,prime,ＴＩＳ,5250,情報・通信業,TOPIX Mid400,false,false,true
3627.T,1,standard,テクミラホールディングス,5250,情報・通信業,-,false,false,true
3628.T,1,growth,データホライゾン,5250,情報・通信業,-,false,false,true
3632.T,1,prime,グリーホールディングス,5250,情報・通信業,TOPIX Small 2,false,false,true
3633.T,1,standard,ＧＭＯペパボ,5250,情報・通信業,TOPIX Small 2,false,false,true
3634.T,1,standard,ソケッツ,5250,情報・通信業,-,false,false,true
3635.T,1,prime,コーエーテクモホールディングス,5250,情報・通信業,TOPIX Mid400,false,false,true
3636.T,1,prime,三菱総合研究所,5250,情報・通信業,TOPIX Small 1,false,false,true
3639.T,1,standard,ボルテージ,5250,情報・通信業,-,false,false,true
3640.T,1,standard,電算,5250,情報・通信業,-,false,false,true
3641.T,1,standard,パピレス,5250,情報・通信業,-,false,false,true
3645.T,1,growth,メディカルネット,5250,情報・通信業,-,false,false,true
3646.T,1,standard,駅探,5250,情報・通信業,-,false,false,true
3647.T,1,standard,アスリナ,5250,情報・通信業,-,false,false,true
3648.T,1,standard,ＡＧＳ,5250,情報・通信業,-,false,false,true
3649.T,1,prime,ファインデックス,5250,情報・通信業,TOPIX Small 2,false,false,true
3652.T,1,growth,ディジタルメディアプロフェッショナル,5250,情報・通信業,-,false,false,true
3653.T,1,growth,モルフォ,5250,情報・通信業,-,false,false,true
3656.T,1,prime,ＫＬａｂ,5250,情報・通信業,TOPIX Small 2,false,false,true
3657.T,1,prime,ポールトゥウィンホールディングス,5250,情報・通信業,TOPIX Small 2,false,false,true
3659.T,1,prime,ネクソン,5250,情報・通信業,TOPIX Mid400,false,false,true
365A.T,1,standard,伊澤タオル,3100,繊維製品,-,false,false,true
3660.T,1,prime,アイスタイル,5250,情報・通信業,TOPIX Small 1,false,false,true
3661.T,1,prime,エムアップホールディングス,5250,情報・通信業,TOPIX Small 1,false,false,true
3662.T,1,prime,エイチームホールディングス,5250,情報・通信業,TOPIX Small 2,false,false,true
3663.T,1,prime,セルシス,5250,情報・通信業,TOPIX Small 2,false,false,true
3664.T,1,growth,ＷＩＺＥ,5250,情報・通信業,-,false,false,true
3665.T,1,prime,エニグモ,5250,情報・通信業,TOPIX Small 2,false,false,true
3667.T,1,standard,ｅｎｉｓｈ,5250,情報・通信業,-,false,false,true
3668.T,1,prime,コロプラ,5250,情報・通信業,TOPIX Small 1,false,false,true
366A.T,1,growth,ウェルネス・コミュニケーションズ,9050,サービス業,-,false,false,true
3670.T,1,standard,協立情報通信,5250,情報・通信業,-,false,false,true
3671.T,1,standard,ソフトマックス,5250,情報・通信業,-,false,false,true
3672.T,1,standard,オルトプラス,5250,情報・通信業,-,false,false,true
3673.T,1,prime,ブロードリーフ,5250,情報・通信業,TOPIX Small 1,false,false,true
3674.T,1,growth,オークファン,5250,情報・通信業,-,false,false,true
3675.T,1,standard,クロス・マーケティンググループ,5250,情報・通信業,-,false,false,true
3676.T,1,prime,デジタルハーツホールディングス,5250,情報・通信業,TOPIX Small 2,false,false,true
3678.T,1,prime,メディアドゥ,5250,情報・通信業,TOPIX Small 2,false,false,true
3679.T,1,prime,じげん,5250,情報・通信業,TOPIX Small 2,false,false,true
367A.T,1,standard,プリモグローバルホールディングス,6100,小売業,-,false,false,true
3680.T,1,growth,ホットリンク,5250,情報・通信業,-,false,false,true
3681.T,1,prime,ブイキューブ,5250,情報・通信業,TOPIX Small 2,false,false,true
3682.T,1,standard,エンカレッジ・テクノロジ,5250,情報・通信業,-,false,false,true
3683.T,1,standard,サイバーリンクス,5250,情報・通信業,-,false,false,true
3686.T,1,standard,ディー・エル・イー,5250,情報・通信業,-,false,false,true
3687.T,1,prime,フィックスターズ,5250,情報・通信業,TOPIX Small 2,false,false,true
368A.T,1,prime,北里コーポレーション,3750,精密機器,TOPIX Small 2,false,false,true
3690.T,1,standard,イルグルム,5250,情報・通信業,-,false,false,true
3691.T,1,growth,デジタルプラス,5250,情報・通信業,-,false,false,true
3692.T,1,growth,ＦＦＲＩセキュリティ,5250,情報・通信業,-,false,false,true
3694.T,1,prime,オプティム,5250,情報・通信業,TOPIX Small 2,false,false,true
3695.T,1,growth,ＧＭＯプロダクトプラットフォーム,5250,情報・通信業,-,false,false,true
3696.T,1,prime,セレス,5250,情報・通信業,TOPIX Small 2,false,false,true
3697.T,1,prime,ＳＨＩＦＴ,5250,情報・通信業,TOPIX Mid400,false,false,true
3698.T,1,standard,ＣＲＩ・ミドルウェア,5250,情報・通信業,-,false,false,true
369A.T,1,growth,エータイ,9050,サービス業,-,false,false,true
3708.T,1,prime,特種東海製紙,3150,パルプ・紙,TOPIX Small 2,false,false,true
3710.T,1,standard,ジョルダン,5250,情報・通信業,-,false,false,true
3712.T,1,standard,情報企画,5250,情報・通信業,-,false,false,true
3719.T,1,standard,ＡＩストーム,5250,情報・通信業,-,false,false,true
3723.T,1,growth,日本ファルコム,5250,情報・通信業,-,false,false,true
3726.T,1,standard,フォーシーズＨＤ,6100,小売業,-,false,false,true
3727.T,1,growth,アプリックス,5250,情報・通信業,-,false,false,true
372A.T,1,standard,レント,9050,サービス業,-,false,false,true
3733.T,1,standard,ソフトウェア・サービス,5250,情報・通信業,-,false,false,true
373A.T,1,growth,リップス,3200,化学,-,false,false,true
3741.T,1,prime,セック,5250,情報・通信業,TOPIX Small 2,false,false,true
3744.T,1,standard,サイオス,5250,情報・通信業,-,false,false,true
3747.T,1,standard,インタートレード,5250,情報・通信業,-,false,false,true
3750.T,1,standard,ＡＤＲ１２０Ｓ,5250,情報・通信業,-,false,false,true
3753.T,1,standard,フライトソリューションズ,5250,情報・通信業,-,false,false,true
3758.T,1,standard,アエリア,5250,情報・通信業,-,false,false,true
3760.T,1,standard,ケイブ,5250,情報・通信業,-,false,false,true
3762.T,1,prime,テクマトリックス,5250,情報・通信業,TOPIX Small 1,false,false,true
3763.T,1,prime,プロシップ,5250,情報・通信業,TOPIX Small 2,false,false,true
3765.T,1,prime,ガンホー・オンライン・エンターテイメント,5250,情報・通信業,TOPIX Small 1,false,false,true
3766.T,1,standard,システムズ・デザイン,5250,情報・通信業,-,false,false,true
3768.T,1,standard,リスクモンスター,5250,情報・通信業,-,false,false,true
3769.T,1,prime,ＧＭＯペイメントゲートウェイ,5250,情報・通信業,TOPIX Mid400,false,false,true
3771.T,1,prime,システムリサーチ,5250,情報・通信業,TOPIX Small 2,false,false,true
3772.T,1,standard,ウェルス・マネジメント,8050,不動産業,-,false,false,true
3773.T,1,growth,アドバンスト・メディア,5250,情報・通信業,-,false,false,true
3774.T,1,prime,インターネットイニシアティブ,5250,情報・通信業,TOPIX Mid400,false,false,true
3776.T,1,standard,ブロードバンドタワー,5250,情報・通信業,-,false,false,true
3777.T,1,growth,環境フレンドリーホールディングス,5250,情報・通信業,-,false,false,true
3778.T,1,prime,さくらインターネット,5250,情報・通信業,TOPIX Small 1,false,false,true
3779.T,1,standard,ジェイ・エスコムホールディングス,5250,情報・通信業,-,false,false,true
3787.T,1,standard,テクノマセマティカル,5250,情報・通信業,-,false,false,true
3788.T,1,prime,ＧＭＯグローバルサイン・ホールディングス,5250,情報・通信業,TOPIX Small 2,false,false,true
378A.T,1,growth,ヒット,9050,サービス業,-,false,false,true
3791.T,1,standard,ＩＧポート,5250,情報・通信業,-,false,false,true
3793.T,1,growth,ドリコム,5250,情報・通信業,-,false,false,true
3796.T,1,standard,いい生活,5250,情報・通信業,-,false,false,true
3798.T,1,standard,ＵＬＳグループ,5250,情報・通信業,-,false,false,true
3799.T,1,standard,キーウェアソリューションズ,5250,情報・通信業,-,false,false,true
3800.T,1,standard,ユニリタ,5250,情報・通信業,-,false,false,true
3802.T,1,standard,エコミック,5250,情報・通信業,-,false,false,true
3803.T,1,growth,イメージ情報開発,5250,情報・通信業,-,false,false,true
3804.T,1,standard,システム　ディ,5250,情報・通信業,-,false,false,true
3807.T,1,growth,フィスコ,5250,情報・通信業,-,false,false,true
3810.T,1,standard,サイバーステップホールディングス,5250,情報・通信業,-,false,false,true
3815.T,1,growth,メディア工房,5250,情報・通信業,-,false,false,true
3816.T,1,standard,大和コンピューター,5250,情報・通信業,-,false,false,true
3817.T,1,prime,ＳＲＡホールディングス,5250,情報・通信業,TOPIX Small 2,false,false,true
3823.T,1,standard,ＴＨＥ　ＷＨＹ　ＨＯＷ　ＤＯ　ＣＯＭＰＡＮＹ,5250,情報・通信業,-,false,false,true
3825.T,1,standard,リミックスポイント,6100,小売業,-,false,false,true
3826.T,1,standard,システムインテグレータ,5250,情報・通信業,-,false,false,true
3834.T,1,prime,朝日ネット,5250,情報・通信業,TOPIX Small 2,false,false,true
3835.T,1,prime,ｅＢＡＳＥ,5250,情報・通信業,TOPIX Small 2,false,false,true
3836.T,1,prime,アバントグループ,5250,情報・通信業,TOPIX Small 2,false,false,true
3837.T,1,prime,アドソル日進,5250,情報・通信業,TOPIX Small 2,false,false,true
3839.T,1,standard,ＯＤＫソリューションズ,5250,情報・通信業,-,false,false,true
3840.T,1,standard,パス,5250,情報・通信業,-,false,false,true
3841.T,1,standard,ジーダット,5250,情報・通信業,-,false,false,true
3842.T,1,standard,ネクストジェン,5250,情報・通信業,-,false,false,true
3843.T,1,prime,フリービット,5250,情報・通信業,TOPIX Small 2,false,false,true
3844.T,1,prime,コムチュア,5250,情報・通信業,TOPIX Small 1,false,false,true
3845.T,1,standard,アイフリークモバイル,5250,情報・通信業,-,false,false,true
3848.T,1,standard,データ・アプリケーション,5250,情報・通信業,-,false,false,true
3850.T,1,standard,エヌ・ティ・ティ・データ・イントラマート,5250,情報・通信業,-,false,false,true
3851.T,1,standard,日本一ソフトウェア,5250,情報・通信業,-,false,false,true
3853.T,1,prime,アステリア,5250,情報・通信業,TOPIX Small 2,false,false,true
3854.T,1,prime,アイル,5250,情報・通信業,TOPIX Small 2,false,false,true
3856.T,1,standard,Ａｂａｌａｎｃｅ,3650,電気機器,-,false,false,true
3858.T,1,standard,ユビキタスＡＩ,5250,情報・通信業,-,false,false,true
3861.T,1,prime,王子ホールディングス,3150,パルプ・紙,TOPIX Mid400,false,false,true
3863.T,1,prime,日本製紙,3150,パルプ・紙,TOPIX Small 1,false,false,true
3864.T,1,prime,三菱製紙,3150,パルプ・紙,-,false,false,true
3865.T,1,prime,北越コーポレーション,3150,パルプ・紙,TOPIX Small 1,false,false,true
386A.T,1,standard,みのや,6100,小売業,-,false,false,true
3877.T,1,prime,中越パルプ工業,3150,パルプ・紙,-,false,false,true
3878.T,1,standard,巴川コーポレーション,3200,化学,-,false,false,true
387A.T,1,growth,フラー,5250,情報・通信業,-,false,false,true
3880.T,1,prime,大王製紙,3150,パルプ・紙,TOPIX Small 1,false,false,true
3891.T,1,standard,ニッポン高度紙工業,3150,パルプ・紙,-,false,false,true
3892.T,1,standard,岡山製紙,3150,パルプ・紙,-,false,false,true
3895.T,1,standard,ハビックス,3150,パルプ・紙,-,false,false,true
3896.T,1,standard,阿波製紙,3150,パルプ・紙,-,false,false,true
3900.T,1,growth,クラウドワークス,5250,情報・通信業,-,false,false,true
3901.T,1,prime,マークラインズ,5250,情報・通信業,TOPIX Small 2,false,false,true
3903.T,1,prime,ｇｕｍｉ,5250,情報・通信業,TOPIX Small 2,false,false,true
3904.T,1,growth,カヤック,5250,情報・通信業,-,false,false,true
3905.T,1,growth,データセクション,5250,情報・通信業,-,false,false,true
3907.T,1,standard,シリコンスタジオ,5250,情報・通信業,-,false,false,true
3908.T,1,standard,コラボス,5250,情報・通信業,-,false,false,true
3909.T,1,standard,ショーケース,5250,情報・通信業,-,false,false,true
3910.T,1,standard,エムケイシステム,5250,情報・通信業,-,false,false,true
3911.T,1,growth,Ａｉｍｉｎｇ,5250,情報・通信業,-,false,false,true
3912.T,1,standard,モバイルファクトリー,5250,情報・通信業,-,false,false,true
3913.T,1,standard,ＧｒｅｅｎＢｅｅ,5250,情報・通信業,-,false,false,true
3914.T,1,growth,ＪＩＧ－ＳＡＷ,5250,情報・通信業,-,false,false,true
3915.T,1,prime,テラスカイ,5250,情報・通信業,TOPIX Small 2,false,false,true
3916.T,1,prime,デジタル・インフォメーション・テクノロジー,5250,情報・通信業,TOPIX Small 2,false,false,true
3917.T,1,growth,アイリッジ,5250,情報・通信業,-,false,false,true
3918.T,1,standard,ＰＣＩホールディングス,5250,情報・通信業,-,false,false,true
3920.T,1,standard,アイビーシー,5250,情報・通信業,-,false,false,true
3921.T,1,prime,ネオジャパン,5250,情報・通信業,TOPIX Small 2,false,false,true
3922.T,1,prime,ＰＲ　ＴＩＭＥＳ,5250,情報・通信業,TOPIX Small 2,false,false,true
3923.T,1,prime,ラクス,5250,情報・通信業,TOPIX Mid400,false,false,true
3925.T,1,prime,ダブルスタンダード,5250,情報・通信業,TOPIX Small 2,false,false,true
3926.T,1,standard,オープンドア,5250,情報・通信業,TOPIX Small 2,false,false,true
3927.T,1,standard,フーバーブレイン,5250,情報・通信業,-,false,false,true
3928.T,1,standard,マイネット,5250,情報・通信業,-,false,false,true
3929.T,1,growth,ソーシャルワイヤー,5250,情報・通信業,-,false,false,true
3930.T,1,growth,はてな,5250,情報・通信業,-,false,false,true
3931.T,1,growth,バリューゴルフ,5250,情報・通信業,-,false,false,true
3932.T,1,prime,アカツキ,5250,情報・通信業,TOPIX Small 2,false,false,true
3933.T,1,standard,チエル,5250,情報・通信業,-,false,false,true
3934.T,1,standard,ベネフィットジャパン,5250,情報・通信業,-,false,false,true
3935.T,1,standard,エディア,5250,情報・通信業,-,false,false,true
3936.T,1,growth,グローバルウェイ,5250,情報・通信業,-,false,false,true
3937.T,1,standard,Ｕｂｉｃｏｍホールディングス,5250,情報・通信業,TOPIX Small 2,false,false,true
3939.T,1,prime,カナミックネットワーク,5250,情報・通信業,TOPIX Small 2,false,false,true
3940.T,1,standard,ノムラシステムコーポレーション,5250,情報・通信業,-,false,false,true
3941.T,1,prime,レンゴー,3150,パルプ・紙,TOPIX Mid400,false,false,true
3943.T,1,standard,大石産業,3150,パルプ・紙,-,false,false,true
3944.T,1,standard,古林紙工,3150,パルプ・紙,-,false,false,true
3945.T,1,standard,スーパーバッグ,3150,パルプ・紙,-,false,false,true
3946.T,1,prime,トーモク,3150,パルプ・紙,TOPIX Small 2,false,false,true
3947.T,1,standard,ダイナパック,3150,パルプ・紙,-,false,false,true
3948.T,1,standard,光ビジネスフォーム,3150,パルプ・紙,-,false,false,true
3950.T,1,prime,ザ・パック,3150,パルプ・紙,TOPIX Small 2,false,false,true
3951.T,1,standard,朝日印刷,3150,パルプ・紙,-,false,false,true
3953.T,1,standard,大村紙業,3150,パルプ・紙,-,false,false,true
3954.T,1,standard,昭和パックス,3150,パルプ・紙,-,false,false,true
3955.T,1,standard,イムラ,3150,パルプ・紙,-,false,false,true
3958.T,1,standard,笹徳印刷,3150,パルプ・紙,-,false,false,true
3962.T,1,prime,チェンジホールディングス,5250,情報・通信業,TOPIX Small 1,false,false,true
3963.T,1,prime,シンクロ・フード,5250,情報・通信業,-,false,false,true
3964.T,1,prime,オークネット,5250,情報・通信業,TOPIX Small 2,false,false,true
3965.T,1,standard,キャピタル・アセット・プランニング,5250,情報・通信業,-,false,false,true
3967.T,1,growth,エルテス,5250,情報・通信業,-,false,false,true
3968.T,1,prime,セグエグループ,5250,情報・通信業,-,false,false,true
3969.T,1,standard,エイトレッド,5250,情報・通信業,-,false,false,true
3970.T,1,growth,イノベーション,5250,情報・通信業,-,false,false,true
3974.T,1,standard,ＳＣＡＴ,5250,情報・通信業,-,false,false,true
3976.T,1,growth,シャノン,5250,情報・通信業,-,false,false,true
3979.T,1,growth,うるる,5250,情報・通信業,-,false,false,true
3981.T,1,standard,ビーグリー,5250,情報・通信業,-,false,false,true
3983.T,1,prime,オロ,5250,情報・通信業,TOPIX Small 2,false,false,true
3984.T,1,prime,ユーザーローカル,5250,情報・通信業,TOPIX Small 2,false,false,true
3985.T,1,standard,テモナ,5250,情報・通信業,-,false,false,true
3986.T,1,standard,ビーブレイクシステムズ,5250,情報・通信業,-,false,false,true
3987.T,1,growth,エコモット,5250,情報・通信業,-,false,false,true
3988.T,1,standard,ＳＹＳホールディングス,5250,情報・通信業,-,false,false,true
3989.T,1,growth,シェアリングテクノロジー,5250,情報・通信業,-,false,false,true
3991.T,1,growth,ウォンテッドリー,5250,情報・通信業,-,false,false,true
3992.T,1,prime,ニーズウェル,5250,情報・通信業,-,false,false,true
3993.T,1,prime,ＰＫＳＨＡ　Ｔｅｃｈｎｏｌｏｇｙ,5250,情報・通信業,TOPIX Small 1,false,false,true
3994.T,1,prime,マネーフォワード,5250,情報・通信業,TOPIX Mid400,false,false,true
3996.T,1,standard,サインポスト,5250,情報・通信業,-,false,false,true
3997.T,1,standard,トレードワークス,5250,情報・通信業,-,false,false,true
3998.T,1,growth,すららネット,5250,情報・通信業,-,false,false,true
4004.T,1,prime,レゾナック・ホールディングス,3200,化学,TOPIX Mid400,false,false,true
4005.T,1,prime,住友化学,3200,化学,TOPIX Mid400,false,false,true
4008.T,1,prime,住友精化,3200,化学,TOPIX Small 1,false,false,true
4011.T,1,growth,ヘッドウォータース,5250,情報・通信業,-,false,false,true
4012.T,1,standard,アクシス,5250,情報・通信業,-,false,false,true
4013.T,1,growth,勤次郎,5250,情報・通信業,-,false,false,true
4014.T,1,growth,カラダノート,5250,情報・通信業,-,false,false,true
4015.T,1,growth,ペイクラウドホールディングス,5250,情報・通信業,-,false,false,true
4016.T,1,standard,ＭＩＴホールディングス,5250,情報・通信業,-,false,false,true
4017.T,1,growth,クリーマ,5250,情報・通信業,-,false,false,true
4019.T,1,growth,スタメン,5250,情報・通信業,-,false,false,true
4020.T,1,growth,ビートレンド,5250,情報・通信業,-,false,false,true
4021.T,1,prime,日産化学,3200,化学,TOPIX Mid400,false,false,true
4022.T,1,prime,ラサ工業,3200,化学,TOPIX Small 2,false,false,true
4023.T,1,prime,クレハ,3200,化学,TOPIX Small 1,false,false,true
4025.T,1,prime,多木化学,3200,化学,TOPIX Small 2,false,false,true
4026.T,1,standard,神島化学工業,3400,ガラス・土石製品,-,false,false,true
4027.T,1,prime,テイカ,3200,化学,TOPIX Small 2,false,false,true
4028.T,1,prime,石原産業,3200,化学,TOPIX Small 1,false,false,true
402A.T,1,growth,アクセルスペースホールディングス,3700,輸送用機器,-,false,false,true
4031.T,1,standard,片倉コープアグリ,3200,化学,-,false,false,true
4040.T,1,standard,南海化学,3200,化学,-,false,false,true
4041.T,1,prime,日本曹達,3200,化学,TOPIX Small 1,false,false,true
4042.T,1,prime,東ソー,3200,化学,TOPIX Mid400,false,false,true
4043.T,1,prime,トクヤマ,3200,化学,TOPIX Mid400,false,false,true
4044.T,1,prime,セントラル硝子,3200,化学,TOPIX Small 1,false,false,true
4045.T,1,prime,東亞合成,3200,化学,TOPIX Mid400,false,false,true
4046.T,1,prime,大阪ソーダ,3200,化学,TOPIX Small 1,false,false,true
4047.T,1,prime,関東電化工業,3200,化学,TOPIX Small 1,false,false,true
4051.T,1,prime,ＧＭＯフィナンシャルゲート,5250,情報・通信業,TOPIX Small 2,false,false,true
4052.T,1,growth,フィーチャ,5250,情報・通信業,-,false,false,true
4053.T,1,prime,Ｓｕｎ　Ａｓｔｅｒｉｓｋ,5250,情報・通信業,TOPIX Small 2,false,false,true
4054.T,1,growth,日本情報クリエイト,5250,情報・通信業,-,false,false,true
4055.T,1,growth,ティアンドエスグループ,5250,情報・通信業,-,false,false,true
4056.T,1,growth,ニューラルグループ,5250,情報・通信業,-,false,false,true
4057.T,1,growth,インターファクトリー,5250,情報・通信業,-,false,false,true
4058.T,1,growth,トヨクモ,5250,情報・通信業,-,false,false,true
4059.T,1,standard,まぐまぐ,5250,情報・通信業,-,false,false,true
4060.T,1,growth,ｒａｋｕｍｏ,5250,情報・通信業,-,false,false,true
4061.T,1,prime,デンカ,3200,化学,TOPIX Mid400,false,false,true
4062.T,1,prime,イビデン,3650,電気機器,TOPIX Mid400,false,false,true
4063.T,1,prime,信越化学工業,3200,化学,TOPIX Core30,false,false,true
4064.T,1,prime,日本カーバイド工業,3200,化学,TOPIX Small 2,false,false,true
4068.T,1,growth,ベイシス,5250,情報・通信業,-,false,false,true
4069.T,1,growth,ＢｌｕｅＭｅｍｅ,5250,情報・通信業,-,false,false,true
4071.T,1,prime,プラスアルファ・コンサルティング,5250,情報・通信業,TOPIX Small 1,false,false,true
4072.T,1,prime,電算システムホールディングス,5250,情報・通信業,TOPIX Small 2,false,false,true
4073.T,1,growth,ジィ・シィ企画,5250,情報・通信業,-,false,false,true
4074.T,1,growth,ラキール,5250,情報・通信業,-,false,false,true
4075.T,1,growth,ブレインズテクノロジー,5250,情報・通信業,-,false,false,true
4076.T,1,growth,シイエヌエス,5250,情報・通信業,-,false,false,true
4078.T,1,prime,堺化学工業,3200,化学,TOPIX Small 1,false,false,true
407A.T,1,standard,ＵＮＩＣＯＮホールディングス,2050,建設業,-,false,false,true
4082.T,1,prime,第一稀元素化学工業,3200,化学,TOPIX Small 2,false,false,true
4088.T,1,prime,エア・ウォーター,3200,化学,TOPIX Mid400,false,false,true
4091.T,1,prime,日本酸素ホールディングス,3200,化学,TOPIX Mid400,false,false,true
4092.T,1,prime,日本化学工業,3200,化学,TOPIX Small 2,false,false,true
4093.T,1,standard,東邦アセチレン,3200,化学,-,false,false,true
4094.T,1,standard,日本化学産業,3200,化学,-,false,false,true
4095.T,1,prime,日本パーカライジング,3200,化学,TOPIX Small 1,false,false,true
4097.T,1,prime,高圧ガス工業,3200,化学,TOPIX Small 2,false,false,true
4098.T,1,standard,チタン工業,3200,化学,-,false,false,true
4099.T,1,prime,四国化成ホールディングス,3200,化学,TOPIX Small 2,false,false,true
409A.T,1,prime,オリオンビール,3050,食料品,TOPIX Small 2,false,false,true
4100.T,1,standard,戸田工業,3200,化学,TOPIX Small 2,false,false,true
4102.T,1,standard,丸尾カルシウム,3200,化学,-,false,false,true
4107.T,1,standard,伊勢化学工業,3200,化学,-,false,false,true
4109.T,1,prime,ステラ　ケミファ,3200,化学,TOPIX Small 1,false,false,true
410A.T,1,growth,ＧＭＯコマース,9050,サービス業,-,false,false,true
4112.T,1,prime,保土谷化学工業,3200,化学,TOPIX Small 2,false,false,true
4113.T,1,standard,田岡化学工業,3200,化学,-,false,false,true
4114.T,1,prime,日本触媒,3200,化学,TOPIX Mid400,false,false,true
4116.T,1,prime,大日精化工業,3200,化学,TOPIX Small 2,false,false,true
4118.T,1,prime,カネカ,3200,化学,TOPIX Mid400,false,false,true
4119.T,1,standard,日本ピグメントホールディングス,3200,化学,-,false,false,true
4120.T,1,standard,スガイ化学工業,3200,化学,-,false,false,true
4124.T,1,standard,大阪油化工業,3200,化学,-,false,false,true
4125.T,1,standard,三和油化工業,3200,化学,-,false,false,true
414A.T,1,growth,オーバーラップホールディングス,5250,情報・通信業,-,false,false,true
4151.T,1,prime,協和キリン,3250,医薬品,TOPIX Mid400,false,false,true
415A.T,1,growth,ＧＭＯ　ＴＥＣＨホールディングス,9050,サービス業,-,false,false,true
4165.T,1,growth,プレイド,5250,情報・通信業,-,false,false,true
4166.T,1,growth,かっこ,5250,情報・通信業,-,false,false,true
4167.T,1,growth,ココペリ,5250,情報・通信業,-,false,false,true
4168.T,1,growth,ヤプリ,5250,情報・通信業,-,false,false,true
4169.T,1,growth,ＥＮＥＣＨＡＮＧＥ,5250,情報・通信業,-,false,false,true
416A.T,1,standard,富士ユナイトホールディングス,6050,卸売業,-,false,false,true
4170.T,1,growth,Ｋａｉｚｅｎ　Ｐｌａｔｆｏｒｍ,5250,情報・通信業,-,false,false,true
4171.T,1,standard,グローバルインフォメーション,5250,情報・通信業,-,false,false,true
4172.T,1,standard,Ｈｉクラテス,5250,情報・通信業,-,false,false,true
4174.T,1,standard,アピリッツ,5250,情報・通信業,-,false,false,true
4175.T,1,growth,ｃｏｌｙ,5250,情報・通信業,-,false,false,true
4176.T,1,growth,ココナラ,5250,情報・通信業,-,false,false,true
4177.T,1,growth,ｉ‐ｐｌｕｇ,5250,情報・通信業,-,false,false,true
4178.T,1,growth,Ｓｈａｒｉｎｇ　Ｉｎｎｏｖａｔｉｏｎｓ,5250,情報・通信業,-,false,false,true
4179.T,1,growth,ジーネクスト,5250,情報・通信業,-,false,false,true
417A.T,1,prime,ブルーゾーンホールディングス,6100,小売業,TOPIX Mid400,false,false,true
4180.T,1,prime,Ａｐｐｉｅｒ　Ｇｒｏｕｐ,5250,情報・通信業,TOPIX Small 1,false,false,true
4182.T,1,prime,三菱瓦斯化学,3200,化学,TOPIX Mid400,false,false,true
4183.T,1,prime,三井化学,3200,化学,TOPIX Mid400,false,false,true
4186.T,1,prime,東京応化工業,3200,化学,TOPIX Mid400,false,false,true
4187.T,1,prime,大阪有機化学工業,3200,化学,TOPIX Small 1,false,false,true
4188.T,1,prime,三菱ケミカルグループ,3200,化学,TOPIX Large70,false,false,true
4189.T,1,prime,ＫＨネオケム,3200,化学,TOPIX Small 1,false,false,true
4192.T,1,growth,スパイダープラス,5250,情報・通信業,-,false,false,true
4193.T,1,standard,ファブリカホールディングス,5250,情報・通信業,-,false,false,true
4194.T,1,prime,ビジョナル,5250,情報・通信業,TOPIX Mid400,false,false,true
4196.T,1,standard,ネオマーケティング,5250,情報・通信業,-,false,false,true
4197.T,1,standard,アスマーク,5250,情報・通信業,-,false,false,true
4198.T,1,standard,テンダ,5250,情報・通信業,-,false,false,true
4199.T,1,growth,ワンダープラネット,5250,情報・通信業,-,false,false,true
4202.T,1,prime,ダイセル,3200,化学,TOPIX Mid400,false,false,true
4203.T,1,prime,住友ベークライト,3200,化学,TOPIX Mid400,false,false,true
4204.T,1,prime,積水化学工業,3200,化学,TOPIX Mid400,false,false,true
4205.T,1,prime,日本ゼオン,3200,化学,TOPIX Mid400,false,false,true
4206.T,1,prime,アイカ工業,3200,化学,TOPIX Mid400,false,false,true
4208.T,1,prime,ＵＢＥ,3200,化学,TOPIX Mid400,false,false,true
4212.T,1,prime,積水樹脂,3200,化学,TOPIX Small 1,false,false,true
4216.T,1,prime,旭有機材,3200,化学,TOPIX Small 1,false,false,true
4218.T,1,prime,ニチバン,3200,化学,TOPIX Small 2,false,false,true
421A.T,1,growth,ムービン・ストラテジック・キャリア,9050,サービス業,-,false,false,true
4220.T,1,prime,リケンテクノス,3200,化学,TOPIX Small 2,false,false,true
4221.T,1,prime,大倉工業,3200,化学,TOPIX Small 2,false,false,true
4222.T,1,standard,児玉化学工業,3200,化学,-,false,false,true
4224.T,1,standard,ロンシール工業,3200,化学,-,false,false,true
4228.T,1,prime,積水化成品工業,3200,化学,TOPIX Small 2,false,false,true
4229.T,1,prime,群栄化学工業,3200,化学,TOPIX Small 2,false,false,true
4231.T,1,standard,タイガースポリマー,3200,化学,-,false,false,true
4234.T,1,standard,サンエー化研,3200,化学,-,false,false,true
4235.T,1,standard,ウルトラファブリックス・ホールディングス,3200,化学,-,false,false,true
4237.T,1,standard,フジプレアム,3200,化学,-,false,false,true
4238.T,1,standard,ミライアル,3200,化学,-,false,false,true
423A.T,1,standard,ライオン事務器,6050,卸売業,-,false,false,true
4240.T,1,standard,クラスターテクノロジー,3200,化学,-,false,false,true
4241.T,1,standard,アテクト,3200,化学,-,false,false,true
4242.T,1,standard,タカギセイコー,3200,化学,-,false,false,true
4243.T,1,standard,ニックス,3200,化学,-,false,false,true
4245.T,1,standard,ダイキアクシス,3200,化学,-,false,false,true
4246.T,1,prime,ダイキョーニシカワ,3200,化学,TOPIX Small 2,false,false,true
4247.T,1,standard,ポバール興業,3200,化学,-,false,false,true
4248.T,1,standard,竹本容器,3200,化学,-,false,false,true
4249.T,1,prime,森六,3200,化学,TOPIX Small 2,false,false,true
4251.T,1,prime,恵和,3200,化学,TOPIX Small 2,false,false,true
4255.T,1,growth,ＴＨＥＣＯＯ,5250,情報・通信業,-,false,false,true
4256.T,1,growth,サインド,5250,情報・通信業,-,false,false,true
4258.T,1,growth,網屋,5250,情報・通信業,-,false,false,true
4259.T,1,growth,エクサウィザーズ,5250,情報・通信業,-,false,false,true
4260.T,1,growth,ハイブリッドテクノロジーズ,5250,情報・通信業,-,false,false,true
4261.T,1,growth,アジアクエスト,5250,情報・通信業,-,false,false,true
4262.T,1,growth,ニフティライフスタイル,5250,情報・通信業,-,false,false,true
4263.T,1,growth,サスメド,5250,情報・通信業,-,false,false,true
4264.T,1,growth,セキュア,5250,情報・通信業,-,false,false,true
4265.T,1,growth,Ｉｎｓｔｉｔｕｔｉｏｎ　ｆｏｒ　ａ　Ｇｌｏｂａｌ　Ｓｏｃｉｅｔｙ,5250,情報・通信業,-,false,false,true
4270.T,1,growth,ＢｅｅＸ,5250,情報・通信業,-,false,false,true
4272.T,1,prime,日本化薬,3200,化学,TOPIX Mid400,false,false,true
4274.T,1,standard,細谷火工,3200,化学,-,false,false,true
4275.T,1,prime,カーリット,3200,化学,TOPIX Small 2,false,false,true
4284.T,1,standard,ソルクシーズ,5250,情報・通信業,-,false,false,true
4286.T,1,standard,ＣＬホールディングス,9050,サービス業,TOPIX Small 2,false,false,true
4287.T,1,standard,ジャストプランニング,5250,情報・通信業,-,false,false,true
4288.T,1,standard,アズジェント,5250,情報・通信業,-,false,false,true
428A.T,1,standard,サイプレス・ホールディングス,6100,小売業,-,false,false,true
4290.T,1,prime,プレステージ・インターナショナル,9050,サービス業,TOPIX Small 1,false,false,true
4293.T,1,standard,セプテーニ・ホールディングス,9050,サービス業,-,false,false,true
4299.T,1,standard,ハイマックス,5250,情報・通信業,TOPIX Small 2,false,false,true
429A.T,1,prime,テクセンドフォトマスク,3800,その他製品,TOPIX Small 2,false,false,true
4301.T,1,prime,アミューズ,9050,サービス業,TOPIX Small 2,false,false,true
4307.T,1,prime,野村総合研究所,5250,情報・通信業,TOPIX Large70,false,false,true
4308.T,1,growth,Ｊストリーム,5250,情報・通信業,-,false,false,true
4310.T,1,prime,ドリームインキュベータ,9050,サービス業,TOPIX Small 2,false,false,true
4316.T,1,growth,ビーマップ,5250,情報・通信業,-,false,false,true
4317.T,1,standard,レイ,9050,サービス業,-,false,false,true
4318.T,1,prime,クイック,9050,サービス業,TOPIX Small 2,false,false,true
431A.T,1,growth,ユーソナー,5250,情報・通信業,-,false,false,true
4320.T,1,standard,ＣＥホールディングス,5250,情報・通信業,-,false,false,true
4323.T,1,prime,日本システム技術,5250,情報・通信業,TOPIX Small 2,false,false,true
4324.T,1,prime,電通グループ,9050,サービス業,TOPIX Mid400,false,false,true
4326.T,1,prime,インテージホールディングス,5250,情報・通信業,TOPIX Small 2,false,false,true
4331.T,1,prime,テイクアンドギヴ・ニーズ,9050,サービス業,TOPIX Small 2,false,false,true
4334.T,1,standard,ユークス,5250,情報・通信業,-,false,false,true
4335.T,1,standard,ＩＰＳホールディングス,5250,情報・通信業,-,false,false,true
4337.T,1,prime,ぴあ,9050,サービス業,TOPIX Small 2,false,false,true
4341.T,1,standard,西菱電機,9050,サービス業,-,false,false,true
4343.T,1,prime,イオンファンタジー,9050,サービス業,TOPIX Small 2,false,false,true
4344.T,1,prime,ソースネクスト,5250,情報・通信業,TOPIX Small 2,false,false,true
4345.T,1,prime,シーティーエス,9050,サービス業,TOPIX Small 2,false,false,true
4346.T,1,standard,ＮＥＸＹＺ．Ｇｒｏｕｐ,7200,その他金融業,-,false,false,true
4347.T,1,standard,ブロードメディア,9050,サービス業,-,false,false,true
4350.T,1,standard,メディカルシステムネットワーク,6100,小売業,TOPIX Small 2,false,false,true
4351.T,1,standard,山田再生系債権回収総合事務所,7200,その他金融業,-,false,false,true
4356.T,1,standard,応用技術,5250,情報・通信業,-,false,false,true
4360.T,1,standard,マナック・ケミカル・パートナーズ,3200,化学,-,false,false,true
4361.T,1,standard,川口化学工業,3200,化学,-,false,false,true
4362.T,1,prime,日本精化,3200,化学,TOPIX Small 2,false,false,true
4365.T,1,standard,松本油脂製薬,3200,化学,-,false,false,true
4366.T,1,standard,ダイトーケミックス,3200,化学,-,false,false,true
4367.T,1,standard,広栄化学,3200,化学,-,false,false,true
4368.T,1,prime,扶桑化学工業,3200,化学,TOPIX Small 1,false,false,true
4369.T,1,prime,トリケミカル研究所,3200,化学,TOPIX Small 1,false,false,true
436A.T,1,growth,サイバーソリューションズ,5250,情報・通信業,-,false,false,true
4370.T,1,growth,モビルス,5250,情報・通信業,-,false,false,true
4371.T,1,growth,コアコンセプト・テクノロジー,5250,情報・通信業,-,false,false,true
4372.T,1,growth,ユミルリンク,5250,情報・通信業,-,false,false,true
4373.T,1,prime,シンプレクス・ホールディングス,5250,情報・通信業,TOPIX Small 1,false,false,true
4374.T,1,growth,ＲＯＢＯＴ　ＰＡＹＭＥＮＴ,5250,情報・通信業,-,false,false,true
4375.T,1,growth,セーフィー,5250,情報・通信業,-,false,false,true
4376.T,1,growth,くふうカンパニーホールディングス,5250,情報・通信業,-,false,false,true
4377.T,1,growth,ワンキャリア,5250,情報・通信業,-,false,false,true
4378.T,1,growth,ＣＩＮＣ,5250,情報・通信業,-,false,false,true
4379.T,1,growth,Ｐｈｏｔｏｓｙｎｔｈ,5250,情報・通信業,-,false,false,true
4380.T,1,growth,Ｍマート,5250,情報・通信業,-,false,false,true
4381.T,1,growth,ビープラッツ,5250,情報・通信業,-,false,false,true
4382.T,1,standard,ＨＥＲＯＺ,5250,情報・通信業,TOPIX Small 2,false,false,true
4384.T,1,prime,ラクスル,5250,情報・通信業,TOPIX Small 1,false,false,true
4385.T,1,prime,メルカリ,5250,情報・通信業,TOPIX Mid400,false,false,true
4386.T,1,standard,ＳＩＧグループ,5250,情報・通信業,-,false,false,true
4387.T,1,growth,ＺＵＵ,5250,情報・通信業,-,false,false,true
4388.T,1,standard,エーアイ,5250,情報・通信業,-,false,false,true
4389.T,1,growth,プロパティデータバンク,5250,情報・通信業,-,false,false,true
438A.T,1,growth,インフキュリオン,5250,情報・通信業,-,false,false,true
4390.T,1,prime,ＩＰＳ,5250,情報・通信業,TOPIX Small 2,false,false,true
4391.T,1,growth,ロジザード,5250,情報・通信業,-,false,false,true
4392.T,1,prime,ＦＩＧ,5250,情報・通信業,-,false,false,true
4393.T,1,growth,バンク・オブ・イノベーション,5250,情報・通信業,-,false,false,true
4394.T,1,growth,エクスモーション,5250,情報・通信業,-,false,false,true
4396.T,1,prime,システムサポートホールディングス,5250,情報・通信業,TOPIX Small 2,false,false,true
4397.T,1,growth,チームスピリット,5250,情報・通信業,-,false,false,true
4398.T,1,standard,ブロードバンドセキュリティ,5250,情報・通信業,-,false,false,true
4401.T,1,prime,ＡＤＥＫＡ,3200,化学,TOPIX Mid400,false,false,true
4403.T,1,prime,日油,3200,化学,TOPIX Mid400,false,false,true
4404.T,1,standard,ミヨシ油脂,3050,食料品,-,false,false,true
4406.T,1,standard,新日本理化,3200,化学,-,false,false,true
4409.T,1,standard,東邦化学工業,3200,化学,-,false,false,true
4410.T,1,prime,ハリマ化成グループ,3200,化学,TOPIX Small 2,false,false,true
4412.T,1,growth,サイエンスアーツ,5250,情報・通信業,-,false,false,true
4413.T,1,prime,ボードルア,5250,情報・通信業,TOPIX Small 2,false,false,true
4414.T,1,growth,フレクト,5250,情報・通信業,-,false,false,true
4415.T,1,growth,ブロードエンタープライズ,5250,情報・通信業,-,false,false,true
4416.T,1,growth,Ｔｒｕｅ　Ｄａｔａ,5250,情報・通信業,-,false,false,true
4417.T,1,growth,グローバルセキュリティエキスパート,5250,情報・通信業,-,false,false,true
4418.T,1,growth,ＪＤＳＣ,5250,情報・通信業,-,false,false,true
4419.T,1,growth,Ｆｉｎａｔｅｘｔホールディングス,5250,情報・通信業,-,false,false,true
441A.T,1,growth,ＮＥ,5250,情報・通信業,TOPIX Small 2,false,false,true
4420.T,1,standard,イーソル,5250,情報・通信業,TOPIX Small 2,false,false,true
4421.T,1,standard,ディ・アイ・システム,5250,情報・通信業,-,false,false,true
4422.T,1,growth,ＶＡＬＵＥＮＥＸ,5250,情報・通信業,-,false,false,true
4424.T,1,growth,Ａｍａｚｉａ,5250,情報・通信業,-,false,false,true
4425.T,1,growth,Ｋｕｄａｎ,5250,情報・通信業,-,false,false,true
4427.T,1,growth,ＥｄｕＬａｂ,5250,情報・通信業,-,false,false,true
4428.T,1,growth,シノプス,5250,情報・通信業,-,false,false,true
4429.T,1,growth,リックソフト,5250,情報・通信業,-,false,false,true
442A.T,1,growth,クラシコ,3100,繊維製品,-,false,false,true
4430.T,1,standard,東海ソフト,5250,情報・通信業,-,false,false,true
4431.T,1,growth,スマレジ,5250,情報・通信業,-,false,false,true
4432.T,1,prime,ウイングアーク１ｓｔ,5250,情報・通信業,TOPIX Small 1,false,false,true
4433.T,1,prime,ヒト・コミュニケーションズ・ホールディングス,9050,サービス業,TOPIX Small 2,false,false,true
4434.T,1,standard,サーバーワークス,5250,情報・通信業,TOPIX Small 2,false,false,true
4436.T,1,growth,ミンカブ・ジ・インフォノイド,5250,情報・通信業,-,false,false,true
4437.T,1,growth,ｇｏｏｄｄａｙｓホールディングス,5250,情報・通信業,-,false,false,true
4438.T,1,growth,Ｗｅｌｂｙ,5250,情報・通信業,-,false,false,true
4439.T,1,standard,東名,5250,情報・通信業,-,false,false,true
4440.T,1,standard,ヴィッツ,5250,情報・通信業,-,false,false,true
4441.T,1,standard,トビラシステムズ,5250,情報・通信業,-,false,false,true
4442.T,1,growth,バルテス・ホールディングス,5250,情報・通信業,-,false,false,true
4443.T,1,prime,Ｓａｎｓａｎ,5250,情報・通信業,TOPIX Small 1,false,false,true
4444.T,1,growth,インフォネット,5250,情報・通信業,-,false,false,true
4445.T,1,growth,リビン・テクノロジーズ,5250,情報・通信業,-,false,false,true
4446.T,1,prime,Ｌｉｎｋ－Ｕグループ,5250,情報・通信業,-,false,false,true
4447.T,1,growth,ピー・ビーシステムズ,5250,情報・通信業,-,false,false,true
4448.T,1,growth,ｋｕｂｅｌｌ,5250,情報・通信業,-,false,false,true
4449.T,1,prime,ギフティ,5250,情報・通信業,TOPIX Small 2,false,false,true
4450.T,1,growth,パワーソリューションズ,5250,情報・通信業,-,false,false,true
4452.T,1,prime,花王,3200,化学,TOPIX Large70,false,false,true
4461.T,1,prime,第一工業製薬,3200,化学,TOPIX Small 2,false,false,true
4462.T,1,prime,石原ケミカル,3200,化学,TOPIX Small 2,false,false,true
4463.T,1,standard,日華化学,3200,化学,-,false,false,true
4464.T,1,standard,ソフト９９コーポレーション,3200,化学,-,false,false,true
4465.T,1,standard,ニイタカ,3200,化学,-,false,false,true
446A.T,1,growth,ノースサンド,9050,サービス業,-,false,false,true
4471.T,1,prime,三洋化成工業,3200,化学,TOPIX Small 1,false,false,true
4475.T,1,growth,ＨＥＮＮＧＥ,5250,情報・通信業,-,false,false,true
4476.T,1,growth,ＡＩ　ＣＲＯＳＳ,5250,情報・通信業,-,false,false,true
4477.T,1,growth,ＢＡＳＥ,5250,情報・通信業,-,false,false,true
4478.T,1,growth,フリー,5250,情報・通信業,-,false,false,true
4479.T,1,growth,マクアケ,5250,情報・通信業,-,false,false,true
4480.T,1,prime,メドレー,5250,情報・通信業,TOPIX Small 1,false,false,true
4481.T,1,prime,ベース,5250,情報・通信業,TOPIX Small 2,false,false,true
4482.T,1,growth,ウィルズ,5250,情報・通信業,-,false,false,true
4483.T,1,prime,ＪＭＤＣ,5250,情報・通信業,TOPIX Small 1,false,false,true
4484.T,1,growth,ランサーズ,5250,情報・通信業,-,false,false,true
4486.T,1,growth,ユナイトアンドグロウ,5250,情報・通信業,-,false,false,true
4487.T,1,growth,スペースマーケット,5250,情報・通信業,-,false,false,true
4488.T,1,growth,ＡＩ　ｉｎｓｉｄｅ,5250,情報・通信業,-,false,false,true
4490.T,1,growth,ビザスク,5250,情報・通信業,-,false,false,true
4491.T,1,standard,コンピューターマネージメント,5250,情報・通信業,-,false,false,true
4492.T,1,standard,ゼネテック,5250,情報・通信業,-,false,false,true
4493.T,1,growth,サイバーセキュリティクラウド,5250,情報・通信業,-,false,false,true
4494.T,1,standard,バリオセキュア,5250,情報・通信業,-,false,false,true
4495.T,1,growth,アイキューブドシステムズ,5250,情報・通信業,-,false,false,true
4496.T,1,growth,コマースＯｎｅホールディングス,5250,情報・通信業,-,false,false,true
4498.T,1,growth,サイバートラスト,5250,情報・通信業,-,false,false,true
4499.T,1,standard,Ｓｐｅｅｅ,5250,情報・通信業,-,false,false,true
4502.T,1,prime,武田薬品工業,3250,医薬品,TOPIX Core30,false,false,true
4503.T,1,prime,アステラス製薬,3250,医薬品,TOPIX Large70,false,false,true
4506.T,1,prime,住友ファーマ,3250,医薬品,TOPIX Mid400,false,false,true
4507.T,1,prime,塩野義製薬,3250,医薬品,TOPIX Large70,false,false,true
4512.T,1,standard,わかもと製薬,3250,医薬品,-,false,false,true
4516.T,1,prime,日本新薬,3250,医薬品,TOPIX Mid400,false,false,true
4519.T,1,prime,中外製薬,3250,医薬品,TOPIX Large70,false,false,true
4521.T,1,prime,科研製薬,3250,医薬品,TOPIX Small 1,false,false,true
4523.T,1,prime,エーザイ,3250,医薬品,TOPIX Mid400,false,false,true
4524.T,1,standard,森下仁丹,3250,医薬品,-,false,false,true
4526.T,1,prime,理研ビタミン,3050,食料品,TOPIX Small 2,false,false,true
4527.T,1,prime,ロート製薬,3250,医薬品,TOPIX Mid400,false,false,true
4528.T,1,prime,小野薬品工業,3250,医薬品,TOPIX Mid400,false,false,true
4530.T,1,prime,久光製薬,3250,医薬品,-,false,false,true
4531.T,1,standard,有機合成薬品工業,3200,化学,-,false,false,true
4534.T,1,prime,持田製薬,3250,医薬品,TOPIX Small 2,false,false,true
4536.T,1,prime,参天製薬,3250,医薬品,TOPIX Mid400,false,false,true
4538.T,1,prime,扶桑薬品工業,3250,医薬品,TOPIX Small 2,false,false,true
4539.T,1,standard,日本ケミファ,3250,医薬品,-,false,false,true
4540.T,1,prime,ツムラ,3250,医薬品,TOPIX Mid400,false,false,true
4543.T,1,prime,テルモ,3750,精密機器,TOPIX Large70,false,false,true
4544.T,1,prime,Ｈ．Ｕ．グループホールディングス,9050,サービス業,TOPIX Mid400,false,false,true
4547.T,1,prime,キッセイ薬品工業,3250,医薬品,TOPIX Small 1,false,false,true
4548.T,1,prime,生化学工業,3250,医薬品,TOPIX Small 2,false,false,true
4549.T,1,prime,栄研化学,3250,医薬品,TOPIX Small 1,false,false,true
4552.T,1,prime,ＪＣＲファーマ,3250,医薬品,TOPIX Small 1,false,false,true
4553.T,1,prime,東和薬品,3250,医薬品,TOPIX Small 1,false,false,true
4554.T,1,prime,富士製薬工業,3250,医薬品,TOPIX Small 2,false,false,true
4556.T,1,standard,カイノス,3250,医薬品,-,false,false,true
4558.T,1,standard,中京医薬品,3250,医薬品,-,false,false,true
4559.T,1,prime,ゼリア新薬工業,3250,医薬品,TOPIX Small 1,false,false,true
4563.T,1,growth,アンジェス,3250,医薬品,-,false,false,true
4564.T,1,growth,オンコセラピー・サイエンス,3250,医薬品,-,false,false,true
4565.T,1,prime,ネクセラファーマ,3250,医薬品,TOPIX Small 1,false,false,true
4568.T,1,prime,第一三共,3250,医薬品,TOPIX Core30,false,false,true
4569.T,1,prime,杏林製薬,3250,医薬品,TOPIX Small 1,false,false,true
456A.T,1,growth,ＨＵＭＡＮ　ＭＡＤＥ,6100,小売業,-,false,false,true
4570.T,1,growth,免疫生物研究所,3250,医薬品,-,false,false,true
4571.T,1,growth,ＮＡＮＯホールディングス,3250,医薬品,-,false,false,true
4572.T,1,growth,カルナバイオサイエンス,3250,医薬品,-,false,false,true
4574.T,1,prime,大幸薬品,3250,医薬品,TOPIX Small 2,false,false,true
4575.T,1,growth,キャンバス,3250,医薬品,-,false,false,true
4576.T,1,growth,デ・ウエスタン・セラピテクス研究所,3250,医薬品,-,false,false,true
4577.T,1,prime,ダイト,3250,医薬品,TOPIX Small 2,false,false,true
4578.T,1,prime,大塚ホールディングス,3250,医薬品,TOPIX Large70,false,false,true
4579.T,1,growth,ラクオリア創薬,3250,医薬品,-,false,false,true
4582.T,1,growth,シンバイオ製薬,3250,医薬品,-,false,false,true
4583.T,1,growth,カイオム・バイオサイエンス,3250,医薬品,-,false,false,true
4584.T,1,growth,キッズウェル・バイオ,3250,医薬品,-,false,false,true
4586.T,1,growth,メドレックス,3250,医薬品,-,false,false,true
4587.T,1,prime,ペプチドリーム,3250,医薬品,TOPIX Mid400,false,false,true
4588.T,1,growth,オンコリスバイオファーマ,3250,医薬品,-,false,false,true
4591.T,1,growth,リボミック,3250,医薬品,-,false,false,true
4592.T,1,growth,サンバイオ,3250,医薬品,-,false,false,true
4593.T,1,growth,ヘリオス,3250,医薬品,-,false,false,true
4594.T,1,growth,ブライトパス・バイオ,3250,医薬品,-,false,false,true
4595.T,1,standard,ミズホメディー,3250,医薬品,-,false,false,true
4596.T,1,growth,窪田製薬ホールディングス,3250,医薬品,-,false,false,true
4597.T,1,growth,ソレイジア・ファーマ,3250,医薬品,-,false,false,true
4598.T,1,growth,Ｄｅｌｔａ－Ｆｌｙ　Ｐｈａｒｍａ,3250,医薬品,-,false,false,true
4599.T,1,growth,ステムリム,3250,医薬品,-,false,false,true
460A.T,1,growth,ＢＲＡＮＵ,5250,情報・通信業,-,false,false,true
4611.T,1,prime,大日本塗料,3200,化学,TOPIX Small 2,false,false,true
4612.T,1,prime,日本ペイントホールディングス,3200,化学,TOPIX Mid400,false,false,true
4613.T,1,prime,関西ペイント,3200,化学,TOPIX Mid400,false,false,true
4615.T,1,standard,神東塗料,3200,化学,-,false,false,true
4616.T,1,standard,川上塗料,3200,化学,-,false,false,true
4617.T,1,prime,中国塗料,3200,化学,TOPIX Small 1,false,false,true
4619.T,1,standard,日本特殊塗料,3200,化学,-,false,false,true
4620.T,1,standard,藤倉化成,3200,化学,TOPIX Small 2,false,false,true
4623.T,1,standard,アサヒペン,3200,化学,-,false,false,true
4624.T,1,standard,イサム塗料,3200,化学,-,false,false,true
4625.T,1,standard,アトミクス,3200,化学,-,false,false,true
4626.T,1,prime,太陽ホールディングス,3200,化学,TOPIX Mid400,false,false,true
4627.T,1,standard,ナトコ,3200,化学,-,false,false,true
4628.T,1,standard,エスケー化研,3200,化学,-,false,false,true
4629.T,1,standard,大伸化学,3200,化学,-,false,false,true
462A.T,1,growth,ＦＵＮＤＩＮＮＯ,7100,証券、商品先物取引業,-,false,false,true
4631.T,1,prime,ＤＩＣ,3200,化学,TOPIX Mid400,false,false,true
4633.T,1,prime,サカタインクス,3200,化学,TOPIX Small 1,false,false,true
4634.T,1,prime,ａｒｔｉｅｎｃｅ,3200,化学,TOPIX Small 1,false,false,true
4635.T,1,standard,東京インキ,3200,化学,-,false,false,true
463A.T,1,standard,インテリックスホールディングス,8050,不動産業,-,false,false,true
4641.T,1,prime,アルプス技研,9050,サービス業,TOPIX Small 2,false,false,true
4642.T,1,standard,オリジナル設計,9050,サービス業,-,false,false,true
4644.T,1,standard,イマジニア,5250,情報・通信業,-,false,false,true
4645.T,1,standard,市進ホールディングス,9050,サービス業,-,false,false,true
464A.T,1,growth,ＱＰＳホールディングス,5250,情報・通信業,-,false,false,true
4650.T,1,standard,ＳＤエンターテイメント,9050,サービス業,-,false,false,true
4651.T,1,standard,サニックスホールディングス,9050,サービス業,TOPIX Small 2,false,false,true
4657.T,1,standard,環境管理センター,9050,サービス業,-,false,false,true
4658.T,1,prime,日本空調サービス,9050,サービス業,TOPIX Small 2,false,false,true
4659.T,1,standard,エイジス,9050,サービス業,-,false,false,true
4661.T,1,prime,オリエンタルランド,9050,サービス業,TOPIX Large70,false,false,true
4662.T,1,prime,フォーカスシステムズ,5250,情報・通信業,TOPIX Small 2,false,false,true
4664.T,1,standard,アール・エス・シー,9050,サービス業,-,false,false,true
4665.T,1,prime,ダスキン,9050,サービス業,TOPIX Mid400,false,false,true
4666.T,1,prime,パーク２４,8050,不動産業,TOPIX Mid400,false,false,true
4667.T,1,standard,アイサンテクノロジー,5250,情報・通信業,-,false,false,true
4668.T,1,prime,明光ネットワークジャパン,9050,サービス業,TOPIX Small 2,false,false,true
4671.T,1,standard,ファルコホールディングス,9050,サービス業,TOPIX Small 2,false,false,true
4673.T,1,standard,川崎地質,9050,サービス業,-,false,false,true
4674.T,1,prime,クレスコ,5250,情報・通信業,TOPIX Small 2,false,false,true
4676.T,1,prime,フジ・メディア・ホールディングス,5250,情報・通信業,TOPIX Mid400,false,false,true
4678.T,1,standard,秀英予備校,9050,サービス業,-,false,false,true
4679.T,1,standard,田谷,9050,サービス業,-,false,false,true
4680.T,1,prime,ラウンドワン,9050,サービス業,TOPIX Mid400,false,false,true
4681.T,1,prime,リゾートトラスト,9050,サービス業,TOPIX Mid400,false,false,true
4684.T,1,prime,オービック,5250,情報・通信業,TOPIX Mid400,false,false,true
4685.T,1,standard,菱友システムズ,5250,情報・通信業,-,false,false,true
4686.T,1,prime,ジャストシステム,5250,情報・通信業,TOPIX Small 1,false,false,true
4687.T,1,prime,ＴＤＣソフト,5250,情報・通信業,TOPIX Small 2,false,false,true
4689.T,1,prime,ＬＩＮＥヤフー,5250,情報・通信業,TOPIX Large70,false,false,true
4691.T,1,standard,ワシントンホテル,9050,サービス業,-,false,false,true
4694.T,1,prime,ビー・エム・エル,9050,サービス業,TOPIX Small 1,false,false,true
469A.T,1,growth,フィットクルー,9050,サービス業,-,false,false,true
4704.T,1,prime,トレンドマイクロ,5250,情報・通信業,TOPIX Mid400,false,false,true
4705.T,1,standard,クリップコーポレーション,9050,サービス業,-,false,false,true
4707.T,1,standard,キタック,9050,サービス業,-,false,false,true
4709.T,1,prime,ＩＤホールディングス,5250,情報・通信業,TOPIX Small 2,false,false,true
4712.T,1,standard,ＫｅｙＨｏｌｄｅｒ,9050,サービス業,-,false,false,true
4714.T,1,prime,リソー教育グループ,9050,サービス業,TOPIX Small 2,false,false,true
4716.T,1,standard,日本オラクル,5250,情報・通信業,TOPIX Mid400,false,false,true
4718.T,1,prime,早稲田アカデミー,9050,サービス業,TOPIX Small 2,false,false,true
4719.T,1,prime,アルファシステムズ,5250,情報・通信業,TOPIX Small 2,false,false,true
471A.T,1,prime,ＮＳグループ,7200,その他金融業,TOPIX Small 2,false,false,true
4720.T,1,standard,城南進学研究社,9050,サービス業,-,false,false,true
4722.T,1,prime,フューチャー,5250,情報・通信業,TOPIX Small 1,false,false,true
4725.T,1,prime,ＣＡＣ　Ｈｏｌｄｉｎｇｓ,5250,情報・通信業,TOPIX Small 2,false,false,true
4728.T,1,standard,トーセ,5250,情報・通信業,-,false,false,true
472A.T,1,growth,ミラティブ,5250,情報・通信業,-,false,false,true
4732.T,1,prime,ユー・エス・エス,9050,サービス業,TOPIX Mid400,false,false,true
4733.T,1,prime,オービックビジネスコンサルタント,5250,情報・通信業,TOPIX Mid400,false,false,true
4735.T,1,standard,京進,9050,サービス業,-,false,false,true
4736.T,1,standard,日本ラッド,5250,情報・通信業,-,false,false,true
4743.T,1,prime,アイティフォー,5250,情報・通信業,TOPIX Small 2,false,false,true
4746.T,1,standard,東計電算,5250,情報・通信業,TOPIX Small 2,false,false,true
4750.T,1,standard,ダイサン,9050,サービス業,-,false,false,true
4751.T,1,prime,サイバーエージェント,9050,サービス業,TOPIX Mid400,false,false,true
4752.T,1,standard,昭和システムエンジニアリング,5250,情報・通信業,-,false,false,true
4754.T,1,standard,トスネット,9050,サービス業,-,false,false,true
4755.T,1,prime,楽天グループ,9050,サービス業,TOPIX Mid400,false,false,true
475A.T,1,standard,ギミック,9050,サービス業,-,false,false,true
4760.T,1,standard,アルファ,9050,サービス業,-,false,false,true
4761.T,1,standard,さくらケーシーエス,5250,情報・通信業,-,false,false,true
4762.T,1,standard,エックスネット,5250,情報・通信業,-,false,false,true
4763.T,1,prime,クリーク・アンド・リバー社,9050,サービス業,TOPIX Small 2,false,false,true
4765.T,1,prime,ＳＢＩグローバルアセットマネジメント,9050,サービス業,TOPIX Small 2,false,false,true
4766.T,1,standard,ピーエイ,9050,サービス業,-,false,false,true
4767.T,1,standard,テー・オー・ダブリュー,9050,サービス業,TOPIX Small 2,false,false,true
4768.T,1,prime,大塚商会,5250,情報・通信業,TOPIX Mid400,false,false,true
4769.T,1,standard,ＩＣ,5250,情報・通信業,-,false,false,true
476A.T,1,standard,辻・本郷ＩＴコンサルティング,5250,情報・通信業,-,false,false,true
4771.T,1,standard,エフアンドエム,9050,サービス業,-,false,false,true
4772.T,1,growth,ＳＭ　ＥＮＴＥＲＴＡＩＮＭＥＮＴ　ＪＡＰＡＮ,5250,情報・通信業,-,false,false,true
4776.T,1,prime,サイボウズ,5250,情報・通信業,TOPIX Small 1,false,false,true
4777.T,1,standard,ガーラ,5250,情報・通信業,-,false,false,true
477A.T,1,growth,スタートライン,9050,サービス業,-,false,false,true
4783.T,1,standard,ＮＣＤ,5250,情報・通信業,-,false,false,true
4784.T,1,prime,ＧＭＯインターネット,9050,サービス業,TOPIX Small 2,false,false,true
478A.T,1,growth,フツパー,5250,情報・通信業,-,false,false,true
4792.T,1,prime,山田コンサルティンググループ,9050,サービス業,TOPIX Small 2,false,false,true
479A.T,1,growth,ＰＲＯＮＩ,5250,情報・通信業,-,false,false,true
4800.T,1,standard,オリコン,5250,情報・通信業,-,false,false,true
4801.T,1,prime,セントラルスポーツ,9050,サービス業,TOPIX Small 2,false,false,true
4809.T,1,prime,パラカ,8050,不動産業,TOPIX Small 2,false,false,true
480A.T,1,growth,リブ・コンサルティング,9050,サービス業,-,false,false,true
4811.T,1,growth,ドリーム・アーツ,5250,情報・通信業,-,false,false,true
4812.T,1,prime,電通総研,5250,情報・通信業,TOPIX Small 1,false,false,true
4813.T,1,prime,ＡＣＣＥＳＳ,5250,情報・通信業,-,false,false,true
4814.T,1,standard,ネクストウェア,5250,情報・通信業,-,false,false,true
4816.T,1,standard,東映アニメーション,5250,情報・通信業,-,false,false,true
4819.T,1,prime,デジタルガレージ,5250,情報・通信業,TOPIX Small 1,false,false,true
4820.T,1,prime,イーエムシステムズ,5250,情報・通信業,TOPIX Small 2,false,false,true
4825.T,1,prime,ウェザーニューズ,5250,情報・通信業,TOPIX Small 1,false,false,true
4826.T,1,prime,ＣＩＪ,5250,情報・通信業,TOPIX Small 2,false,false,true
4828.T,1,prime,ビジネスエンジニアリング,5250,情報・通信業,TOPIX Small 2,false,false,true
4829.T,1,standard,日本エンタープライズ,5250,情報・通信業,-,false,false,true
4832.T,1,standard,ＪＦＥシステムズ,5250,情報・通信業,-,false,false,true
4833.T,1,growth,Ｄｅｆ　ｃｏｎｓｕｌｔｉｎｇ,9050,サービス業,-,false,false,true
4838.T,1,standard,スペースシャワーＳＫＩＹＡＫＩホールディングス,5250,情報・通信業,-,false,false,true
4839.T,1,prime,ＷＯＷＯＷ,5250,情報・通信業,TOPIX Small 2,false,false,true
483A.T,1,standard,テラテクノロジー,5250,情報・通信業,-,false,false,true
4840.T,1,standard,トライアイズ,9050,サービス業,-,false,false,true
4845.T,1,standard,スカラ,5250,情報・通信業,TOPIX Small 2,false,false,true
4847.T,1,prime,インテリジェント　ウェイブ,5250,情報・通信業,-,false,false,true
4848.T,1,prime,フルキャストホールディングス,9050,サービス業,TOPIX Small 2,false,false,true
4849.T,1,prime,エン,9050,サービス業,TOPIX Small 1,false,false,true
485A.T,1,growth,パワーエックス,3650,電気機器,-,false,false,true
4880.T,1,standard,セルソース,3250,医薬品,TOPIX Small 2,false,false,true
4881.T,1,growth,ファンペップ,3250,医薬品,-,false,false,true
4882.T,1,growth,ペルセウスプロテオミクス,3250,医薬品,-,false,false,true
4883.T,1,growth,モダリス,3250,医薬品,-,false,false,true
4884.T,1,growth,クリングルファーマ,3250,医薬品,-,false,false,true
4885.T,1,standard,室町ケミカル,3250,医薬品,-,false,false,true
4886.T,1,prime,あすか製薬ホールディングス,3250,医薬品,TOPIX Small 2,false,false,true
4887.T,1,prime,サワイグループホールディングス,3250,医薬品,TOPIX Mid400,false,false,true
4888.T,1,growth,ステラファーマ,3250,医薬品,-,false,false,true
4889.T,1,growth,レナサイエンス,3250,医薬品,-,false,false,true
4890.T,1,growth,坪田ラボ,3250,医薬品,-,false,false,true
4891.T,1,growth,ティムス,3250,医薬品,-,false,false,true
4892.T,1,growth,サイフューズ,3250,医薬品,-,false,false,true
4893.T,1,growth,ノイルイミューン・バイオテック,3250,医薬品,-,false,false,true
4894.T,1,growth,クオリプス,3250,医薬品,-,false,false,true
4896.T,1,growth,ケイファーマ,3250,医薬品,-,false,false,true
4901.T,1,prime,富士フイルムホールディングス,3200,化学,TOPIX Large70,false,false,true
4902.T,1,prime,コニカミノルタ,3650,電気機器,TOPIX Mid400,false,false,true
4911.T,1,prime,資生堂,3200,化学,TOPIX Mid400,false,false,true
4912.T,1,prime,ライオン,3200,化学,TOPIX Mid400,false,false,true
4914.T,1,prime,高砂香料工業,3200,化学,TOPIX Small 1,false,false,true
4917.T,1,prime,マンダム,3200,化学,TOPIX Small 1,false,false,true
4918.T,1,standard,アイビー化粧品,3200,化学,-,false,false,true
4919.T,1,prime,ミルボン,3200,化学,TOPIX Small 1,false,false,true
4920.T,1,standard,日本色材工業研究所,3200,化学,-,false,false,true
4922.T,1,prime,コーセーホールディングス,3200,化学,TOPIX Mid400,false,false,true
4923.T,1,prime,コタ,3200,化学,TOPIX Small 2,false,false,true
4925.T,1,standard,ハーバー研究所,3200,化学,-,false,false,true
4926.T,1,standard,シーボン,3200,化学,-,false,false,true
4927.T,1,prime,ポーラ・オルビスホールディングス,3200,化学,TOPIX Mid400,false,false,true
4928.T,1,prime,ノエビアホールディングス,3200,化学,TOPIX Small 1,false,false,true
4929.T,1,standard,アジュバンホールディングス,3200,化学,-,false,false,true
4931.T,1,prime,新日本製薬,3200,化学,TOPIX Small 2,false,false,true
4932.T,1,standard,アルマード,3200,化学,-,false,false,true
4933.T,1,prime,Ｉ－ｎｅ,3200,化学,TOPIX Small 2,false,false,true
4934.T,1,growth,プレミアアンチエイジング,3200,化学,-,false,false,true
4935.T,1,standard,リベルタ,3200,化学,-,false,false,true
4936.T,1,standard,アクシージア,3200,化学,TOPIX Small 2,false,false,true
4937.T,1,growth,Ｗａｑｏｏ,3200,化学,-,false,false,true
4951.T,1,prime,エステー,3200,化学,TOPIX Small 2,false,false,true
4956.T,1,prime,コニシ,3200,化学,TOPIX Small 2,false,false,true
4958.T,1,prime,長谷川香料,3200,化学,TOPIX Small 1,false,false,true
4960.T,1,standard,ケミプロ化成,3200,化学,-,false,false,true
4966.T,1,standard,上村工業,3200,化学,-,false,false,true
4967.T,1,prime,小林製薬,3200,化学,TOPIX Mid400,false,false,true
4968.T,1,prime,荒川化学工業,3200,化学,TOPIX Small 2,false,false,true
4970.T,1,standard,東洋合成工業,3200,化学,-,false,false,true
4971.T,1,prime,メック,3200,化学,TOPIX Small 1,false,false,true
4972.T,1,standard,綜研化学,3200,化学,-,false,false,true
4973.T,1,prime,日本高純度化学,3200,化学,TOPIX Small 2,false,false,true
4974.T,1,prime,タカラバイオ,3200,化学,TOPIX Small 1,false,false,true
4975.T,1,prime,ＪＣＵ,3200,化学,TOPIX Small 1,false,false,true
4976.T,1,standard,東洋ドライルーブ,3200,化学,-,false,false,true
4977.T,1,standard,新田ゼラチン,3200,化学,-,false,false,true
4978.T,1,growth,リプロセル,3200,化学,-,false,false,true
4979.T,1,standard,ＯＡＴアグリオ,3200,化学,TOPIX Small 2,false,false,true
4980.T,1,prime,デクセリアルズ,3200,化学,TOPIX Mid400,false,false,true
4985.T,1,prime,アース製薬,3200,化学,TOPIX Small 1,false,false,true
4990.T,1,standard,昭和化学工業,3200,化学,-,false,false,true
4992.T,1,standard,北興化学工業,3200,化学,TOPIX Small 2,false,false,true
4994.T,1,standard,大成ラミックグループ,3200,化学,TOPIX Small 2,false,false,true
4996.T,1,prime,クミアイ化学工業,3200,化学,TOPIX Small 1,false,false,true
4997.T,1,prime,日本農薬,3200,化学,TOPIX Small 2,false,false,true
4998.T,1,standard,フマキラー,3200,化学,-,false,false,true
500A.T,1,standard,ＴＯブックス,5250,情報・通信業,-,false,false,true
5010.T,1,standard,日本精蝋,3300,石油・石炭製品,-,false,false,true
5011.T,1,prime,ニチレキグループ,3300,石油・石炭製品,TOPIX Small 2,false,false,true
5013.T,1,standard,ユシロ,3300,石油・石炭製品,TOPIX Small 2,false,false,true
5015.T,1,standard,ビーピー・カストロール,3300,石油・石炭製品,-,false,false,true
5016.T,1,prime,ＪＸ金属,3500,非鉄金属,TOPIX Mid400,false,false,true
5018.T,1,standard,ＭＯＲＥＳＣＯ,3300,石油・石炭製品,-,false,false,true
5019.T,1,prime,出光興産,3300,石油・石炭製品,TOPIX Mid400,false,false,true
5020.T,1,prime,ＥＮＥＯＳホールディングス,3300,石油・石炭製品,TOPIX Large70,false,false,true
5021.T,1,prime,コスモエネルギーホールディングス,3300,石油・石炭製品,TOPIX Mid400,false,false,true
5025.T,1,growth,マーキュリー,5250,情報・通信業,-,false,false,true
5026.T,1,growth,トリプルアイズ,5250,情報・通信業,-,false,false,true
5027.T,1,growth,ＡｎｙＭｉｎｄ　Ｇｒｏｕｐ,5250,情報・通信業,-,false,false,true
5028.T,1,growth,セカンドサイトアナリティカ,5250,情報・通信業,-,false,false,true
5029.T,1,growth,サークレイス,5250,情報・通信業,-,false,false,true
5031.T,1,growth,モイ,5250,情報・通信業,-,false,false,true
5032.T,1,prime,ＡＮＹＣＯＬＯＲ,5250,情報・通信業,TOPIX Small 1,false,false,true
5033.T,1,growth,ヌーラボ,5250,情報・通信業,-,false,false,true
5034.T,1,growth,ｕｎｅｒｒｙ,5250,情報・通信業,-,false,false,true
5035.T,1,growth,ＨＯＵＳＥＩ,5250,情報・通信業,-,false,false,true
5036.T,1,prime,日本ビジネスシステムズ,5250,情報・通信業,TOPIX Small 2,false,false,true
5038.T,1,growth,ｅＷｅＬＬ,5250,情報・通信業,-,false,false,true
504A.T,1,growth,イノバセル,3250,医薬品,-,false,false,true
505A.T,1,standard,ギークリー,9050,サービス業,-,false,false,true
5071.T,1,standard,ヴィス,9050,サービス業,-,false,false,true
5074.T,1,prime,テスホールディングス,2050,建設業,TOPIX Small 2,false,false,true
5076.T,1,prime,インフロニア・ホールディングス,2050,建設業,TOPIX Mid400,false,false,true
5078.T,1,standard,セレコーポレーション,2050,建設業,-,false,false,true
5079.T,1,standard,ノバック,2050,建設業,-,false,false,true
5101.T,1,prime,横浜ゴム,3350,ゴム製品,TOPIX Mid400,false,false,true
5103.T,1,standard,昭和ホールディングス,3350,ゴム製品,-,false,false,true
5105.T,1,prime,ＴＯＹＯ　ＴＩＲＥ,3350,ゴム製品,TOPIX Mid400,false,false,true
5108.T,1,prime,ブリヂストン,3350,ゴム製品,TOPIX Large70,false,false,true
5110.T,1,prime,住友ゴム工業,3350,ゴム製品,TOPIX Mid400,false,false,true
5121.T,1,prime,藤倉コンポジット,3350,ゴム製品,TOPIX Small 2,false,false,true
5122.T,1,prime,オカモト,3350,ゴム製品,TOPIX Small 2,false,false,true
5125.T,1,growth,ファインズ,5250,情報・通信業,-,false,false,true
5126.T,1,growth,ポーターズ,5250,情報・通信業,-,false,false,true
5129.T,1,growth,ＦＩＸＥＲ,5250,情報・通信業,-,false,false,true
5131.T,1,growth,リンカーズ,5250,情報・通信業,-,false,false,true
5132.T,1,growth,ｐｌｕｓｚｅｒｏ,5250,情報・通信業,-,false,false,true
5133.T,1,standard,テリロジーホールディングス,5250,情報・通信業,-,false,false,true
5134.T,1,growth,ＰＯＰＥＲ,5250,情報・通信業,-,false,false,true
5136.T,1,growth,ｔｒｉｐｌａ,5250,情報・通信業,-,false,false,true
5137.T,1,growth,スマートドライブ,5250,情報・通信業,-,false,false,true
5138.T,1,growth,Ｒｅｂａｓｅ,5250,情報・通信業,-,false,false,true
5139.T,1,growth,オープンワーク,5250,情報・通信業,-,false,false,true
5142.T,1,prime,アキレス,3200,化学,TOPIX Small 2,false,false,true
5161.T,1,standard,西川ゴム工業,3350,ゴム製品,-,false,false,true
5162.T,1,standard,朝日ラバー,3350,ゴム製品,-,false,false,true
5184.T,1,standard,ニチリン,3350,ゴム製品,-,false,false,true
5185.T,1,prime,フコク,3350,ゴム製品,TOPIX Small 2,false,false,true
5186.T,1,prime,ニッタ,3350,ゴム製品,TOPIX Small 2,false,false,true
5187.T,1,standard,クリエートメディック,3750,精密機器,-,false,false,true
5189.T,1,standard,櫻護謨,3350,ゴム製品,-,false,false,true
5192.T,1,prime,三ツ星ベルト,3350,ゴム製品,TOPIX Small 1,false,false,true
5194.T,1,standard,相模ゴム工業,3350,ゴム製品,-,false,false,true
5195.T,1,prime,バンドー化学,3350,ゴム製品,TOPIX Small 2,false,false,true
5199.T,1,standard,不二ラテックス,3350,ゴム製品,-,false,false,true
519A.T,1,growth,ベーシック,5250,情報・通信業,-,false,false,true
5201.T,1,prime,ＡＧＣ,3400,ガラス・土石製品,TOPIX Mid400,false,false,true
5202.T,1,prime,日本板硝子,3400,ガラス・土石製品,TOPIX Small 1,false,false,true
5204.T,1,standard,石塚硝子,3400,ガラス・土石製品,-,false,false,true
5208.T,1,prime,有沢製作所,3200,化学,TOPIX Small 1,false,false,true
520A.T,1,growth,ジェイファーマ,3250,医薬品,-,false,false,true
5210.T,1,standard,日本山村硝子,3400,ガラス・土石製品,-,false,false,true
5214.T,1,prime,日本電気硝子,3400,ガラス・土石製品,TOPIX Mid400,false,false,true
5216.T,1,standard,倉元製作所,3400,ガラス・土石製品,-,false,false,true
5218.T,1,standard,オハラ,3400,ガラス・土石製品,TOPIX Small 2,false,false,true
5232.T,1,prime,住友大阪セメント,3400,ガラス・土石製品,TOPIX Mid400,false,false,true
5233.T,1,prime,太平洋セメント,3400,ガラス・土石製品,TOPIX Mid400,false,false,true
5237.T,1,standard,ノザワ,3400,ガラス・土石製品,-,false,false,true
523A.T,1,growth,セイワホールディングス,3550,金属製品,-,false,false,true
5240.T,1,growth,ｍｏｎｏＡＩ　ｔｅｃｈｎｏｌｏｇｙ,5250,情報・通信業,-,false,false,true
5242.T,1,growth,アイズ,5250,情報・通信業,-,false,false,true
5243.T,1,growth,ｎｏｔｅ,5250,情報・通信業,-,false,false,true
5244.T,1,growth,ｊｉｇ．ｊｐ,5250,情報・通信業,-,false,false,true
5246.T,1,growth,ＥＬＥＭＥＮＴＳ,5250,情報・通信業,-,false,false,true
5247.T,1,growth,ＢＴＭ,5250,情報・通信業,-,false,false,true
5248.T,1,growth,テクノロジーズ,5250,情報・通信業,-,false,false,true
5250.T,1,standard,ＧＭＯプライム・ストラテジー,5250,情報・通信業,-,false,false,true
5252.T,1,growth,日本ナレッジ,5250,情報・通信業,-,false,false,true
5253.T,1,growth,カバー,5250,情報・通信業,-,false,false,true
5254.T,1,growth,Ａｒｅｎｔ,5250,情報・通信業,-,false,false,true
5255.T,1,growth,モンスターラボ,5250,情報・通信業,-,false,false,true
5256.T,1,growth,Ｆｕｓｉｃ,5250,情報・通信業,-,false,false,true
5257.T,1,standard,ノバシステム,5250,情報・通信業,-,false,false,true
5258.T,1,growth,トランザクション・メディア・ネットワークス,5250,情報・通信業,-,false,false,true
5261.T,1,prime,リソルホールディングス,9050,サービス業,-,false,false,true
5262.T,1,prime,日本ヒューム,3400,ガラス・土石製品,TOPIX Small 1,false,false,true
5271.T,1,standard,トーヨーアサノ,3400,ガラス・土石製品,-,false,false,true
5273.T,1,standard,三谷セキサン,3400,ガラス・土石製品,TOPIX Small 2,false,false,true
5279.T,1,standard,日本興業,3400,ガラス・土石製品,-,false,false,true
5280.T,1,standard,ヨシコン,8050,不動産業,-,false,false,true
5282.T,1,standard,ジオスター,3400,ガラス・土石製品,-,false,false,true
5283.T,1,standard,高見澤,6050,卸売業,-,false,false,true
5284.T,1,standard,ヤマウホールディングス,3400,ガラス・土石製品,-,false,false,true
5285.T,1,standard,ヤマックス,3400,ガラス・土石製品,-,false,false,true
5287.T,1,standard,イトーヨーギョー,3400,ガラス・土石製品,-,false,false,true
5288.T,1,prime,アジアパイルホールディングス,3400,ガラス・土石製品,TOPIX Small 2,false,false,true
5290.T,1,standard,ベルテクスコーポレーション,3400,ガラス・土石製品,-,false,false,true
5301.T,1,prime,東海カーボン,3400,ガラス・土石製品,TOPIX Mid400,false,false,true
5302.T,1,prime,日本カーボン,3400,ガラス・土石製品,TOPIX Small 1,false,false,true
5304.T,1,standard,ＳＥＣカーボン,3400,ガラス・土石製品,-,false,false,true
5310.T,1,prime,東洋炭素,3400,ガラス・土石製品,TOPIX Small 1,false,false,true
5331.T,1,prime,ノリタケ,3400,ガラス・土石製品,TOPIX Small 1,false,false,true
5332.T,1,prime,ＴＯＴＯ,3400,ガラス・土石製品,TOPIX Mid400,false,false,true
5333.T,1,prime,ＮＧＫ,3400,ガラス・土石製品,TOPIX Mid400,false,false,true
5334.T,1,prime,日本特殊陶業,3400,ガラス・土石製品,TOPIX Mid400,false,false,true
5337.T,1,standard,ダントーホールディングス,3400,ガラス・土石製品,-,false,false,true
5341.T,1,standard,ＡＳＡＨＩ　ＥＩＴＯホールディングス,3400,ガラス・土石製品,-,false,false,true
5344.T,1,prime,ＭＡＲＵＷＡ,3400,ガラス・土石製品,TOPIX Mid400,false,false,true
5351.T,1,prime,品川リフラ,3400,ガラス・土石製品,TOPIX Small 1,false,false,true
5355.T,1,standard,日本坩堝,3400,ガラス・土石製品,-,false,false,true
5356.T,1,standard,美濃窯業,3400,ガラス・土石製品,-,false,false,true
5357.T,1,prime,ヨータイ,3400,ガラス・土石製品,TOPIX Small 2,false,false,true
5363.T,1,standard,東京窯業,3400,ガラス・土石製品,-,false,false,true
5367.T,1,standard,ニッカトー,3400,ガラス・土石製品,-,false,false,true
5368.T,1,standard,日本インシュレーション,3400,ガラス・土石製品,-,false,false,true
5380.T,1,standard,新東,3400,ガラス・土石製品,-,false,false,true
5381.T,1,standard,マイポックス,3400,ガラス・土石製品,-,false,false,true
5384.T,1,prime,フジミインコーポレーテッド,3400,ガラス・土石製品,TOPIX Small 1,false,false,true
5388.T,1,standard,クニミネ工業,3400,ガラス・土石製品,-,false,false,true
5391.T,1,standard,エーアンドエーマテリアル,3400,ガラス・土石製品,-,false,false,true
5393.T,1,prime,ニチアス,3400,ガラス・土石製品,TOPIX Mid400,false,false,true
5401.T,1,prime,日本製鉄,3450,鉄鋼,TOPIX Large70,false,false,true
5406.T,1,prime,神戸製鋼所,3450,鉄鋼,TOPIX Mid400,false,false,true
5408.T,1,prime,中山製鋼所,3450,鉄鋼,TOPIX Small 2,false,false,true
5410.T,1,prime,合同製鐵,3450,鉄鋼,TOPIX Small 1,false,false,true
5411.T,1,prime,ＪＦＥホールディングス,3450,鉄鋼,TOPIX Mid400,false,false,true
5423.T,1,prime,東京製鐵,3450,鉄鋼,TOPIX Small 1,false,false,true
542A.T,1,growth,ビタブリッドジャパン,3200,化学,-,false,false,true
543A.T,1,prime,ＡＲＣＨＩＯＮ,3700,輸送用機器,TOPIX Small 1,false,false,true
5440.T,1,prime,共英製鋼,3450,鉄鋼,TOPIX Small 1,false,false,true
5444.T,1,prime,大和工業,3450,鉄鋼,TOPIX Mid400,false,false,true
5445.T,1,prime,東京鐵鋼,3450,鉄鋼,TOPIX Small 1,false,false,true
5446.T,1,standard,北越メタル,3450,鉄鋼,-,false,false,true
5449.T,1,standard,大阪製鐵,3450,鉄鋼,TOPIX Small 2,false,false,true
544A.T,1,prime,ＧＭＳグループ,3600,機械,TOPIX Small 2,false,false,true
5451.T,1,prime,ヨドコウ,3450,鉄鋼,TOPIX Small 1,false,false,true
5458.T,1,standard,高砂鐵工,3450,鉄鋼,-,false,false,true
545A.T,1,prime,トランヴィア,5250,情報・通信業,TOPIX Small 2,false,false,true
5461.T,1,prime,中部鋼鈑,3450,鉄鋼,TOPIX Small 1,false,false,true
5463.T,1,prime,丸一鋼管,3450,鉄鋼,TOPIX Mid400,false,false,true
5464.T,1,standard,モリ工業,3450,鉄鋼,TOPIX Small 2,false,false,true
546A.T,1,prime,ＭＩＲＡＩＮＩホールディングス,6050,卸売業,TOPIX Small 2,false,false,true
5471.T,1,prime,大同特殊鋼,3450,鉄鋼,TOPIX Mid400,false,false,true
547A.T,1,prime,ムニノバホールディングス,7200,その他金融業,TOPIX Small 1,false,false,true
5480.T,1,prime,日本冶金工業,3450,鉄鋼,TOPIX Small 1,false,false,true
5482.T,1,prime,愛知製鋼,3450,鉄鋼,TOPIX Small 1,false,false,true
5484.T,1,standard,東北特殊鋼,3450,鉄鋼,-,false,false,true
548A.T,1,standard,システムエグゼ,5250,情報・通信業,-,false,false,true
5491.T,1,standard,日本金属,3450,鉄鋼,-,false,false,true
549A.T,1,standard,ヒトトヒトホールディングス,9050,サービス業,-,false,false,true
550A.T,1,standard,ソフトテックス,5250,情報・通信業,-,false,false,true
5527.T,1,growth,ｐｒｏｐｅｒｔｙ　ｔｅｃｈｎｏｌｏｇｉｅｓ,8050,不動産業,-,false,false,true
5532.T,1,growth,リアルゲイト,8050,不動産業,-,false,false,true
5533.T,1,standard,エリッツホールディングス,8050,不動産業,-,false,false,true
5535.T,1,prime,ミガロホールディングス,8050,不動産業,-,false,false,true
5537.T,1,growth,ＡｌｂａＬｉｎｋ,8050,不動産業,-,false,false,true
5541.T,1,prime,大平洋金属,3450,鉄鋼,TOPIX Small 2,false,false,true
5542.T,1,standard,新報国マテリアル,3450,鉄鋼,-,false,false,true
554A.T,1,growth,バトンズ,5250,情報・通信業,-,false,false,true
5563.T,1,prime,新日本電工,3450,鉄鋼,TOPIX Small 1,false,false,true
556A.T,1,growth,犬猫生活,6100,小売業,-,false,false,true
5570.T,1,growth,ジェノバ,5250,情報・通信業,-,false,false,true
5571.T,1,standard,エキサイトホールディングス,5250,情報・通信業,-,false,false,true
5572.T,1,growth,Ｒｉｄｇｅ－ｉ,5250,情報・通信業,-,false,false,true
5574.T,1,growth,ＡＢＥＪＡ,5250,情報・通信業,-,false,false,true
5575.T,1,growth,Ｇｌｏｂｅｅ,5250,情報・通信業,-,false,false,true
5576.T,1,standard,オービーシステム,5250,情報・通信業,-,false,false,true
5578.T,1,growth,ＡＲアドバンストテクノロジ,5250,情報・通信業,-,false,false,true
5580.T,1,growth,プロディライト,5250,情報・通信業,-,false,false,true
5582.T,1,growth,グリッド,5250,情報・通信業,-,false,false,true
5586.T,1,growth,Ｌａｂｏｒｏ．ＡＩ,5250,情報・通信業,-,false,false,true
5587.T,1,growth,インバウンドプラットフォーム,5250,情報・通信業,-,false,false,true
5588.T,1,growth,ファーストアカウンティング,5250,情報・通信業,-,false,false,true
5589.T,1,standard,オートサーバー,5250,情報・通信業,-,false,false,true
558A.T,1,growth,ＳＱＵＥＥＺＥ,9050,サービス業,-,false,false,true
5590.T,1,growth,ネットスターズ,5250,情報・通信業,-,false,false,true
5591.T,1,growth,ＡＶＩＬＥＮ,5250,情報・通信業,-,false,false,true
5592.T,1,growth,くすりの窓口,5250,情報・通信業,-,false,false,true
5597.T,1,growth,ブルーイノベーション,5250,情報・通信業,-,false,false,true
5599.T,1,growth,Ｓ＆Ｊ,5250,情報・通信業,-,false,false,true
559A.T,1,standard,梅乃宿酒造,3050,食料品,-,false,false,true
5602.T,1,prime,栗本鐵工所,3450,鉄鋼,TOPIX Small 1,false,false,true
5603.T,1,standard,虹技,3450,鉄鋼,-,false,false,true
5609.T,1,standard,日本鋳造,3450,鉄鋼,-,false,false,true
5612.T,1,standard,日本鋳鉄管,3450,鉄鋼,-,false,false,true
5616.T,1,growth,雨風太陽,5250,情報・通信業,-,false,false,true
5618.T,1,growth,ナイル,5250,情報・通信業,-,false,false,true
5619.T,1,growth,マーソ,5250,情報・通信業,-,false,false,true
5621.T,1,growth,ヒューマンテクノロジーズ,5250,情報・通信業,-,false,false,true
5631.T,1,prime,日本製鋼所,3600,機械,TOPIX Mid400,false,false,true
5632.T,1,prime,三菱製鋼,3450,鉄鋼,TOPIX Small 2,false,false,true
5644.T,1,standard,メタルアート,3450,鉄鋼,-,false,false,true
5658.T,1,standard,日亜鋼業,3450,鉄鋼,-,false,false,true
5659.T,1,prime,日本精線,3450,鉄鋼,TOPIX Small 2,false,false,true
5660.T,1,standard,神鋼鋼線工業,3450,鉄鋼,-,false,false,true
5695.T,1,standard,パウダーテック,3450,鉄鋼,-,false,false,true
5697.T,1,standard,サンユウ,3450,鉄鋼,-,false,false,true
5698.T,1,standard,エンビプロ・ホールディングス,3450,鉄鋼,TOPIX Small 2,false,false,true
5699.T,1,standard,イボキン,3450,鉄鋼,-,false,false,true
5702.T,1,prime,大紀アルミニウム工業所,3500,非鉄金属,TOPIX Small 1,false,false,true
5703.T,1,prime,日本軽金属ホールディングス,3500,非鉄金属,TOPIX Small 1,false,false,true
5704.T,1,growth,ＪＭＣ,3500,非鉄金属,-,false,false,true
5706.T,1,prime,三井金属,3500,非鉄金属,TOPIX Mid400,false,false,true
5707.T,1,prime,東邦亜鉛,3500,非鉄金属,TOPIX Small 2,false,false,true
5711.T,1,prime,三菱マテリアル,3500,非鉄金属,TOPIX Mid400,false,false,true
5713.T,1,prime,住友金属鉱山,3500,非鉄金属,TOPIX Mid400,false,false,true
5714.T,1,prime,ＤＯＷＡホールディングス,3500,非鉄金属,TOPIX Mid400,false,false,true
5715.T,1,prime,古河機械金属,3500,非鉄金属,TOPIX Small 1,false,false,true
5721.T,1,standard,エスクリプトエナジー,3500,非鉄金属,-,false,false,true
5724.T,1,standard,アサカ理研,3500,非鉄金属,-,false,false,true
5726.T,1,prime,大阪チタニウムテクノロジーズ,3500,非鉄金属,TOPIX Small 1,false,false,true
5727.T,1,prime,東邦チタニウム,3500,非鉄金属,TOPIX Small 1,false,false,true
5729.T,1,standard,日本精鉱,3500,非鉄金属,-,false,false,true
5741.T,1,prime,ＵＡＣＪ,3500,非鉄金属,TOPIX Small 1,false,false,true
5742.T,1,standard,エヌアイシ・オートテック,3500,非鉄金属,-,false,false,true
5753.T,1,standard,日本伸銅,3500,非鉄金属,-,false,false,true
5757.T,1,prime,ＣＫサンエツ,3500,非鉄金属,TOPIX Small 2,false,false,true
5801.T,1,prime,古河電気工業,3500,非鉄金属,TOPIX Mid400,false,false,true
5802.T,1,prime,住友電気工業,3500,非鉄金属,TOPIX Large70,false,false,true
5803.T,1,prime,フジクラ,3500,非鉄金属,TOPIX Large70,false,false,true
5805.T,1,prime,ＳＷＣＣ,3500,非鉄金属,TOPIX Small 1,false,false,true
5816.T,1,standard,オーナンバ,3500,非鉄金属,-,false,false,true
5817.T,1,standard,ＪＭＡＣＳ,3500,非鉄金属,-,false,false,true
5819.T,1,standard,カナレ電気,3500,非鉄金属,-,false,false,true
5820.T,1,standard,三ッ星,3500,非鉄金属,-,false,false,true
5821.T,1,prime,平河ヒューテック,3500,非鉄金属,TOPIX Small 2,false,false,true
5830.T,1,prime,いよぎんホールディングス,7050,銀行業,TOPIX Mid400,false,false,true
5831.T,1,prime,しずおかフィナンシャルグループ,7050,銀行業,TOPIX Mid400,false,false,true
5832.T,1,prime,ちゅうぎんフィナンシャルグループ,7050,銀行業,TOPIX Mid400,false,false,true
5834.T,1,growth,ＳＢＩリーシングサービス,7100,証券、商品先物取引業,-,false,false,true
5838.T,1,prime,楽天銀行,7050,銀行業,TOPIX Mid400,false,false,true
5842.T,1,growth,インテグラル,7100,証券、商品先物取引業,-,false,false,true
5843.T,1,standard,ニッポンインシュア,7200,その他金融業,-,false,false,true
5844.T,1,prime,京都フィナンシャルグループ,7050,銀行業,TOPIX Mid400,false,false,true
5845.T,1,standard,全保連,7200,その他金融業,-,false,false,true
5851.T,1,prime,リョービ,3500,非鉄金属,TOPIX Small 1,false,false,true
5852.T,1,prime,アーレスティ,3500,非鉄金属,-,false,false,true
5856.T,1,standard,エルアイイーエイチ,6100,小売業,-,false,false,true
5857.T,1,prime,ＡＲＥホールディングス,3500,非鉄金属,TOPIX Small 1,false,false,true
5858.T,1,growth,ＳＴＧ,3500,非鉄金属,-,false,false,true
5867.T,1,growth,エスネットワークス,9050,サービス業,-,false,false,true
5868.T,1,standard,ロココ,9050,サービス業,-,false,false,true
5869.T,1,standard,早稲田学習研究会,9050,サービス業,-,false,false,true
5870.T,1,growth,ナルネットコミュニケーションズ,9050,サービス業,-,false,false,true
5871.T,1,standard,ＳＯＬＩＺＥ　Ｈｏｌｄｉｎｇｓ,9050,サービス業,-,false,false,true
5884.T,1,growth,クラダシ,6100,小売業,-,false,false,true
5885.T,1,standard,ジーデップ・アドバンス,6050,卸売業,-,false,false,true
5888.T,1,growth,ＤＡＩＷＡ　ＣＹＣＬＥ,6100,小売業,-,false,false,true
5889.T,1,prime,Ｊａｐａｎ　Ｅｙｅｗｅａｒ　Ｈｏｌｄｉｎｇｓ,6100,小売業,TOPIX Small 2,false,false,true
5891.T,1,standard,魁力屋,6100,小売業,-,false,false,true
5892.T,1,growth,ｙｕｔｏｒｉ,6100,小売業,-,false,false,true
5900.T,1,standard,ダイケン,3550,金属製品,-,false,false,true
5901.T,1,prime,東洋製罐グループホールディングス,3550,金属製品,TOPIX Mid400,false,false,true
5902.T,1,prime,ホッカンホールディングス,3550,金属製品,TOPIX Small 2,false,false,true
5903.T,1,standard,シンポ,3550,金属製品,-,false,false,true
5905.T,1,standard,日本製罐,3550,金属製品,-,false,false,true
5906.T,1,standard,エムケー精工,3550,金属製品,-,false,false,true
5909.T,1,standard,コロナ,3550,金属製品,TOPIX Small 2,false,false,true
5911.T,1,prime,横河ブリッジホールディングス,3550,金属製品,TOPIX Small 1,false,false,true
5915.T,1,standard,駒井ハルテック,3550,金属製品,-,false,false,true
5918.T,1,standard,瀧上工業,3550,金属製品,-,false,false,true
5921.T,1,standard,川岸工業,3550,金属製品,-,false,false,true
5922.T,1,standard,那須電機鉄工,3550,金属製品,-,false,false,true
5923.T,1,standard,高田機工,3550,金属製品,-,false,false,true
5928.T,1,standard,アルメタックス,3550,金属製品,-,false,false,true
5929.T,1,prime,三和ホールディングス,3550,金属製品,TOPIX Mid400,false,false,true
5930.T,1,prime,文化シヤッター,3550,金属製品,TOPIX Small 1,false,false,true
5932.T,1,prime,三協立山,3550,金属製品,TOPIX Small 2,false,false,true
5933.T,1,prime,アルインコ,3550,金属製品,TOPIX Small 2,false,false,true
5936.T,1,standard,東洋シヤッター,3550,金属製品,-,false,false,true
5938.T,1,prime,ＬＩＸＩＬ,3550,金属製品,TOPIX Mid400,false,false,true
5939.T,1,standard,大谷工業,3550,金属製品,-,false,false,true
5940.T,1,standard,不二サッシ,3550,金属製品,-,false,false,true
5941.T,1,standard,中西製作所,3550,金属製品,-,false,false,true
5942.T,1,standard,日本フイルコン,3550,金属製品,-,false,false,true
5943.T,1,prime,ノーリツ,3550,金属製品,TOPIX Small 1,false,false,true
5945.T,1,standard,天龍製鋸,3550,金属製品,-,false,false,true
5946.T,1,prime,長府製作所,3550,金属製品,TOPIX Small 2,false,false,true
5947.T,1,prime,リンナイ,3550,金属製品,TOPIX Mid400,false,false,true
5949.T,1,prime,ユニプレス,3700,輸送用機器,TOPIX Small 1,false,false,true
5950.T,1,standard,日本パワーファスニング,3550,金属製品,-,false,false,true
5951.T,1,standard,ダイニチ工業,3550,金属製品,-,false,false,true
5952.T,1,standard,アマテイ,3550,金属製品,-,false,false,true
5955.T,1,standard,ワイズホールディングス,3550,金属製品,-,false,false,true
5956.T,1,standard,トーソー,3550,金属製品,-,false,false,true
5957.T,1,prime,日東精工,3550,金属製品,TOPIX Small 2,false,false,true
5958.T,1,standard,三洋工業,3550,金属製品,-,false,false,true
5959.T,1,prime,岡部,3550,金属製品,TOPIX Small 2,false,false,true
5962.T,1,standard,浅香工業,3800,その他製品,-,false,false,true
5965.T,1,standard,フジマック,3550,金属製品,-,false,false,true
5966.T,1,standard,京都機械工具,3550,金属製品,-,false,false,true
5967.T,1,standard,ＴＯＮＥ,3550,金属製品,-,false,false,true
5969.T,1,standard,ロブテックス,3550,金属製品,-,false,false,true
5970.T,1,prime,ジーテクト,3550,金属製品,TOPIX Small 1,false,false,true
5971.T,1,standard,共和工業所,3550,金属製品,-,false,false,true
5973.T,1,standard,トーアミ,3550,金属製品,-,false,false,true
5974.T,1,standard,中国工業,3550,金属製品,-,false,false,true
5975.T,1,prime,東プレ,3550,金属製品,TOPIX Small 1,false,false,true
5976.T,1,prime,高周波熱錬,3550,金属製品,TOPIX Small 2,false,false,true
5981.T,1,prime,東京製綱,3550,金属製品,TOPIX Small 2,false,false,true
5982.T,1,standard,マルゼン,3550,金属製品,-,false,false,true
5983.T,1,standard,イワブチ,3550,金属製品,-,false,false,true
5984.T,1,standard,兼房,3550,金属製品,-,false,false,true
5985.T,1,standard,サンコール,3550,金属製品,TOPIX Small 2,false,false,true
5986.T,1,standard,モリテック　スチール,3550,金属製品,-,false,false,true
5987.T,1,standard,オーネックス,3550,金属製品,-,false,false,true
5988.T,1,prime,パイオラックス,3550,金属製品,TOPIX Small 1,false,false,true
5989.T,1,prime,エイチワン,3550,金属製品,TOPIX Small 2,false,false,true
5990.T,1,standard,スーパーツール,3550,金属製品,-,false,false,true
5991.T,1,prime,日本発條,3550,金属製品,TOPIX Mid400,false,false,true
5992.T,1,standard,中央発條,3550,金属製品,TOPIX Small 2,false,false,true
5994.T,1,standard,ファインシンター,3550,金属製品,-,false,false,true
5997.T,1,standard,協立エアテック,3550,金属製品,-,false,false,true
5998.T,1,standard,アドバネクス,3550,金属製品,-,false,false,true
6005.T,1,prime,三浦工業,3600,機械,TOPIX Mid400,false,false,true
6013.T,1,prime,タクマ,3600,機械,TOPIX Small 1,false,false,true
6016.T,1,standard,ジャパンエンジンコーポレーション,3700,輸送用機器,-,false,false,true
6018.T,1,standard,阪神内燃機工業,3700,輸送用機器,-,false,false,true
6022.T,1,standard,赤阪鐵工所,3600,機械,-,false,false,true
6023.T,1,standard,ダイハツインフィニアース,3700,輸送用機器,-,false,false,true
6027.T,1,prime,弁護士ドットコム,9050,サービス業,TOPIX Small 2,false,false,true
6029.T,1,standard,アトラグループ,9050,サービス業,-,false,false,true
6031.T,1,growth,ＺＥＴＡ,9050,サービス業,-,false,false,true
6033.T,1,growth,エクストリーム,9050,サービス業,-,false,false,true
6034.T,1,growth,ＭＲＴ,9050,サービス業,-,false,false,true
6035.T,1,standard,アイ・アールジャパンホールディングス,9050,サービス業,TOPIX Small 2,false,false,true
6036.T,1,prime,ＫｅｅＰｅｒ技研,9050,サービス業,TOPIX Small 1,false,false,true
6037.T,1,standard,楽待,9050,サービス業,-,false,false,true
6038.T,1,growth,イード,9050,サービス業,-,false,false,true
6039.T,1,growth,日本動物高度医療センター,9050,サービス業,-,false,false,true
6040.T,1,growth,日本スキー場開発,9050,サービス業,-,false,false,true
6042.T,1,standard,ニッキ,3700,輸送用機器,-,false,false,true
6044.T,1,standard,三機サービス,9050,サービス業,-,false,false,true
6045.T,1,growth,レントラックス,9050,サービス業,-,false,false,true
6046.T,1,standard,リンクバル,9050,サービス業,-,false,false,true
6047.T,1,prime,Ｇｕｎｏｓｙ,9050,サービス業,TOPIX Small 2,false,false,true
6049.T,1,growth,イトクロ,9050,サービス業,-,false,false,true
6050.T,1,prime,イー・ガーディアン,9050,サービス業,TOPIX Small 2,false,false,true
6054.T,1,standard,リブセンス,9050,サービス業,-,false,false,true
6055.T,1,prime,ジャパンマテリアル,9050,サービス業,TOPIX Small 1,false,false,true
6058.T,1,prime,ベクトル,9050,サービス業,TOPIX Small 2,false,false,true
6059.T,1,standard,ウチヤマホールディングス,9050,サービス業,-,false,false,true
6061.T,1,standard,ユニバーサル園芸社,9050,サービス業,-,false,false,true
6062.T,1,prime,チャーム・ケア・コーポレーション,9050,サービス業,TOPIX Small 2,false,false,true
6063.T,1,standard,日本エマージェンシーアシスタンス,9050,サービス業,-,false,false,true
6069.T,1,growth,トレンダーズ,9050,サービス業,-,false,false,true
6070.T,1,prime,キャリアリンク,9050,サービス業,TOPIX Small 2,false,false,true
6071.T,1,prime,ＩＢＪ,9050,サービス業,TOPIX Small 2,false,false,true
6072.T,1,standard,地盤ネットホールディングス,9050,サービス業,-,false,false,true
6073.T,1,prime,アサンテ,9050,サービス業,TOPIX Small 2,false,false,true
6074.T,1,standard,ジェイエスエス,9050,サービス業,-,false,false,true
6078.T,1,prime,バリューＨＲ,9050,サービス業,TOPIX Small 2,false,false,true
6080.T,1,prime,Ｍ＆Ａキャピタルパートナーズ,9050,サービス業,TOPIX Small 1,false,false,true
6081.T,1,growth,アライドアーキテクツ,9050,サービス業,-,false,false,true
6082.T,1,standard,ライドオンエクスプレスホールディングス,9050,サービス業,TOPIX Small 2,false,false,true
6083.T,1,standard,ＥＲＩホールディングス,9050,サービス業,-,false,false,true
6085.T,1,growth,アーキテクツ・スタジオ・ジャパン,9050,サービス業,-,false,false,true
6086.T,1,growth,シンメンテホールディングス,9050,サービス業,-,false,false,true
6087.T,1,standard,アビスト,9050,サービス業,-,false,false,true
6088.T,1,prime,シグマクシス・ホールディングス,9050,サービス業,TOPIX Small 1,false,false,true
6089.T,1,prime,ウィルグループ,9050,サービス業,TOPIX Small 2,false,false,true
6090.T,1,standard,ヒューマン・メタボローム・テクノロジーズ,9050,サービス業,-,false,false,true
6091.T,1,standard,ウエスコホールディングス,9050,サービス業,-,false,false,true
6092.T,1,standard,エンバイオ・ホールディングス,9050,サービス業,-,false,false,true
6093.T,1,standard,エスクロー・エージェント・ジャパン,9050,サービス業,-,false,false,true
6094.T,1,growth,フリークアウト・ホールディングス,9050,サービス業,-,false,false,true
6096.T,1,standard,レアジョブ,9050,サービス業,-,false,false,true
6098.T,1,prime,リクルートホールディングス,9050,サービス業,TOPIX Core30,false,false,true
6099.T,1,prime,エラン,9050,サービス業,TOPIX Small 2,false,false,true
6101.T,1,prime,ツガミ,3600,機械,TOPIX Small 1,false,false,true
6103.T,1,prime,オークマ,3600,機械,TOPIX Small 1,false,false,true
6104.T,1,prime,芝浦機械,3600,機械,TOPIX Small 1,false,false,true
6113.T,1,prime,アマダ,3600,機械,TOPIX Mid400,false,false,true
6118.T,1,prime,アイダエンジニアリング,3600,機械,TOPIX Small 1,false,false,true
6125.T,1,standard,岡本工作機械製作所,3600,機械,-,false,false,true
6134.T,1,prime,ＦＵＪＩ,3600,機械,TOPIX Mid400,false,false,true
6135.T,1,prime,牧野フライス製作所,3600,機械,TOPIX Small 1,false,false,true
6136.T,1,prime,オーエスジー,3600,機械,TOPIX Mid400,false,false,true
6137.T,1,standard,小池酸素工業,3600,機械,-,false,false,true
6138.T,1,standard,ダイジェット工業,3600,機械,-,false,false,true
6140.T,1,prime,旭ダイヤモンド工業,3600,機械,TOPIX Small 1,false,false,true
6141.T,1,prime,ＤＭＧ森精機,3600,機械,TOPIX Mid400,false,false,true
6143.T,1,prime,ソディック,3600,機械,TOPIX Small 1,false,false,true
6144.T,1,standard,西部電機,3600,機械,-,false,false,true
6145.T,1,standard,ＮＩＴＴＯＫＵ,3600,機械,-,false,false,true
6146.T,1,prime,ディスコ,3600,機械,TOPIX Large70,false,false,true
6147.T,1,standard,ヤマザキ,3600,機械,-,false,false,true
6149.T,1,standard,小田原エンジニアリング,3600,機械,-,false,false,true
6150.T,1,standard,タケダ機械,3600,機械,-,false,false,true
6151.T,1,prime,日東工器,3600,機械,TOPIX Small 2,false,false,true
6155.T,1,standard,高松機械工業,3600,機械,-,false,false,true
6156.T,1,standard,エーワン精密,3600,機械,-,false,false,true
6157.T,1,standard,日進工具,3600,機械,TOPIX Small 2,false,false,true
6158.T,1,standard,和井田製作所,3600,機械,-,false,false,true
6159.T,1,standard,ミクロン精密,3600,機械,-,false,false,true
6161.T,1,standard,エスティック,3600,機械,-,false,false,true
6165.T,1,standard,パンチ工業,3600,機械,-,false,false,true
6166.T,1,growth,中村超硬,3600,機械,-,false,false,true
6167.T,1,prime,冨士ダイス,3600,機械,TOPIX Small 2,false,false,true
6171.T,1,standard,土木管理総合試験所,9050,サービス業,-,false,false,true
6173.T,1,growth,アクアライン,9050,サービス業,-,false,false,true
6176.T,1,standard,ブランジスタ,9050,サービス業,-,false,false,true
6177.T,1,growth,ＡｐｐＢａｎｋ,9050,サービス業,-,false,false,true
6178.T,1,prime,日本郵政,9050,サービス業,TOPIX Large70,false,false,true
6180.T,1,growth,ＧＭＯメディア,9050,サービス業,-,false,false,true
6181.T,1,growth,タメニー,9050,サービス業,-,false,false,true
6182.T,1,growth,メタリアル,9050,サービス業,-,false,false,true
6183.T,1,prime,ベルシステム２４ホールディングス,9050,サービス業,TOPIX Small 2,false,false,true
6184.T,1,prime,鎌倉新書,9050,サービス業,TOPIX Small 2,false,false,true
6185.T,1,standard,ＳＭＮ,9050,サービス業,-,false,false,true
6186.T,1,standard,一蔵,9050,サービス業,-,false,false,true
6189.T,1,standard,グローバルキッズＣＯＭＰＡＮＹ,9050,サービス業,-,false,false,true
6190.T,1,growth,フェニックスバイオ,9050,サービス業,-,false,false,true
6191.T,1,prime,エアトリ,9050,サービス業,TOPIX Small 2,false,false,true
6193.T,1,growth,バーチャレクス・ホールディングス,9050,サービス業,-,false,false,true
6194.T,1,prime,アトラエ,9050,サービス業,TOPIX Small 2,false,false,true
6195.T,1,growth,ホープ,9050,サービス業,-,false,false,true
6196.T,1,prime,ストライクグループ,9050,サービス業,TOPIX Small 1,false,false,true
6197.T,1,prime,ソラスト,9050,サービス業,TOPIX Small 2,false,false,true
6198.T,1,growth,キャリア,9050,サービス業,-,false,false,true
6199.T,1,standard,セラク,5250,情報・通信業,TOPIX Small 2,false,false,true
6200.T,1,prime,インソース,9050,サービス業,TOPIX Small 1,false,false,true
6201.T,1,prime,豊田自動織機,3700,輸送用機器,TOPIX Large70,false,false,true
6203.T,1,standard,豊和工業,3600,機械,-,false,false,true
6208.T,1,standard,石川製作所,3600,機械,-,false,false,true
6209.T,1,prime,リケンＮＰＲ,3600,機械,TOPIX Small 1,false,false,true
6217.T,1,standard,津田駒工業,3600,機械,-,false,false,true
6218.T,1,standard,エンシュウ,3600,機械,-,false,false,true
6222.T,1,prime,島精機製作所,3600,機械,TOPIX Small 1,false,false,true
6223.T,1,standard,西部技研,3600,機械,-,false,false,true
6224.T,1,growth,ＪＲＣ,3600,機械,-,false,false,true
6226.T,1,standard,守谷輸送機工業,3600,機械,-,false,false,true
6227.T,1,standard,ＡＩメカテック,3600,機械,-,false,false,true
6228.T,1,standard,ジェイ・イー・ティ,3600,機械,-,false,false,true
6229.T,1,standard,オーケーエム,3600,機械,-,false,false,true
6230.T,1,standard,ＳＡＮＥＩ,3600,機械,-,false,false,true
6231.T,1,standard,木村工機,3600,機械,-,false,false,true
6232.T,1,growth,ＡＣＳＬ,3600,機械,-,false,false,true
6233.T,1,standard,ＫＬＡＳＳ,3600,機械,-,false,false,true
6235.T,1,prime,オプトラン,3600,機械,TOPIX Small 1,false,false,true
6237.T,1,prime,イワキポンプ,3600,機械,TOPIX Small 2,false,false,true
6238.T,1,prime,フリュー,3600,機械,TOPIX Small 2,false,false,true
6239.T,1,standard,ナガオカ,3600,機械,-,false,false,true
6240.T,1,prime,ヤマシンフィルタ,3600,機械,TOPIX Small 2,false,false,true
6245.T,1,standard,ヒラノテクシード,3600,機械,-,false,false,true
6246.T,1,standard,テクノスマート,3600,機械,-,false,false,true
6247.T,1,prime,日阪製作所,3600,機械,TOPIX Small 2,false,false,true
6248.T,1,standard,横田製作所,3600,機械,-,false,false,true
6249.T,1,standard,ゲームカードホールディングス,3600,機械,-,false,false,true
6250.T,1,prime,やまびこ,3600,機械,TOPIX Small 1,false,false,true
6254.T,1,prime,野村マイクロ・サイエンス,3600,機械,TOPIX Small 1,false,false,true
6255.T,1,growth,エヌ・ピー・シー,3600,機械,-,false,false,true
6257.T,1,standard,藤商事,3600,機械,-,false,false,true
6258.T,1,prime,平田機工,3600,機械,TOPIX Small 1,false,false,true
6262.T,1,standard,ＰＥＧＡＳＵＳ,3600,機械,TOPIX Small 2,false,false,true
6264.T,1,prime,マルマエ,3600,機械,TOPIX Small 2,false,false,true
6265.T,1,standard,コンバム,3600,機械,-,false,false,true
6266.T,1,prime,タツモ,3600,機械,TOPIX Small 2,false,false,true
6267.T,1,standard,ゼネラルパッカー,3600,機械,-,false,false,true
6268.T,1,prime,ナブテスコ,3600,機械,TOPIX Mid400,false,false,true
6269.T,1,prime,三井海洋開発,3600,機械,TOPIX Mid400,false,false,true
6272.T,1,prime,レオン自動機,3600,機械,TOPIX Small 2,false,false,true
6273.T,1,prime,ＳＭＣ,3600,機械,TOPIX Large70,false,false,true
6276.T,1,standard,シリウスビジョン,3650,電気機器,-,false,false,true
6277.T,1,prime,ホソカワミクロン,3600,機械,TOPIX Small 1,false,false,true
6278.T,1,prime,ユニオンツール,3600,機械,TOPIX Small 1,false,false,true
6279.T,1,prime,瑞光,3600,機械,TOPIX Small 2,false,false,true
6282.T,1,prime,オイレス工業,3600,機械,TOPIX Small 1,false,false,true
6284.T,1,prime,日精エー・エス・ビー機械,3600,機械,TOPIX Small 1,false,false,true
6286.T,1,standard,靜甲,3600,機械,-,false,false,true
6287.T,1,prime,サトー,3600,機械,TOPIX Small 1,false,false,true
6289.T,1,prime,技研製作所,3600,機械,TOPIX Small 2,false,false,true
6291.T,1,standard,日本エアーテック,3600,機械,TOPIX Small 2,false,false,true
6292.T,1,standard,カワタ,3600,機械,-,false,false,true
6294.T,1,prime,オカダアイヨン,3600,機械,-,false,false,true
6298.T,1,prime,ワイエイシイホールディングス,3600,機械,TOPIX Small 2,false,false,true
6301.T,1,prime,小松製作所,3600,機械,TOPIX Large70,false,false,true
6302.T,1,prime,住友重機械工業,3600,機械,TOPIX Mid400,false,false,true
6305.T,1,prime,日立建機,3600,機械,TOPIX Mid400,false,false,true
6306.T,1,prime,日工,3600,機械,TOPIX Small 2,false,false,true
6307.T,1,standard,サンセイ,3600,機械,-,false,false,true
6309.T,1,prime,巴工業,3600,機械,TOPIX Small 2,false,false,true
6310.T,1,prime,井関農機,3600,機械,TOPIX Small 2,false,false,true
6315.T,1,prime,ＴＯＷＡ,3600,機械,TOPIX Small 1,false,false,true
6316.T,1,standard,丸山製作所,3600,機械,-,false,false,true
6317.T,1,standard,北川鉄工所,3600,機械,TOPIX Small 2,false,false,true
6322.T,1,standard,タクミナ,3600,機械,-,false,false,true
6323.T,1,prime,ローツェ,3600,機械,TOPIX Mid400,false,false,true
6324.T,1,prime,ハーモニック・ドライブ・システムズ,3600,機械,TOPIX Small 2,false,false,true
6325.T,1,standard,タカキタ,3600,機械,-,false,false,true
6326.T,1,prime,クボタ,3600,機械,TOPIX Large70,false,false,true
6327.T,1,standard,北川精機,3600,機械,-,false,false,true
6328.T,1,prime,荏原実業,3600,機械,TOPIX Small 2,false,false,true
6330.T,1,prime,東洋エンジニアリング,2050,建設業,TOPIX Small 2,false,false,true
6331.T,1,prime,三菱化工機,3600,機械,TOPIX Small 1,false,false,true
6332.T,1,prime,月島ホールディングス,3600,機械,TOPIX Small 1,false,false,true
6333.T,1,prime,ＴＥＩＫＯＫＵ,3600,機械,TOPIX Small 2,false,false,true
6334.T,1,standard,明治機械,3600,機械,-,false,false,true
6335.T,1,standard,東京機械製作所,3600,機械,-,false,false,true
6336.T,1,standard,石井表記,3600,機械,-,false,false,true
6337.T,1,standard,テセック,3600,機械,-,false,false,true
6338.T,1,standard,タカトリ,3600,機械,-,false,false,true
6339.T,1,prime,新東工業,3600,機械,TOPIX Small 2,false,false,true
6340.T,1,prime,澁谷工業,3600,機械,TOPIX Small 2,false,false,true
6342.T,1,standard,太平製作所,3600,機械,-,false,false,true
6343.T,1,standard,フリージア・マクロス,3600,機械,-,false,false,true
6345.T,1,prime,アイチ　コーポレーション,3600,機械,TOPIX Small 2,false,false,true
6346.T,1,standard,キクカワエンタープライズ,3600,機械,-,false,false,true
6347.T,1,standard,プラコー,3600,機械,-,false,false,true
6349.T,1,prime,小森コーポレーション,3600,機械,TOPIX Small 1,false,false,true
6351.T,1,prime,鶴見製作所,3600,機械,TOPIX Small 2,false,false,true
6356.T,1,standard,日本ギア工業,3600,機械,-,false,false,true
6357.T,1,standard,三精テクノロジーズ,3600,機械,-,false,false,true
6358.T,1,prime,酒井重工業,3600,機械,TOPIX Small 2,false,false,true
6360.T,1,standard,東京自働機械製作所,3600,機械,-,false,false,true
6361.T,1,prime,荏原製作所,3600,機械,TOPIX Mid400,false,false,true
6363.T,1,prime,酉島製作所,3600,機械,TOPIX Small 1,false,false,true
6364.T,1,prime,ＡＩＲＭＡＮ,3600,機械,TOPIX Small 2,false,false,true
6365.T,1,standard,電業社機械製作所,3600,機械,-,false,false,true
6366.T,1,standard,千代田化工建設,2050,建設業,-,false,false,true
6367.T,1,prime,ダイキン工業,3600,機械,TOPIX Core30,false,false,true
6368.T,1,prime,オルガノ,3600,機械,TOPIX Mid400,false,false,true
6369.T,1,prime,トーヨーカネツ,3600,機械,TOPIX Small 2,false,false,true
6370.T,1,prime,栗田工業,3600,機械,TOPIX Mid400,false,false,true
6371.T,1,prime,椿本チエイン,3600,機械,TOPIX Small 1,false,false,true
6376.T,1,prime,日機装,3750,精密機器,TOPIX Small 1,false,false,true
6378.T,1,standard,木村化工機,3600,機械,TOPIX Small 2,false,false,true
6379.T,1,prime,レイズネクスト,2050,建設業,TOPIX Small 2,false,false,true
6380.T,1,standard,オリエンタルチエン工業,3600,機械,-,false,false,true
6381.T,1,prime,アネスト岩田,3600,機械,TOPIX Small 2,false,false,true
6382.T,1,standard,トリニティ工業,3600,機械,-,false,false,true
6383.T,1,prime,ダイフク,3600,機械,TOPIX Mid400,false,false,true
6384.T,1,standard,昭和真空,3600,機械,-,false,false,true
6387.T,1,prime,サムコ,3600,機械,TOPIX Small 2,false,false,true
6390.T,1,prime,加藤製作所,3600,機械,-,false,false,true
6391.T,1,standard,加地テック,3600,機械,-,false,false,true
6392.T,1,standard,ヤマダコーポレーション,3600,機械,-,false,false,true
6393.T,1,standard,油研工業,3600,機械,-,false,false,true
6395.T,1,prime,タダノ,3600,機械,TOPIX Small 1,false,false,true
6396.T,1,standard,宇野澤組鐵工所,3600,機械,-,false,false,true
6400.T,1,standard,不二精機,3600,機械,-,false,false,true
6402.T,1,standard,兼松エンジニアリング,3600,機械,-,false,false,true
6403.T,1,standard,水道機工,3600,機械,-,false,false,true
6405.T,1,standard,鈴茂器工,3600,機械,-,false,false,true
6407.T,1,prime,ＣＫＤ,3600,機械,TOPIX Small 1,false,false,true
6408.T,1,standard,小倉クラッチ,3600,機械,-,false,false,true
6412.T,1,prime,平和,3600,機械,TOPIX Small 1,false,false,true
6413.T,1,prime,理想科学工業,3600,機械,TOPIX Small 2,false,false,true
6417.T,1,prime,ＳＡＮＫＹＯ,3600,機械,TOPIX Mid400,false,false,true
6418.T,1,prime,日本金銭機械,3600,機械,TOPIX Small 2,false,false,true
6419.T,1,prime,マースグループホールディングス,3600,機械,TOPIX Small 1,false,false,true
6420.T,1,prime,ガリレイ,3600,機械,TOPIX Small 1,false,false,true
6424.T,1,standard,高見沢サイバネティックス,3600,機械,-,false,false,true
6425.T,1,standard,ユニバーサルエンターテインメント,3600,機械,-,false,false,true
6428.T,1,standard,オーイズミ,3600,機械,-,false,false,true
6430.T,1,prime,ダイコク電機,3600,機械,TOPIX Small 2,false,false,true
6432.T,1,prime,竹内製作所,3600,機械,TOPIX Small 1,false,false,true
6433.T,1,standard,ヒーハイスト,3600,機械,-,false,false,true
6436.T,1,prime,アマノ,3600,機械,TOPIX Mid400,false,false,true
6440.T,1,prime,ＪＵＫＩ,3600,機械,TOPIX Small 2,false,false,true
6444.T,1,standard,サンデン,3600,機械,-,false,false,true
6445.T,1,prime,ジャノメ,3600,機械,TOPIX Small 2,false,false,true
6448.T,1,prime,ブラザー工業,3650,電気機器,TOPIX Mid400,false,false,true
6454.T,1,prime,マックス,3600,機械,TOPIX Small 1,false,false,true
6455.T,1,prime,モリタホールディングス,3700,輸送用機器,TOPIX Small 2,false,false,true
6457.T,1,prime,グローリー,3600,機械,TOPIX Mid400,false,false,true
6458.T,1,prime,新晃工業,3600,機械,TOPIX Small 1,false,false,true
6459.T,1,prime,大和冷機工業,3600,機械,TOPIX Small 2,false,false,true
6460.T,1,prime,セガサミーホールディングス,3600,機械,TOPIX Mid400,false,false,true
6463.T,1,prime,ＴＰＲ,3600,機械,TOPIX Small 1,false,false,true
6464.T,1,prime,ツバキ・ナカシマ,3600,機械,TOPIX Small 2,false,false,true
6465.T,1,prime,ホシザキ,3600,機械,TOPIX Mid400,false,false,true
6466.T,1,standard,ＴＶＥ,3600,機械,-,false,false,true
6467.T,1,standard,ニチダイ,3600,機械,-,false,false,true
6469.T,1,standard,放電精密加工研究所,3600,機械,-,false,false,true
6470.T,1,standard,大豊工業,3600,機械,TOPIX Small 2,false,false,true
6471.T,1,prime,日本精工,3600,機械,TOPIX Mid400,false,false,true
6472.T,1,prime,ＮＴＮ,3600,機械,TOPIX Mid400,false,false,true
6473.T,1,prime,ジェイテクト,3600,機械,TOPIX Mid400,false,false,true
6474.T,1,prime,不二越,3600,機械,TOPIX Small 1,false,false,true
6479.T,1,prime,ミネベアミツミ,3650,電気機器,TOPIX Mid400,false,false,true
6480.T,1,prime,日本トムソン,3600,機械,TOPIX Small 2,false,false,true
6481.T,1,prime,ＴＨＫ,3600,機械,TOPIX Mid400,false,false,true
6482.T,1,standard,ＹＵＳＨＩＮ,3600,機械,TOPIX Small 2,false,false,true
6484.T,1,standard,ＫＶＫ,3600,機械,-,false,false,true
6485.T,1,standard,前澤給装工業,3600,機械,TOPIX Small 2,false,false,true
6486.T,1,prime,イーグル工業,3600,機械,TOPIX Small 1,false,false,true
6488.T,1,standard,ヨシタケ,3600,機械,-,false,false,true
6489.T,1,standard,前澤工業,3600,機械,-,false,false,true
6490.T,1,prime,ＰＩＬＬＡＲ,3600,機械,TOPIX Small 1,false,false,true
6492.T,1,standard,岡野バルブ製造,3600,機械,-,false,false,true
6493.T,1,standard,ＮＩＴＴＡＮ,3700,輸送用機器,-,false,false,true
6494.T,1,standard,ＮＦＫホールディングス,3600,機械,-,false,false,true
6495.T,1,standard,宮入バルブ製作所,3600,機械,-,false,false,true
6496.T,1,standard,中北製作所,3600,機械,-,false,false,true
6497.T,1,standard,ハマイ,3600,機械,-,false,false,true
6498.T,1,prime,キッツ,3600,機械,TOPIX Small 1,false,false,true
6501.T,1,prime,日立製作所,3650,電気機器,TOPIX Core30,false,false,true
6503.T,1,prime,三菱電機,3650,電気機器,TOPIX Core30,false,false,true
6504.T,1,prime,富士電機,3650,電気機器,TOPIX Mid400,false,false,true
6505.T,1,standard,東洋電機製造,3650,電気機器,-,false,false,true
6506.T,1,prime,安川電機,3650,電気機器,TOPIX Mid400,false,false,true
6507.T,1,prime,シンフォニアテクノロジー,3650,電気機器,TOPIX Small 1,false,false,true
6508.T,1,prime,明電舎,3650,電気機器,TOPIX Small 1,false,false,true
6513.T,1,standard,オリジン,3650,電気機器,-,false,false,true
6516.T,1,prime,山洋電気,3650,電気機器,TOPIX Small 1,false,false,true
6517.T,1,prime,デンヨー,3650,電気機器,TOPIX Small 2,false,false,true
6518.T,1,standard,三相電機,3650,電気機器,-,false,false,true
6521.T,1,growth,オキサイド,3650,電気機器,-,false,false,true
6522.T,1,growth,アスタリスク,3650,電気機器,-,false,false,true
6523.T,1,prime,ＰＨＣホールディングス,3650,電気機器,TOPIX Small 1,false,false,true
6524.T,1,standard,湖北工業,3650,電気機器,-,false,false,true
6525.T,1,prime,ＫＯＫＵＳＡＩ　ＥＬＥＣＴＲＩＣ,3650,電気機器,TOPIX Mid400,false,false,true
6526.T,1,prime,ソシオネクスト,3650,電気機器,TOPIX Mid400,false,false,true
6532.T,1,prime,ベイカレント,9050,サービス業,TOPIX Mid400,false,false,true
6533.T,1,prime,Ｏｒｃｈｅｓｔｒａ　Ｈｏｌｄｉｎｇｓ,9050,サービス業,TOPIX Small 2,false,false,true
6535.T,1,prime,アイモバイル,9050,サービス業,TOPIX Small 2,false,false,true
6537.T,1,growth,ＷＡＳＨハウス,9050,サービス業,-,false,false,true
6538.T,1,standard,ディスラプターズ,9050,サービス業,-,false,false,true
6539.T,1,prime,ＭＳ－Ｊａｐａｎ,9050,サービス業,TOPIX Small 2,false,false,true
6540.T,1,standard,船場,9050,サービス業,-,false,false,true
6543.T,1,standard,日宣,9050,サービス業,-,false,false,true
6544.T,1,prime,ジャパンエレベーターサービスホールディングス,9050,サービス業,TOPIX Mid400,false,false,true
6545.T,1,growth,インターネットインフィニティー,9050,サービス業,-,false,false,true
6546.T,1,standard,フルテック,9050,サービス業,-,false,false,true
6547.T,1,standard,グリーンズ,9050,サービス業,-,false,false,true
6548.T,1,growth,旅工房,9050,サービス業,-,false,false,true
6549.T,1,standard,ディーエムソリューションズ,9050,サービス業,-,false,false,true
6551.T,1,standard,ツナググループ・ホールディングス,9050,サービス業,-,false,false,true
6552.T,1,standard,ＧａｍｅＷｉｔｈ,9050,サービス業,-,false,false,true
6554.T,1,growth,エスユーエス,9050,サービス業,-,false,false,true
6555.T,1,standard,ＭＳ＆Ｃｏｎｓｕｌｔｉｎｇ,9050,サービス業,-,false,false,true
6557.T,1,growth,ＡＩＡＩグループ,9050,サービス業,-,false,false,true
6558.T,1,growth,クックビズ,9050,サービス業,-,false,false,true
6560.T,1,prime,エル・ティー・エス,9050,サービス業,TOPIX Small 2,false,false,true
6561.T,1,growth,ＨＡＮＡＴＯＵＲ　ＪＡＰＡＮ,9050,サービス業,-,false,false,true
6562.T,1,growth,ジーニー,9050,サービス業,-,false,false,true
6563.T,1,growth,みらいワークス,9050,サービス業,-,false,false,true
6564.T,1,prime,ミダックホールディングス,9050,サービス業,TOPIX Small 2,false,false,true
6565.T,1,standard,ＡＢホテル,9050,サービス業,-,false,false,true
6566.T,1,standard,要興業,9050,サービス業,-,false,false,true
6568.T,1,growth,神戸天然物化学,9050,サービス業,-,false,false,true
6570.T,1,standard,共和コーポレーション,9050,サービス業,-,false,false,true
6571.T,1,prime,キュービーネットホールディングス,9050,サービス業,TOPIX Small 2,false,false,true
6572.T,1,prime,オープングループ,9050,サービス業,TOPIX Small 2,false,false,true
6573.T,1,growth,ＣＲＡＶＩＡ,9050,サービス業,-,false,false,true
6574.T,1,growth,コンヴァノ,9050,サービス業,-,false,false,true
6577.T,1,growth,ベストワンドットコム,9050,サービス業,-,false,false,true
6578.T,1,standard,コレックホールディングス,9050,サービス業,-,false,false,true
6579.T,1,growth,ログリー,9050,サービス業,-,false,false,true
6580.T,1,growth,ライトアップ,9050,サービス業,-,false,false,true
6584.T,1,prime,三櫻工業,3700,輸送用機器,TOPIX Small 2,false,false,true
6586.T,1,prime,マキタ,3600,機械,TOPIX Mid400,false,false,true
6588.T,1,prime,東芝テック,3650,電気機器,TOPIX Small 1,false,false,true
6590.T,1,prime,芝浦メカトロニクス,3650,電気機器,TOPIX Small 1,false,false,true
6592.T,1,prime,マブチモーター,3650,電気機器,TOPIX Mid400,false,false,true
6594.T,1,prime,ニデック,3650,電気機器,-,false,false,true
6597.T,1,growth,ＨＰＣシステムズ,3650,電気機器,-,false,false,true
6599.T,1,standard,エブレン,3650,電気機器,-,false,false,true
6612.T,1,growth,バルミューダ,3650,電気機器,-,false,false,true
6613.T,1,growth,ＱＤレーザ,3650,電気機器,-,false,false,true
6614.T,1,standard,シキノハイテック,3650,電気機器,-,false,false,true
6615.T,1,prime,ユー・エム・シー・エレクトロニクス,3650,電気機器,TOPIX Small 2,false,false,true
6616.T,1,prime,トレックス・セミコンダクター,3650,電気機器,TOPIX Small 2,false,false,true
6617.T,1,prime,東光高岳,3650,電気機器,TOPIX Small 2,false,false,true
6619.T,1,prime,ダブル・スコープ,3650,電気機器,TOPIX Small 2,false,false,true
6620.T,1,prime,宮越ホールディングス,8050,不動産業,TOPIX Small 2,false,false,true
6622.T,1,prime,ダイヘン,3650,電気機器,TOPIX Small 1,false,false,true
6625.T,1,standard,ＪＡＬＣＯホールディングス,8050,不動産業,-,false,false,true
6626.T,1,standard,ＳＥＭＩＴＥＣ,3650,電気機器,-,false,false,true
6627.T,1,standard,テラプローブ,3650,電気機器,-,false,false,true
6629.T,1,standard,テクノホライゾン,3650,電気機器,-,false,false,true
6630.T,1,prime,ヤーマン,3650,電気機器,TOPIX Small 1,false,false,true
6632.T,1,prime,ＪＶＣケンウッド,3650,電気機器,TOPIX Mid400,false,false,true
6633.T,1,standard,ＣＧＳホールディングス,3650,電気機器,-,false,false,true
6634.T,1,standard,ＪＮグループ,3650,電気機器,-,false,false,true
6635.T,1,standard,大日光・エンジニアリング,3650,電気機器,-,false,false,true
6637.T,1,standard,寺崎電気産業,3650,電気機器,-,false,false,true
6638.T,1,prime,ミマキエンジニアリング,3650,電気機器,TOPIX Small 2,false,false,true
6643.T,1,standard,戸上電機製作所,3650,電気機器,-,false,false,true
6644.T,1,prime,大崎電気工業,3650,電気機器,TOPIX Small 2,false,false,true
6645.T,1,prime,オムロン,3650,電気機器,TOPIX Mid400,false,false,true
6647.T,1,standard,森尾電機,3650,電気機器,-,false,false,true
6648.T,1,standard,かわでん,3650,電気機器,-,false,false,true
6651.T,1,prime,日東工業,3650,電気機器,TOPIX Small 1,false,false,true
6652.T,1,prime,ＩＤＥＣ,3650,電気機器,TOPIX Small 1,false,false,true
6653.T,1,prime,正興電機製作所,3650,電気機器,-,false,false,true
6654.T,1,standard,不二電機工業,3650,電気機器,-,false,false,true
6656.T,1,standard,インスペック,3650,電気機器,-,false,false,true
6658.T,1,standard,シライ電子工業,3650,電気機器,-,false,false,true
6659.T,1,standard,メディアリンクス,3650,電気機器,-,false,false,true
6662.T,1,standard,ユビテック,3650,電気機器,-,false,false,true
6663.T,1,standard,太洋テクノレックス,3650,電気機器,-,false,false,true
6664.T,1,standard,オプトエレクトロニクス,3650,電気機器,-,false,false,true
6666.T,1,standard,リバーエレテック,3650,電気機器,-,false,false,true
6668.T,1,standard,アドテック　プラズマ　テクノロジー,3650,電気機器,-,false,false,true
6670.T,1,standard,ＭＣＪ,3650,電気機器,-,false,false,true
6674.T,1,prime,ジーエス・ユアサ　コーポレーション,3650,電気機器,TOPIX Mid400,false,false,true
6675.T,1,standard,サクサ,3650,電気機器,-,false,false,true
6676.T,1,standard,ＢＵＦＦＡＬＯ,3650,電気機器,TOPIX Small 2,false,false,true
6677.T,1,standard,エスケーエレクトロニクス,3650,電気機器,-,false,false,true
6678.T,1,standard,テクノメディカ,3650,電気機器,TOPIX Small 2,false,false,true
6694.T,1,standard,ズーム,3650,電気機器,-,false,false,true
6696.T,1,growth,トラース・オン・プロダクト,3650,電気機器,-,false,false,true
6699.T,1,standard,ダイヤモンドエレクトリックホールディングス,3650,電気機器,TOPIX Small 2,false,false,true
6701.T,1,prime,日本電気,3650,電気機器,TOPIX Large70,false,false,true
6702.T,1,prime,富士通,3650,電気機器,TOPIX Large70,false,false,true
6703.T,1,prime,沖電気工業,3650,電気機器,TOPIX Small 1,false,false,true
6706.T,1,prime,電気興業,3650,電気機器,TOPIX Small 2,false,false,true
6707.T,1,prime,サンケン電気,3650,電気機器,TOPIX Mid400,false,false,true
6718.T,1,prime,アイホン,3650,電気機器,TOPIX Small 2,false,false,true
6721.T,1,standard,ウインテスト,3650,電気機器,-,false,false,true
6723.T,1,prime,ルネサスエレクトロニクス,3650,電気機器,TOPIX Large70,false,false,true
6724.T,1,prime,セイコーエプソン,3650,電気機器,TOPIX Mid400,false,false,true
6727.T,1,prime,ワコム,3650,電気機器,TOPIX Small 1,false,false,true
6728.T,1,prime,アルバック,3650,電気機器,TOPIX Mid400,false,false,true
6730.T,1,standard,アクセル,3650,電気機器,TOPIX Small 2,false,false,true
6731.T,1,standard,ピクセラ,3650,電気機器,-,false,false,true
6736.T,1,standard,サン電子,3650,電気機器,-,false,false,true
6737.T,1,prime,ＥＩＺＯ,3650,電気機器,TOPIX Small 1,false,false,true
6740.T,1,prime,ジャパンディスプレイ,3650,電気機器,TOPIX Small 2,false,false,true
6741.T,1,prime,日本信号,3650,電気機器,TOPIX Small 2,false,false,true
6742.T,1,prime,京三製作所,3650,電気機器,TOPIX Small 2,false,false,true
6743.T,1,standard,大同信号,3650,電気機器,-,false,false,true
6744.T,1,prime,能美防災,3650,電気機器,TOPIX Small 1,false,false,true
6745.T,1,prime,ホーチキ,3650,電気機器,TOPIX Small 2,false,false,true
6748.T,1,standard,星和電機,3650,電気機器,-,false,false,true
6750.T,1,prime,エレコム,3650,電気機器,TOPIX Small 1,false,false,true
6752.T,1,prime,パナソニック　ホールディングス,3650,電気機器,TOPIX Large70,false,false,true
6753.T,1,prime,シャープ,3650,電気機器,TOPIX Mid400,false,false,true
6754.T,1,prime,アンリツ,3650,電気機器,TOPIX Mid400,false,false,true
6757.T,1,standard,ＯＳＧコーポレーション,3650,電気機器,-,false,false,true
6758.T,1,prime,ソニーグループ,3650,電気機器,TOPIX Core30,false,false,true
6762.T,1,prime,ＴＤＫ,3650,電気機器,TOPIX Large70,false,false,true
6763.T,1,prime,帝国通信工業,3650,電気機器,TOPIX Small 2,false,false,true
6768.T,1,prime,タムラ製作所,3650,電気機器,TOPIX Small 1,false,false,true
6769.T,1,standard,ザインエレクトロニクス,3650,電気機器,-,false,false,true
6770.T,1,prime,アルプスアルパイン,3650,電気機器,TOPIX Mid400,false,false,true
6771.T,1,standard,池上通信機,3650,電気機器,-,false,false,true
6772.T,1,standard,東京コスモス電機,3650,電気機器,-,false,false,true
6775.T,1,standard,ＴＢグループ,3650,電気機器,-,false,false,true
6776.T,1,standard,天昇電気工業,3200,化学,-,false,false,true
6777.T,1,standard,ｓａｎｔｅｃ　Ｈｏｌｄｉｎｇｓ,3650,電気機器,-,false,false,true
6778.T,1,standard,アルチザネットワークス,3650,電気機器,-,false,false,true
6779.T,1,prime,日本電波工業,3650,電気機器,TOPIX Small 2,false,false,true
6785.T,1,prime,鈴木,3650,電気機器,TOPIX Small 2,false,false,true
6786.T,1,standard,ＲＶＨ,9050,サービス業,-,false,false,true
6787.T,1,prime,メイコー,3650,電気機器,TOPIX Small 1,false,false,true
6788.T,1,prime,日本トリム,3650,電気機器,TOPIX Small 2,false,false,true
6794.T,1,prime,フォスター電機,3650,電気機器,TOPIX Small 2,false,false,true
6797.T,1,standard,名古屋電機工業,3650,電気機器,-,false,false,true
6798.T,1,prime,ＳＭＫ,3650,電気機器,TOPIX Small 2,false,false,true
6800.T,1,prime,ヨコオ,3650,電気機器,TOPIX Small 2,false,false,true
6803.T,1,standard,ティアック,3650,電気機器,-,false,false,true
6804.T,1,prime,ホシデン,3650,電気機器,TOPIX Small 1,false,false,true
6806.T,1,prime,ヒロセ電機,3650,電気機器,TOPIX Mid400,false,false,true
6807.T,1,prime,日本航空電子工業,3650,電気機器,TOPIX Small 1,false,false,true
6809.T,1,prime,ＴＯＡ,3650,電気機器,TOPIX Small 2,false,false,true
6810.T,1,prime,マクセル,3650,電気機器,TOPIX Small 1,false,false,true
6814.T,1,prime,古野電気,3650,電気機器,TOPIX Small 1,false,false,true
6817.T,1,prime,スミダコーポレーション,3650,電気機器,TOPIX Small 2,false,false,true
6819.T,1,standard,伊豆シャボテンリゾート,9050,サービス業,-,false,false,true
6820.T,1,prime,アイコム,3650,電気機器,TOPIX Small 2,false,false,true
6822.T,1,standard,大井電気,3650,電気機器,-,false,false,true
6823.T,1,prime,リオン,3650,電気機器,TOPIX Small 2,false,false,true
6824.T,1,standard,新コスモス電機,3650,電気機器,-,false,false,true
6832.T,1,standard,アオイ電子,3650,電気機器,-,false,false,true
6834.T,1,standard,精工技研,3650,電気機器,-,false,false,true
6835.T,1,standard,アライドテレシスホールディングス,3650,電気機器,-,false,false,true
6836.T,1,standard,ぷらっとホーム,3650,電気機器,-,false,false,true
6837.T,1,standard,京写,3650,電気機器,-,false,false,true
6838.T,1,standard,多摩川ホールディングス,3650,電気機器,-,false,false,true
6840.T,1,standard,ＡＫＩＢＡホールディングス,3650,電気機器,-,false,false,true
6841.T,1,prime,横河電機,3650,電気機器,TOPIX Mid400,false,false,true
6844.T,1,prime,新電元工業,3650,電気機器,TOPIX Small 2,false,false,true
6845.T,1,prime,アズビル,3650,電気機器,TOPIX Mid400,false,false,true
6848.T,1,standard,東亜ディーケーケー,3650,電気機器,-,false,false,true
6849.T,1,prime,日本光電工業,3650,電気機器,TOPIX Mid400,false,false,true
6850.T,1,prime,チノー,3650,電気機器,TOPIX Small 2,false,false,true
6853.T,1,standard,共和電業,3650,電気機器,-,false,false,true
6855.T,1,standard,日本電子材料,3650,電気機器,TOPIX Small 2,false,false,true
6856.T,1,prime,堀場製作所,3650,電気機器,TOPIX Mid400,false,false,true
6857.T,1,prime,アドバンテスト,3650,電気機器,TOPIX Core30,false,false,true
6858.T,1,standard,小野測器,3650,電気機器,-,false,false,true
6859.T,1,prime,エスペック,3650,電気機器,TOPIX Small 1,false,false,true
6861.T,1,prime,キーエンス,3650,電気機器,TOPIX Core30,false,false,true
6862.T,1,standard,ミナトホールディングス,3650,電気機器,-,false,false,true
6863.T,1,standard,ニレコ,3650,電気機器,-,false,false,true
6864.T,1,standard,エヌエフホールディングス,3650,電気機器,-,false,false,true
6866.T,1,prime,日置電機,3650,電気機器,TOPIX Small 1,false,false,true
6867.T,1,standard,リーダー電子,3650,電気機器,-,false,false,true
6869.T,1,prime,シスメックス,3650,電気機器,TOPIX Mid400,false,false,true
6870.T,1,standard,日本フェンオール,3650,電気機器,-,false,false,true
6871.T,1,prime,日本マイクロニクス,3650,電気機器,TOPIX Small 1,false,false,true
6874.T,1,standard,協立電機,3650,電気機器,-,false,false,true
6875.T,1,prime,メガチップス,3650,電気機器,TOPIX Small 1,false,false,true
6877.T,1,standard,ＯＢＡＲＡ　ＧＲＯＵＰ,3650,電気機器,TOPIX Small 2,false,false,true
6882.T,1,standard,三社電機製作所,3650,電気機器,-,false,false,true
6888.T,1,standard,アクモス,5250,情報・通信業,-,false,false,true
6890.T,1,standard,フェローテック,3650,電気機器,-,false,false,true
6894.T,1,standard,パルステック工業,3650,電気機器,-,false,false,true
6897.T,1,standard,ツインバード,3650,電気機器,-,false,false,true
6898.T,1,standard,トミタ電機,3650,電気機器,-,false,false,true
6899.T,1,standard,ＡＳＴＩ,3650,電気機器,-,false,false,true
6901.T,1,standard,澤藤電機,3650,電気機器,-,false,false,true
6902.T,1,prime,デンソー,3700,輸送用機器,TOPIX Large70,false,false,true
6904.T,1,standard,原田工業,3650,電気機器,-,false,false,true
6905.T,1,prime,コーセル,3650,電気機器,TOPIX Small 2,false,false,true
6907.T,1,standard,ジオマテック,3650,電気機器,-,false,false,true
6908.T,1,prime,イリソ電子工業,3650,電気機器,TOPIX Small 1,false,false,true
6912.T,1,standard,菊水ホールディングス,3650,電気機器,-,false,false,true
6914.T,1,prime,オプテックスグループ,3650,電気機器,TOPIX Small 1,false,false,true
6915.T,1,standard,千代田インテグレ,3650,電気機器,TOPIX Small 2,false,false,true
6918.T,1,standard,アバールデータ,3650,電気機器,-,false,false,true
6919.T,1,standard,ケル,3650,電気機器,-,false,false,true
6920.T,1,prime,レーザーテック,3650,電気機器,TOPIX Large70,false,false,true
6923.T,1,prime,スタンレー電気,3650,電気機器,TOPIX Mid400,false,false,true
6925.T,1,prime,ウシオ電機,3650,電気機器,TOPIX Mid400,false,false,true
6926.T,1,standard,岡谷電機産業,3650,電気機器,-,false,false,true
6927.T,1,standard,ヘリオス　テクノ　ホールディング,3650,電気機器,-,false,false,true
6928.T,1,standard,エノモト,3650,電気機器,-,false,false,true
6929.T,1,prime,日本セラミック,3650,電気機器,TOPIX Small 1,false,false,true
6932.T,1,standard,遠藤照明,3650,電気機器,-,false,false,true
6941.T,1,prime,山一電機,3650,電気機器,TOPIX Small 1,false,false,true
6942.T,1,standard,ソフィアホールディングス,5250,情報・通信業,-,false,false,true
6943.T,1,standard,ＮＫＫスイッチズ,3650,電気機器,-,false,false,true
6946.T,1,standard,日本アビオニクス,3650,電気機器,-,false,false,true
6947.T,1,prime,図研,3650,電気機器,TOPIX Small 1,false,false,true
6951.T,1,prime,日本電子,3650,電気機器,TOPIX Mid400,false,false,true
6952.T,1,prime,カシオ計算機,3650,電気機器,TOPIX Mid400,false,false,true
6954.T,1,prime,ファナック,3650,電気機器,TOPIX Large70,false,false,true
6955.T,1,standard,ＦＤＫ,3650,電気機器,-,false,false,true
6958.T,1,prime,日本シイエムケイ,3650,電気機器,TOPIX Small 2,false,false,true
6960.T,1,standard,フクダ電子,3650,電気機器,-,false,false,true
6961.T,1,prime,エンプラス,3650,電気機器,TOPIX Small 2,false,false,true
6962.T,1,prime,大真空,3650,電気機器,TOPIX Small 2,false,false,true
6963.T,1,prime,ローム,3650,電気機器,TOPIX Mid400,false,false,true
6964.T,1,standard,サンコー,3650,電気機器,-,false,false,true
6965.T,1,prime,浜松ホトニクス,3650,電気機器,TOPIX Mid400,false,false,true
6966.T,1,prime,三井ハイテック,3650,電気機器,TOPIX Small 1,false,false,true
6969.T,1,standard,松尾電機,3650,電気機器,-,false,false,true
6971.T,1,prime,京セラ,3650,電気機器,TOPIX Large70,false,false,true
6976.T,1,prime,太陽誘電,3650,電気機器,TOPIX Mid400,false,false,true
6977.T,1,standard,日本抵抗器製作所,3650,電気機器,-,false,false,true
6981.T,1,prime,村田製作所,3650,電気機器,TOPIX Large70,false,false,true
6982.T,1,standard,リード,3700,輸送用機器,-,false,false,true
6986.T,1,prime,双葉電子工業,3650,電気機器,TOPIX Small 2,false,false,true
6988.T,1,prime,日東電工,3200,化学,TOPIX Mid400,false,false,true
6989.T,1,standard,北陸電気工業,3650,電気機器,-,false,false,true
6993.T,1,standard,大黒屋ホールディングス,6100,小売業,-,false,false,true
6994.T,1,standard,指月電機製作所,3650,電気機器,-,false,false,true
6995.T,1,prime,東海理化電機製作所,3700,輸送用機器,TOPIX Small 1,false,false,true
6996.T,1,prime,ニチコン,3650,電気機器,TOPIX Small 1,false,false,true
6997.T,1,prime,日本ケミコン,3650,電気機器,TOPIX Small 2,false,false,true
6998.T,1,standard,日本タングステン,3650,電気機器,-,false,false,true
6999.T,1,prime,ＫＯＡ,3650,電気機器,TOPIX Small 1,false,false,true
7003.T,1,prime,三井Ｅ＆Ｓ,3600,機械,TOPIX Mid400,false,false,true
7004.T,1,prime,カナデビア,3600,機械,TOPIX Small 1,false,false,true
7011.T,1,prime,三菱重工業,3600,機械,TOPIX Core30,false,false,true
7012.T,1,prime,川崎重工業,3700,輸送用機器,TOPIX Mid400,false,false,true
7013.T,1,prime,ＩＨＩ,3600,機械,TOPIX Mid400,false,false,true
7014.T,1,standard,名村造船所,3700,輸送用機器,TOPIX Small 1,false,false,true
7018.T,1,standard,内海造船,3700,輸送用機器,-,false,false,true
7021.T,1,standard,ニッチツ,3600,機械,-,false,false,true
7022.T,1,standard,サノヤスホールディングス,3600,機械,-,false,false,true
7030.T,1,standard,スプリックス,9050,サービス業,-,false,false,true
7031.T,1,growth,インバウンドテック,9050,サービス業,-,false,false,true
7033.T,1,prime,マネジメントソリューションズ,9050,サービス業,TOPIX Small 2,false,false,true
7034.T,1,prime,プロレド・パートナーズ,9050,サービス業,TOPIX Small 2,false,false,true
7035.T,1,standard,ａｎｄ　ｆａｃｔｏｒｙ,9050,サービス業,-,false,false,true
7036.T,1,growth,イーエムネットジャパン,9050,サービス業,-,false,false,true
7037.T,1,standard,テノ．ホールディングス,9050,サービス業,-,false,false,true
7038.T,1,prime,フロンティア・マネジメント,9050,サービス業,TOPIX Small 2,false,false,true
7039.T,1,growth,ブリッジインターナショナルグループ,9050,サービス業,-,false,false,true
7040.T,1,standard,サン・ライフホールディング,9050,サービス業,-,false,false,true
7041.T,1,growth,ＣＲＧホールディングス,9050,サービス業,-,false,false,true
7042.T,1,standard,アクセスグループ・ホールディングス,9050,サービス業,-,false,false,true
7043.T,1,growth,アルー,9050,サービス業,-,false,false,true
7044.T,1,standard,ピアラ,9050,サービス業,-,false,false,true
7046.T,1,growth,ＴＤＳＥ,9050,サービス業,-,false,false,true
7047.T,1,growth,ポート,9050,サービス業,-,false,false,true
7048.T,1,growth,ベルトラ,9050,サービス業,-,false,false,true
7049.T,1,growth,識学,9050,サービス業,-,false,false,true
7050.T,1,growth,フロンティアインターナショナル,9050,サービス業,-,false,false,true
7057.T,1,standard,エヌ・シー・エヌ,9050,サービス業,-,false,false,true
7058.T,1,standard,共栄セキュリティーサービス,9050,サービス業,-,false,false,true
7059.T,1,prime,コプロ・ホールディングス,9050,サービス業,-,false,false,true
7060.T,1,standard,ギークス,9050,サービス業,-,false,false,true
7061.T,1,growth,日本ホスピスホールディングス,9050,サービス業,-,false,false,true
7062.T,1,growth,フレアス,9050,サービス業,-,false,false,true
7063.T,1,growth,Ｂｉｒｄｍａｎ,9050,サービス業,-,false,false,true
7064.T,1,standard,ハウテレビジョン,9050,サービス業,-,false,false,true
7065.T,1,standard,ユーピーアール,9050,サービス業,-,false,false,true
7066.T,1,growth,ピアズ,9050,サービス業,-,false,false,true
7067.T,1,growth,ブランディングテクノロジー,9050,サービス業,-,false,false,true
7068.T,1,growth,フィードフォースグループ,9050,サービス業,-,false,false,true
7069.T,1,growth,サイバー・バズ,9050,サービス業,-,false,false,true
7071.T,1,prime,アンビスホールディングス,9050,サービス業,TOPIX Small 2,false,false,true
7072.T,1,growth,インティメート・マージャー,9050,サービス業,-,false,false,true
7073.T,1,growth,ジェイック,9050,サービス業,-,false,false,true
7074.T,1,growth,トゥエンティーフォーセブンホールディングス,9050,サービス業,-,false,false,true
7075.T,1,growth,ＱＬＳホールディングス,9050,サービス業,-,false,false,true
7077.T,1,growth,ＡＬｉＮＫインターネット,9050,サービス業,-,false,false,true
7078.T,1,growth,ＩＮＣＬＵＳＩＶＥ　Ｈｏｌｄｉｎｇｓ,9050,サービス業,-,false,false,true
7079.T,1,growth,ＷＤＢココ,9050,サービス業,-,false,false,true
7080.T,1,growth,スポーツフィールド,9050,サービス業,-,false,false,true
7081.T,1,standard,コーユーレンティア,9050,サービス業,-,false,false,true
7082.T,1,growth,ジモティー,9050,サービス業,-,false,false,true
7083.T,1,growth,ＡＨＣグループ,9050,サービス業,-,false,false,true
7084.T,1,growth,Ｓｍｉｌｅ　Ｈｏｌｄｉｎｇｓ,9050,サービス業,-,false,false,true
7085.T,1,prime,カーブスホールディングス,9050,サービス業,TOPIX Small 1,false,false,true
7087.T,1,standard,ウイルテック,9050,サービス業,-,false,false,true
7088.T,1,prime,フォーラムエンジニアリング,9050,サービス業,-,false,false,true
7089.T,1,growth,フォースタートアップス,9050,サービス業,-,false,false,true
7090.T,1,growth,リグア,9050,サービス業,-,false,false,true
7091.T,1,growth,リビングプラットフォーム,9050,サービス業,-,false,false,true
7093.T,1,growth,アディッシュ,9050,サービス業,-,false,false,true
7094.T,1,growth,ＮｅｘＴｏｎｅ,9050,サービス業,-,false,false,true
7095.T,1,prime,Ｍａｃｂｅｅ　Ｐｌａｎｅｔ,9050,サービス業,TOPIX Small 2,false,false,true
7096.T,1,growth,ステムセル研究所,9050,サービス業,-,false,false,true
7097.T,1,growth,さくらさくプラス,9050,サービス業,-,false,false,true
7102.T,1,prime,日本車輌製造,3700,輸送用機器,TOPIX Small 2,false,false,true
7110.T,1,growth,クラシコム,6100,小売業,-,false,false,true
7111.T,1,standard,ＩＮＥＳＴ,6050,卸売業,-,false,false,true
7112.T,1,growth,キューブ,6100,小売業,-,false,false,true
7114.T,1,growth,フーディソン,6050,卸売業,-,false,false,true
7115.T,1,standard,アルファパーチェス,6050,卸売業,-,false,false,true
7119.T,1,growth,ハルメクホールディングス,6100,小売業,-,false,false,true
7120.T,1,standard,ＳＨＩＮＫＯ,6050,卸売業,-,false,false,true
7122.T,1,standard,近畿車輛,3700,輸送用機器,-,false,false,true
7126.T,1,standard,グローバルスタイル,6100,小売業,-,false,false,true
7127.T,1,standard,一家ホールディングス,6100,小売業,-,false,false,true
7128.T,1,prime,ユニソルホールディングス,6050,卸売業,TOPIX Small 1,false,false,true
7129.T,1,standard,ミアヘルサホールディングス,6100,小売業,-,false,false,true
7130.T,1,prime,ヤマエグループホールディングス,6050,卸売業,TOPIX Small 1,false,false,true
7131.T,1,standard,のむら産業,6050,卸売業,-,false,false,true
7133.T,1,growth,ＨＹＵＧＡ　ＰＲＩＭＡＲＹ　ＣＡＲＥ,6100,小売業,-,false,false,true
7134.T,1,standard,アップガレージグループ,6100,小売業,-,false,false,true
7135.T,1,standard,ジャパンクラフトホールディングス,6100,小売業,-,false,false,true
7138.T,1,growth,ＴＯＲＩＣＯ,6100,小売業,-,false,false,true
7140.T,1,growth,ペットゴー,6100,小売業,-,false,false,true
7148.T,1,prime,ＦＰＧ,7100,証券、商品先物取引業,TOPIX Small 1,false,false,true
7150.T,1,standard,島根銀行,7050,銀行業,-,false,false,true
7157.T,1,prime,ライフネット生命保険,7150,保険業,TOPIX Small 1,false,false,true
7161.T,1,standard,じもとホールディングス,7050,銀行業,-,false,false,true
7162.T,1,standard,アストマックス,4050,電気・ガス業,-,false,false,true
7164.T,1,prime,全国保証,7200,その他金融業,TOPIX Mid400,false,false,true
7167.T,1,prime,めぶきフィナンシャルグループ,7050,銀行業,TOPIX Mid400,false,false,true
7172.T,1,prime,ジャパンインベストメントアドバイザー,7100,証券、商品先物取引業,TOPIX Small 1,false,false,true
7173.T,1,prime,東京きらぼしフィナンシャルグループ,7050,銀行業,TOPIX Small 1,false,false,true
7175.T,1,standard,今村証券,7100,証券、商品先物取引業,-,false,false,true
7177.T,1,standard,ＧＭＯフィナンシャルホールディングス,7100,証券、商品先物取引業,-,false,false,true
7180.T,1,prime,九州フィナンシャルグループ,7050,銀行業,TOPIX Mid400,false,false,true
7181.T,1,prime,かんぽ生命保険,7150,保険業,TOPIX Mid400,false,false,true
7182.T,1,prime,ゆうちょ銀行,7050,銀行業,TOPIX Large70,false,false,true
7183.T,1,standard,あんしん保証,7200,その他金融業,-,false,false,true
7184.T,1,prime,富山第一銀行,7050,銀行業,TOPIX Small 1,false,false,true
7185.T,1,standard,ヒロセ通商,7100,証券、商品先物取引業,-,false,false,true
7186.T,1,prime,横浜フィナンシャルグループ,7050,銀行業,TOPIX Mid400,false,false,true
7187.T,1,prime,ジェイリース,7200,その他金融業,TOPIX Small 2,false,false,true
7189.T,1,prime,西日本フィナンシャルホールディングス,7050,銀行業,TOPIX Mid400,false,false,true
7191.T,1,standard,イントラスト,7200,その他金融業,-,false,false,true
7192.T,1,standard,日本モーゲージサービス,7200,その他金融業,-,false,false,true
7196.T,1,standard,Ｃａｓａ,7200,その他金融業,-,false,false,true
7198.T,1,prime,ＳＢＩアルヒ,7200,その他金融業,TOPIX Small 2,false,false,true
7199.T,1,prime,プレミアグループ,7200,その他金融業,TOPIX Small 1,false,false,true
7201.T,1,prime,日産自動車,3700,輸送用機器,TOPIX Mid400,false,false,true
7202.T,1,prime,いすゞ自動車,3700,輸送用機器,TOPIX Mid400,false,false,true
7203.T,1,prime,トヨタ自動車,3700,輸送用機器,TOPIX Core30,false,false,true
7208.T,1,standard,カネミツ,3700,輸送用機器,-,false,false,true
7211.T,1,prime,三菱自動車工業,3700,輸送用機器,TOPIX Mid400,false,false,true
7212.T,1,standard,エフテック,3700,輸送用機器,-,false,false,true
7213.T,1,standard,レシップホールディングス,3700,輸送用機器,-,false,false,true
7214.T,1,standard,ＧＭＢ,3700,輸送用機器,-,false,false,true
7215.T,1,standard,ファルテック,3700,輸送用機器,-,false,false,true
7217.T,1,standard,テイン,3700,輸送用機器,-,false,false,true
7218.T,1,standard,田中精密工業,3700,輸送用機器,-,false,false,true
7219.T,1,standard,エッチ・ケー・エス,3700,輸送用機器,-,false,false,true
7220.T,1,prime,武蔵精密工業,3700,輸送用機器,TOPIX Small 1,false,false,true
7222.T,1,standard,日産車体,3700,輸送用機器,TOPIX Small 2,false,false,true
7224.T,1,prime,新明和工業,3700,輸送用機器,TOPIX Small 1,false,false,true
7226.T,1,prime,極東開発工業,3700,輸送用機器,TOPIX Small 1,false,false,true
7228.T,1,standard,デイトナ,3700,輸送用機器,-,false,false,true
7229.T,1,standard,ユタカ技研,3700,輸送用機器,-,false,false,true
7231.T,1,prime,トピー工業,3700,輸送用機器,TOPIX Small 2,false,false,true
7235.T,1,standard,東京ラヂエーター製造,3700,輸送用機器,-,false,false,true
7236.T,1,prime,ティラド,3700,輸送用機器,TOPIX Small 2,false,false,true
7238.T,1,prime,曙ブレーキ工業,3700,輸送用機器,TOPIX Small 2,false,false,true
7239.T,1,prime,タチエス,3700,輸送用機器,TOPIX Small 1,false,false,true
7240.T,1,prime,ＮＯＫ,3700,輸送用機器,TOPIX Mid400,false,false,true
7241.T,1,prime,フタバ産業,3700,輸送用機器,TOPIX Small 1,false,false,true
7242.T,1,prime,カヤバ,3700,輸送用機器,TOPIX Small 1,false,false,true
7244.T,1,prime,市光工業,3650,電気機器,TOPIX Small 2,false,false,true
7245.T,1,prime,大同メタル工業,3700,輸送用機器,TOPIX Small 2,false,false,true
7246.T,1,prime,プレス工業,3700,輸送用機器,TOPIX Small 1,false,false,true
7247.T,1,standard,ミクニ,3700,輸送用機器,-,false,false,true
7254.T,1,standard,ユニバンス,3700,輸送用機器,-,false,false,true
7255.T,1,standard,桜井製作所,3700,輸送用機器,-,false,false,true
7256.T,1,standard,河西工業,3700,輸送用機器,-,false,false,true
7259.T,1,prime,アイシン,3700,輸送用機器,TOPIX Mid400,false,false,true
7261.T,1,prime,マツダ,3700,輸送用機器,TOPIX Mid400,false,false,true
7264.T,1,standard,ムロコーポレーション,3700,輸送用機器,-,false,false,true
7265.T,1,standard,エイケン工業,3700,輸送用機器,-,false,false,true
7266.T,1,standard,今仙電機製作所,3700,輸送用機器,-,false,false,true
7267.T,1,prime,本田技研工業,3700,輸送用機器,TOPIX Core30,false,false,true
7269.T,1,prime,スズキ,3700,輸送用機器,TOPIX Large70,false,false,true
7270.T,1,prime,ＳＵＢＡＲＵ,3700,輸送用機器,TOPIX Large70,false,false,true
7271.T,1,standard,安永,3700,輸送用機器,-,false,false,true
7272.T,1,prime,ヤマハ発動機,3700,輸送用機器,TOPIX Mid400,false,false,true
7273.T,1,standard,イクヨ,3700,輸送用機器,-,false,false,true
7276.T,1,prime,小糸製作所,3650,電気機器,TOPIX Mid400,false,false,true
7277.T,1,standard,ＴＢＫ,3700,輸送用機器,-,false,false,true
7278.T,1,prime,エクセディ,3700,輸送用機器,TOPIX Small 1,false,false,true
7279.T,1,standard,ハイレックスコーポレーション,3700,輸送用機器,-,false,false,true
7280.T,1,prime,ミツバ,3650,電気機器,TOPIX Small 1,false,false,true
7282.T,1,prime,豊田合成,3700,輸送用機器,TOPIX Mid400,false,false,true
7283.T,1,prime,愛三工業,3700,輸送用機器,TOPIX Small 1,false,false,true
7284.T,1,standard,盟和産業,3700,輸送用機器,-,false,false,true
7287.T,1,standard,日本精機,3700,輸送用機器,-,false,false,true
7291.T,1,standard,日本プラスト,3700,輸送用機器,-,false,false,true
7292.T,1,standard,村上開明堂,3700,輸送用機器,-,false,false,true
7294.T,1,prime,ヨロズ,3700,輸送用機器,TOPIX Small 2,false,false,true
7296.T,1,prime,エフ・シー・シー,3700,輸送用機器,TOPIX Small 1,false,false,true
7297.T,1,standard,カーメイト,3700,輸送用機器,-,false,false,true
7299.T,1,standard,フジオーゼックス,3700,輸送用機器,-,false,false,true
7305.T,1,standard,新家工業,3450,鉄鋼,-,false,false,true
7309.T,1,prime,シマノ,3700,輸送用機器,TOPIX Large70,false,false,true
7313.T,1,prime,テイ・エス　テック,3700,輸送用機器,TOPIX Mid400,false,false,true
7314.T,1,standard,小田原機器,3700,輸送用機器,-,false,false,true
7317.T,1,growth,松屋アールアンドディ,3700,輸送用機器,-,false,false,true
7318.T,1,growth,セレンディップ・ホールディングス,3700,輸送用機器,-,false,false,true
7320.T,1,growth,Ｓｏｌｖｖｙ,7200,その他金融業,-,false,false,true
7322.T,1,prime,三十三フィナンシャルグループ,7050,銀行業,TOPIX Small 2,false,false,true
7325.T,1,growth,アイリックコーポレーション,7150,保険業,-,false,false,true
7326.T,1,growth,ＳＢＩインシュアランスグループ,7150,保険業,-,false,false,true
7327.T,1,prime,第四北越フィナンシャルグループ,7050,銀行業,TOPIX Small 1,false,false,true
7337.T,1,prime,ひろぎんホールディングス,7050,銀行業,TOPIX Mid400,false,false,true
7343.T,1,growth,ブロードマインド,7150,保険業,-,false,false,true
7345.T,1,growth,アイ・パートナーズフィナンシャル,7200,その他金融業,-,false,false,true
7347.T,1,prime,マーキュリアホールディングス,7100,証券、商品先物取引業,-,false,false,true
7350.T,1,prime,おきなわフィナンシャルグループ,7050,銀行業,TOPIX Small 1,false,false,true
7351.T,1,growth,グッドパッチ,9050,サービス業,-,false,false,true
7352.T,1,growth,ＴＷＯＳＴＯＮＥ＆Ｓｏｎｓ,9050,サービス業,-,false,false,true
7353.T,1,growth,ＫＩＹＯラーニング,9050,サービス業,-,false,false,true
7354.T,1,standard,ダイレクトマーケティングミックス,9050,サービス業,TOPIX Small 2,false,false,true
7356.T,1,growth,Ｒｅｔｔｙ,9050,サービス業,-,false,false,true
7357.T,1,standard,ジオコード,9050,サービス業,-,false,false,true
7358.T,1,standard,ポピンズ,9050,サービス業,TOPIX Small 2,false,false,true
7359.T,1,growth,東京通信グループ,9050,サービス業,-,false,false,true
7360.T,1,growth,オンデック,9050,サービス業,-,false,false,true
7361.T,1,growth,ヒューマンクリエイションホールディングス,9050,サービス業,-,false,false,true
7362.T,1,growth,Ｔ．Ｓ．Ｉ,9050,サービス業,-,false,false,true
7363.T,1,growth,ベビーカレンダー,9050,サービス業,-,false,false,true
7366.T,1,prime,ＬＩＴＡＬＩＣＯ,9050,サービス業,TOPIX Small 2,false,false,true
7367.T,1,standard,セルム,9050,サービス業,-,false,false,true
7368.T,1,standard,表示灯,9050,サービス業,-,false,false,true
7369.T,1,growth,メイホーホールディングス,9050,サービス業,-,false,false,true
7370.T,1,growth,Ｅｎｊｉｎ,9050,サービス業,-,false,false,true
7371.T,1,growth,Ｚｅｎｋｅｎ,9050,サービス業,-,false,false,true
7372.T,1,growth,デコルテ・ホールディングス,9050,サービス業,-,false,false,true
7373.T,1,growth,アイドマ・ホールディングス,9050,サービス業,-,false,false,true
7374.T,1,growth,コンフィデンス・インターワークス,9050,サービス業,-,false,false,true
7375.T,1,growth,リファインバースグループ,9050,サービス業,-,false,false,true
7376.T,1,growth,ＢＣＣ,9050,サービス業,-,false,false,true
7377.T,1,standard,ＤＮホールディングス,9050,サービス業,-,false,false,true
7378.T,1,growth,アシロ,9050,サービス業,-,false,false,true
7380.T,1,prime,十六フィナンシャルグループ,7050,銀行業,TOPIX Small 1,false,false,true
7381.T,1,prime,ＣＣＩグループ,7050,銀行業,TOPIX Small 1,false,false,true
7383.T,1,prime,ネットプロテクションズホールディングス,7200,その他金融業,TOPIX Small 1,false,false,true
7384.T,1,prime,プロクレアホールディングス,7050,銀行業,TOPIX Small 2,false,false,true
7388.T,1,prime,ＦＰパートナー,7150,保険業,TOPIX Small 2,false,false,true
7389.T,1,prime,あいちフィナンシャルグループ,7050,銀行業,TOPIX Small 1,false,false,true
7399.T,1,standard,ナンシン,3700,輸送用機器,-,false,false,true
7409.T,1,growth,ＡｅｒｏＥｄｇｅ,3700,輸送用機器,-,false,false,true
7412.T,1,standard,アトム,6100,小売業,-,false,false,true
7413.T,1,standard,創健社,6050,卸売業,-,false,false,true
7414.T,1,prime,小野建,6050,卸売業,TOPIX Small 2,false,false,true
7416.T,1,standard,はるやまホールディングス,6100,小売業,-,false,false,true
7417.T,1,standard,南陽,6050,卸売業,-,false,false,true
7419.T,1,prime,ノジマ,6100,小売業,TOPIX Small 1,false,false,true
7421.T,1,prime,カッパ・クリエイト,6100,小売業,TOPIX Small 1,false,false,true
7422.T,1,standard,東邦レマック,6050,卸売業,-,false,false,true
7425.T,1,standard,初穂商事,6050,卸売業,-,false,false,true
7426.T,1,standard,山大,6050,卸売業,-,false,false,true
7427.T,1,standard,エコートレーディング,6050,卸売業,-,false,false,true
7433.T,1,prime,伯東,6050,卸売業,TOPIX Small 1,false,false,true
7434.T,1,standard,オータケ,6050,卸売業,-,false,false,true
7435.T,1,standard,ナ・デックス,6050,卸売業,-,false,false,true
7438.T,1,prime,コンドーテック,6050,卸売業,TOPIX Small 2,false,false,true
7442.T,1,standard,中山福,6050,卸売業,-,false,false,true
7443.T,1,standard,横浜魚類,6050,卸売業,-,false,false,true
7444.T,1,standard,ハリマ共和物産,6050,卸売業,-,false,false,true
7446.T,1,standard,東北化学薬品,6050,卸売業,-,false,false,true
7447.T,1,prime,ナガイレーベン,6050,卸売業,TOPIX Small 2,false,false,true
7453.T,1,prime,良品計画,6100,小売業,TOPIX Mid400,false,false,true
7456.T,1,prime,松田産業,6050,卸売業,TOPIX Small 1,false,false,true
7458.T,1,prime,第一興商,6050,卸売業,TOPIX Mid400,false,false,true
7459.T,1,prime,メディパルホールディングス,6050,卸売業,TOPIX Mid400,false,false,true
7460.T,1,standard,ヤギ,6050,卸売業,-,false,false,true
7461.T,1,standard,キムラ,6050,卸売業,-,false,false,true
7462.T,1,standard,ＣＡＰＩＴＡ,6100,小売業,-,false,false,true
7463.T,1,standard,アドヴァングループ,6100,小売業,TOPIX Small 2,false,false,true
7464.T,1,standard,セフテック,6050,卸売業,-,false,false,true
7466.T,1,prime,ＳＰＫ,6050,卸売業,TOPIX Small 2,false,false,true
7472.T,1,standard,鳥羽洋行,6050,卸売業,-,false,false,true
7475.T,1,prime,アルビス,6100,小売業,TOPIX Small 2,false,false,true
7476.T,1,prime,アズワン,6050,卸売業,TOPIX Mid400,false,false,true
7477.T,1,standard,ムラキ,6050,卸売業,-,false,false,true
7480.T,1,standard,スズデン,6050,卸売業,TOPIX Small 2,false,false,true
7481.T,1,standard,尾家産業,6050,卸売業,-,false,false,true
7482.T,1,prime,シモジマ,6050,卸売業,TOPIX Small 2,false,false,true
7483.T,1,prime,ドウシシャ,6050,卸売業,TOPIX Small 2,false,false,true
7486.T,1,standard,サンリン,6050,卸売業,-,false,false,true
7487.T,1,standard,小津産業,6050,卸売業,-,false,false,true
7490.T,1,standard,日新商事,6050,卸売業,-,false,false,true
7494.T,1,standard,コナカ,6100,小売業,-,false,false,true
7500.T,1,standard,西川計測,6050,卸売業,-,false,false,true
7501.T,1,standard,ティムコ,6050,卸売業,-,false,false,true
7502.T,1,standard,プラザホールディングス,9050,サービス業,-,false,false,true
7504.T,1,prime,高速,6050,卸売業,TOPIX Small 2,false,false,true
7505.T,1,standard,扶桑電通,6050,卸売業,-,false,false,true
7506.T,1,standard,ハウス　オブ　ローゼ,6100,小売業,-,false,false,true
7508.T,1,prime,Ｇ‐７ホールディングス,6100,小売業,TOPIX Small 2,false,false,true
7509.T,1,standard,アイエーグループ,6100,小売業,-,false,false,true
7510.T,1,prime,たけびし,6050,卸売業,TOPIX Small 2,false,false,true
7512.T,1,standard,イオン北海道,6100,小売業,TOPIX Small 1,false,false,true
7513.T,1,prime,コジマ,6100,小売業,TOPIX Small 1,false,false,true
7514.T,1,standard,ヒマラヤ,6100,小売業,-,false,false,true
7515.T,1,standard,マルヨシセンター,6100,小売業,-,false,false,true
7516.T,1,prime,コーナン商事,6100,小売業,TOPIX Small 1,false,false,true
7520.T,1,prime,エコス,6100,小売業,TOPIX Small 2,false,false,true
7521.T,1,standard,ムサシ,6050,卸売業,-,false,false,true
7522.T,1,prime,ワタミ,6100,小売業,TOPIX Small 2,false,false,true
7523.T,1,standard,アールビバン,6100,小売業,-,false,false,true
7524.T,1,standard,マルシェ,6100,小売業,-,false,false,true
7525.T,1,prime,リックス,6050,卸売業,TOPIX Small 2,false,false,true
7527.T,1,standard,システムソフト,5250,情報・通信業,TOPIX Small 2,false,false,true
7531.T,1,standard,清和中央ホールディングス,6050,卸売業,-,false,false,true
7532.T,1,prime,パン・パシフィック・インターナショナルホールディングス,6100,小売業,TOPIX Mid400,false,false,true
7537.T,1,prime,丸文,6050,卸売業,TOPIX Small 2,false,false,true
7538.T,1,standard,大水,6050,卸売業,-,false,false,true
7539.T,1,standard,アイナボホールディングス,6050,卸売業,-,false,false,true
7544.T,1,standard,スリーエフ,6100,小売業,-,false,false,true
7545.T,1,prime,西松屋チェーン,6100,小売業,TOPIX Small 1,false,false,true
7550.T,1,prime,ゼンショーホールディングス,6100,小売業,TOPIX Mid400,false,false,true
7551.T,1,standard,ウェッズ,3700,輸送用機器,-,false,false,true
7552.T,1,prime,ハピネット,6050,卸売業,TOPIX Small 1,false,false,true
7554.T,1,prime,幸楽苑,6100,小売業,TOPIX Small 2,false,false,true
7555.T,1,standard,大田花き,6050,卸売業,-,false,false,true
7561.T,1,standard,ハークスレイ,6100,小売業,-,false,false,true
7562.T,1,standard,安楽亭,6100,小売業,-,false,false,true
7564.T,1,standard,ワークマン,6100,小売業,-,false,false,true
7565.T,1,standard,萬世電機,6050,卸売業,-,false,false,true
7567.T,1,standard,栄電子,6050,卸売業,-,false,false,true
7570.T,1,standard,橋本総業ホールディングス,6050,卸売業,TOPIX Small 2,false,false,true
7571.T,1,standard,ヤマノホールディングス,6100,小売業,-,false,false,true
7575.T,1,prime,日本ライフライン,6050,卸売業,TOPIX Small 1,false,false,true
7578.T,1,standard,ニチリョク,6100,小売業,-,false,false,true
7581.T,1,prime,サイゼリヤ,6100,小売業,TOPIX Small 1,false,false,true
7585.T,1,standard,かんなん丸,6100,小売業,-,false,false,true
7590.T,1,standard,タカショー,6050,卸売業,TOPIX Small 2,false,false,true
7593.T,1,prime,ＶＴホールディングス,6100,小売業,TOPIX Small 1,false,false,true
7595.T,1,prime,アルゴグラフィックス,5250,情報・通信業,TOPIX Small 1,false,false,true
7596.T,1,prime,魚力,6100,小売業,TOPIX Small 2,false,false,true
7599.T,1,prime,ＩＤＯＭ,6050,卸売業,TOPIX Small 1,false,false,true
7600.T,1,prime,日本エム・ディ・エム,3750,精密機器,TOPIX Small 2,false,false,true
7601.T,1,standard,ポプラ,6100,小売業,-,false,false,true
7602.T,1,standard,レダックス,6050,卸売業,-,false,false,true
7603.T,1,standard,ジーイエット,6100,小売業,-,false,false,true
7604.T,1,standard,梅の花グループ,6100,小売業,-,false,false,true
7606.T,1,prime,ユナイテッドアローズ,6100,小売業,TOPIX Small 1,false,false,true
7607.T,1,prime,進和,6050,卸売業,TOPIX Small 2,false,false,true
7608.T,1,standard,エスケイジャパン,6050,卸売業,-,false,false,true
7609.T,1,prime,ダイトロン,6050,卸売業,TOPIX Small 2,false,false,true
7610.T,1,standard,テイツー,6100,小売業,-,false,false,true
7611.T,1,prime,ハイデイ日高,6100,小売業,TOPIX Small 1,false,false,true
7613.T,1,prime,シークス,6050,卸売業,TOPIX Small 1,false,false,true
7614.T,1,standard,オーエムツーネットワーク,6100,小売業,-,false,false,true
7615.T,1,standard,京都きもの友禅ホールディングス,6100,小売業,-,false,false,true
7616.T,1,prime,コロワイド,6100,小売業,TOPIX Mid400,false,false,true
7619.T,1,standard,田中商事,6050,卸売業,-,false,false,true
7621.T,1,standard,うかい,6100,小売業,-,false,false,true
7624.T,1,standard,ＮａＩＴＯ,6050,卸売業,-,false,false,true
7625.T,1,standard,グローバルダイニング,6100,小売業,-,false,false,true
7628.T,1,prime,オーハシテクニカ,6050,卸売業,TOPIX Small 2,false,false,true
7630.T,1,prime,壱番屋,6100,小売業,TOPIX Small 1,false,false,true
7634.T,1,standard,星医療酸器,6050,卸売業,-,false,false,true
7636.T,1,standard,ハンズマン,6100,小売業,-,false,false,true
7637.T,1,prime,白銅,6050,卸売業,TOPIX Small 2,false,false,true
7638.T,1,standard,ＮＥＷ　ＡＲＴ　ＨＯＬＤＩＮＧＳ,6100,小売業,-,false,false,true
7640.T,1,standard,トップカルチャー,6100,小売業,-,false,false,true
7643.T,1,standard,ダイイチ,6100,小売業,-,false,false,true
7646.T,1,standard,ＰＬＡＮＴ,6100,小売業,-,false,false,true
7649.T,1,prime,スギホールディングス,6100,小売業,TOPIX Mid400,false,false,true
7670.T,1,standard,オーウエル,6050,卸売業,-,false,false,true
7673.T,1,standard,ダイコー通産,6050,卸売業,-,false,false,true
7674.T,1,growth,ＮＡＴＴＹ　ＳＷＡＮＫＹホールディングス,6100,小売業,-,false,false,true
7677.T,1,standard,ヤシマキザイ,6050,卸売業,-,false,false,true
7678.T,1,standard,あさくま,6100,小売業,-,false,false,true
7679.T,1,prime,薬王堂ホールディングス,6100,小売業,TOPIX Small 2,false,false,true
7681.T,1,standard,レオクラン,6050,卸売業,-,false,false,true
7682.T,1,standard,浜木綿,6100,小売業,-,false,false,true
7683.T,1,prime,ダブルエー,6100,小売業,TOPIX Small 2,false,false,true
7685.T,1,growth,ＢｕｙＳｅｌｌ　Ｔｅｃｈｎｏｌｏｇｉｅｓ,6050,卸売業,-,false,false,true
7686.T,1,standard,ひとまいる,6100,小売業,-,false,false,true
7687.T,1,growth,ミクリード,6050,卸売業,-,false,false,true
7689.T,1,growth,コパ・コーポレーション,6050,卸売業,-,false,false,true
7692.T,1,standard,アースインフィニティ,4050,電気・ガス業,-,false,false,true
7694.T,1,growth,いつも,6100,小売業,-,false,false,true
7695.T,1,growth,交換できるくん,6100,小売業,-,false,false,true
7698.T,1,standard,アイスコ,6050,卸売業,-,false,false,true
7701.T,1,prime,島津製作所,3750,精密機器,TOPIX Mid400,false,false,true
7702.T,1,standard,ＪＭＳ,3750,精密機器,TOPIX Small 2,false,false,true
7707.T,1,growth,プレシジョン・システム・サイエンス,3750,精密機器,-,false,false,true
7709.T,1,standard,クボテック,3750,精密機器,-,false,false,true
7711.T,1,standard,助川電気工業,3750,精密機器,-,false,false,true
7713.T,1,standard,シグマ光機,3750,精密機器,-,false,false,true
7715.T,1,prime,長野計器,3750,精密機器,TOPIX Small 2,false,false,true
7716.T,1,standard,ナカニシ,3750,精密機器,-,false,false,true
7717.T,1,prime,ブイ・テクノロジー,3750,精密機器,TOPIX Small 2,false,false,true
7719.T,1,standard,東京衡機,3750,精密機器,-,false,false,true
7721.T,1,prime,東京計器,3750,精密機器,TOPIX Small 1,false,false,true
7722.T,1,standard,国際計測器,3750,精密機器,-,false,false,true
7723.T,1,prime,愛知時計電機,3750,精密機器,TOPIX Small 2,false,false,true
7725.T,1,prime,インターアクション,3750,精密機器,TOPIX Small 2,false,false,true
7726.T,1,standard,黒田精工,3600,機械,-,false,false,true
7727.T,1,standard,オーバル,3750,精密機器,-,false,false,true
7729.T,1,prime,東京精密,3750,精密機器,TOPIX Mid400,false,false,true
7730.T,1,prime,マニー,3750,精密機器,TOPIX Small 1,false,false,true
7731.T,1,prime,ニコン,3750,精密機器,TOPIX Mid400,false,false,true
7733.T,1,prime,オリンパス,3750,精密機器,TOPIX Large70,false,false,true
7734.T,1,prime,理研計器,3750,精密機器,TOPIX Small 1,false,false,true
7735.T,1,prime,ＳＣＲＥＥＮホールディングス,3650,電気機器,TOPIX Mid400,false,false,true
7740.T,1,prime,タムロン,3750,精密機器,TOPIX Small 1,false,false,true
7741.T,1,prime,ＨＯＹＡ,3750,精密機器,TOPIX Core30,false,false,true
7743.T,1,standard,シード,3750,精密機器,-,false,false,true
7744.T,1,prime,ノーリツ鋼機,3750,精密機器,TOPIX Small 1,false,false,true
7745.T,1,prime,Ａ＆Ｄホロンホールディングス,3750,精密機器,TOPIX Small 1,false,false,true
7746.T,1,standard,岡本硝子,3750,精密機器,-,false,false,true
7747.T,1,prime,朝日インテック,3750,精密機器,TOPIX Mid400,false,false,true
7749.T,1,standard,メディキット,3750,精密機器,-,false,false,true
7751.T,1,prime,キヤノン,3650,電気機器,TOPIX Large70,false,false,true
7752.T,1,prime,リコー,3650,電気機器,TOPIX Mid400,false,false,true
7760.T,1,standard,ＩＭＶ,3750,精密機器,-,false,false,true
7762.T,1,prime,シチズン時計,3750,精密機器,TOPIX Small 1,false,false,true
7769.T,1,prime,リズム,3750,精密機器,-,false,false,true
7771.T,1,standard,日本精密,3750,精密機器,-,false,false,true
7774.T,1,growth,ジャパン・ティッシュエンジニアリング,3750,精密機器,-,false,false,true
7775.T,1,standard,大研医器,3750,精密機器,-,false,false,true
7776.T,1,growth,セルシード,3750,精密機器,-,false,false,true
7777.T,1,growth,スリー・ディー・マトリックス,3750,精密機器,-,false,false,true
7779.T,1,growth,ＣＹＢＥＲＤＹＮＥ,3750,精密機器,-,false,false,true
7780.T,1,prime,メニコン,3750,精密機器,TOPIX Small 1,false,false,true
7781.T,1,standard,平山ホールディングス,3750,精密機器,-,false,false,true
7782.T,1,standard,シンシア,3750,精密機器,-,false,false,true
7791.T,1,standard,ドリームベッド,3800,その他製品,-,false,false,true
7792.T,1,growth,コラントッテ,3800,その他製品,-,false,false,true
7793.T,1,growth,イメージ・マジック,3800,その他製品,-,false,false,true
7794.T,1,growth,イーディーピー,3800,その他製品,-,false,false,true
7795.T,1,standard,ＫＹＯＲＩＴＳＵ,3800,その他製品,-,false,false,true
7800.T,1,standard,アミファ,3800,その他製品,-,false,false,true
7803.T,1,growth,ブシロード,3800,その他製品,-,false,false,true
7804.T,1,standard,ビーアンドピー,3800,その他製品,-,false,false,true
7805.T,1,standard,プリントネット,3800,その他製品,-,false,false,true
7806.T,1,growth,ＭＴＧ,3800,その他製品,-,false,false,true
7807.T,1,standard,幸和製作所,3800,その他製品,-,false,false,true
7808.T,1,standard,シー・エス・ランバー,3800,その他製品,-,false,false,true
7809.T,1,standard,壽屋,3800,その他製品,-,false,false,true
7810.T,1,standard,クロスフォー,3800,その他製品,-,false,false,true
7811.T,1,standard,中本パックス,3800,その他製品,-,false,false,true
7812.T,1,standard,クレステック,3800,その他製品,-,false,false,true
7813.T,1,standard,プラッツ,3800,その他製品,-,false,false,true
7814.T,1,standard,日本創発グループ,3800,その他製品,-,false,false,true
7815.T,1,standard,東京ボード工業,3800,その他製品,-,false,false,true
7818.T,1,prime,トランザクション,3800,その他製品,TOPIX Small 2,false,false,true
7819.T,1,standard,粧美堂,3800,その他製品,-,false,false,true
7820.T,1,prime,ニホンフラッシュ,3800,その他製品,TOPIX Small 2,false,false,true
7821.T,1,prime,前田工繊,3800,その他製品,TOPIX Small 1,false,false,true
7822.T,1,standard,永大産業,3800,その他製品,-,false,false,true
7823.T,1,standard,アートネイチャー,3800,その他製品,TOPIX Small 2,false,false,true
7826.T,1,prime,フルヤ金属,3800,その他製品,TOPIX Small 1,false,false,true
7827.T,1,standard,オービス,3800,その他製品,-,false,false,true
7831.T,1,standard,ウイルコホールディングス,3800,その他製品,-,false,false,true
7832.T,1,prime,バンダイナムコホールディングス,3800,その他製品,TOPIX Large70,false,false,true
7833.T,1,standard,アイフィスジャパン,3800,その他製品,-,false,false,true
7836.T,1,standard,アビックス,3800,その他製品,-,false,false,true
7837.T,1,standard,アールシーコア,3800,その他製品,-,false,false,true
7839.T,1,prime,ＳＨＯＥＩ,3800,その他製品,TOPIX Small 1,false,false,true
7840.T,1,prime,フランスベッドホールディングス,3800,その他製品,TOPIX Small 2,false,false,true
7841.T,1,standard,遠藤製作所,3800,その他製品,-,false,false,true
7844.T,1,prime,マーベラス,5250,情報・通信業,TOPIX Small 2,false,false,true
7846.T,1,prime,パイロットコーポレーション,3800,その他製品,TOPIX Mid400,false,false,true
7847.T,1,standard,グラファイトデザイン,3800,その他製品,-,false,false,true
7849.T,1,standard,スターツ出版,5250,情報・通信業,-,false,false,true
7850.T,1,standard,総合商研,3800,その他製品,-,false,false,true
7851.T,1,standard,カワセコンピュータサプライ,3800,その他製品,-,false,false,true
7856.T,1,prime,萩原工業,3800,その他製品,TOPIX Small 2,false,false,true
7857.T,1,standard,セキ,3800,その他製品,-,false,false,true
7859.T,1,standard,アルメディオ,3800,その他製品,-,false,false,true
7860.T,1,prime,エイベックス,5250,情報・通信業,TOPIX Small 1,false,false,true
7863.T,1,standard,平賀,3800,その他製品,-,false,false,true
7864.T,1,prime,フジシールインターナショナル,3800,その他製品,TOPIX Small 1,false,false,true
7865.T,1,standard,ピープル,3800,その他製品,-,false,false,true
7867.T,1,prime,タカラトミー,3800,その他製品,TOPIX Mid400,false,false,true
7868.T,1,prime,広済堂ホールディングス,3800,その他製品,TOPIX Small 2,false,false,true
7871.T,1,standard,フクビ化学工業,3200,化学,-,false,false,true
7872.T,1,standard,エステールホールディングス,3800,その他製品,-,false,false,true
7874.T,1,prime,レック,3200,化学,TOPIX Small 2,false,false,true
7875.T,1,standard,竹田ｉＰホールディングス,3800,その他製品,-,false,false,true
7877.T,1,standard,永大化工,3200,化学,-,false,false,true
7878.T,1,standard,光・彩,3800,その他製品,-,false,false,true
7879.T,1,standard,ノダ,3800,その他製品,-,false,false,true
7883.T,1,standard,サンメッセ,3800,その他製品,-,false,false,true
7885.T,1,standard,タカノ,3800,その他製品,-,false,false,true
7886.T,1,standard,ヤマト　モビリティ　＆　Ｍｆｇ．,3200,化学,-,false,false,true
7887.T,1,standard,南海プライウッド,3800,その他製品,-,false,false,true
7888.T,1,prime,三光合成,3200,化学,TOPIX Small 2,false,false,true
7893.T,1,prime,プロネクサス,3800,その他製品,TOPIX Small 2,false,false,true
7896.T,1,standard,セブン工業,3800,その他製品,-,false,false,true
7897.T,1,standard,ホクシン,3800,その他製品,-,false,false,true
7898.T,1,standard,ウッドワン,3800,その他製品,-,false,false,true
7901.T,1,standard,マツモト,3800,その他製品,-,false,false,true
7902.T,1,standard,ソノコム,3800,その他製品,-,false,false,true
7906.T,1,standard,ヨネックス,3800,その他製品,-,false,false,true
7908.T,1,standard,きもと,3200,化学,-,false,false,true
7911.T,1,prime,ＴＯＰＰＡＮホールディングス,3800,その他製品,TOPIX Mid400,false,false,true
7912.T,1,prime,大日本印刷,3800,その他製品,TOPIX Mid400,false,false,true
7914.T,1,prime,共同印刷,3800,その他製品,TOPIX Small 2,false,false,true
7915.T,1,prime,ＮＩＳＳＨＡ,3800,その他製品,TOPIX Small 1,false,false,true
7916.T,1,standard,光村印刷,3800,その他製品,-,false,false,true
7917.T,1,prime,ＺＡＣＲＯＳ,3200,化学,TOPIX Small 2,false,false,true
7918.T,1,standard,ヴィア・ホールディングス,6100,小売業,-,false,false,true
7919.T,1,standard,野崎印刷紙業,3800,その他製品,-,false,false,true
7921.T,1,prime,ＴＡＫＡＲＡ　＆　ＣＯＭＰＡＮＹ,3800,その他製品,TOPIX Small 2,false,false,true
7922.T,1,standard,三光産業,3800,その他製品,-,false,false,true
7925.T,1,prime,前澤化成工業,3200,化学,TOPIX Small 2,false,false,true
7927.T,1,standard,ムトー精工,3200,化学,-,false,false,true
7928.T,1,standard,旭化学工業,3200,化学,-,false,false,true
7931.T,1,prime,未来工業,3200,化学,TOPIX Small 2,false,false,true
7932.T,1,standard,ニッピ,3800,その他製品,-,false,false,true
7936.T,1,prime,アシックス,3800,その他製品,TOPIX Large70,false,false,true
7937.T,1,standard,ツツミ,3800,その他製品,TOPIX Small 2,false,false,true
7938.T,1,standard,リーガルコーポレーション,3800,その他製品,-,false,false,true
7939.T,1,standard,研創,3800,その他製品,-,false,false,true
7940.T,1,standard,ウェーブロックホールディングス,3200,化学,-,false,false,true
7942.T,1,prime,ＪＳＰ,3200,化学,TOPIX Small 2,false,false,true
7943.T,1,prime,ニチハ,3400,ガラス・土石製品,TOPIX Small 1,false,false,true
7944.T,1,prime,ローランド,3800,その他製品,TOPIX Small 1,false,false,true
7946.T,1,standard,光陽社,3800,その他製品,-,false,false,true
7947.T,1,prime,エフピコ,3200,化学,TOPIX Small 1,false,false,true
7949.T,1,prime,小松ウオール工業,3800,その他製品,TOPIX Small 2,false,false,true
7951.T,1,prime,ヤマハ,3800,その他製品,TOPIX Mid400,false,false,true
7952.T,1,prime,河合楽器製作所,3800,その他製品,TOPIX Small 2,false,false,true
7953.T,1,standard,菊水化学工業,3800,その他製品,-,false,false,true
7955.T,1,prime,クリナップ,3800,その他製品,TOPIX Small 2,false,false,true
7956.T,1,prime,ピジョン,3800,その他製品,TOPIX Mid400,false,false,true
7957.T,1,standard,フジコピアン,3800,その他製品,-,false,false,true
7962.T,1,prime,キングジム,3800,その他製品,TOPIX Small 2,false,false,true
7963.T,1,standard,興研,3800,その他製品,-,false,false,true
7965.T,1,prime,象印マホービン,3650,電気機器,TOPIX Small 1,false,false,true
7966.T,1,prime,リンテック,3800,その他製品,TOPIX Small 1,false,false,true
7970.T,1,prime,信越ポリマー,3200,化学,TOPIX Small 1,false,false,true
7971.T,1,standard,東リ,3200,化学,-,false,false,true
7972.T,1,prime,イトーキ,3800,その他製品,TOPIX Small 1,false,false,true
7974.T,1,prime,任天堂,3800,その他製品,TOPIX Core30,false,false,true
7975.T,1,standard,リヒトラブ,3800,その他製品,-,false,false,true
7976.T,1,prime,三菱鉛筆,3800,その他製品,TOPIX Small 1,false,false,true
7979.T,1,prime,松風,3750,精密機器,TOPIX Small 2,false,false,true
7980.T,1,standard,重松製作所,3800,その他製品,-,false,false,true
7981.T,1,prime,タカラスタンダード,3800,その他製品,TOPIX Small 1,false,false,true
7983.T,1,standard,ミロク,3800,その他製品,-,false,false,true
7984.T,1,prime,コクヨ,3800,その他製品,TOPIX Mid400,false,false,true
7985.T,1,standard,ネポン,3550,金属製品,-,false,false,true
7986.T,1,standard,日本アイ・エス・ケイ,3800,その他製品,-,false,false,true
7987.T,1,standard,ナカバヤシ,3800,その他製品,TOPIX Small 2,false,false,true
7988.T,1,prime,ニフコ,3200,化学,TOPIX Mid400,false,false,true
7989.T,1,prime,立川ブラインド工業,3550,金属製品,TOPIX Small 2,false,false,true
7990.T,1,prime,グローブライド,3800,その他製品,TOPIX Small 1,false,false,true
7991.T,1,standard,マミヤ・オーピー,3600,機械,-,false,false,true
7992.T,1,standard,セーラー万年筆,3800,その他製品,-,false,false,true
7994.T,1,prime,オカムラ,3800,その他製品,TOPIX Small 1,false,false,true
7995.T,1,prime,バルカー,3200,化学,TOPIX Small 1,false,false,true
7997.T,1,standard,くろがね工作所,3800,その他製品,-,false,false,true
7999.T,1,standard,ＭＵＴＯＨホールディングス,3650,電気機器,-,false,false,true
8001.T,1,prime,伊藤忠商事,6050,卸売業,TOPIX Core30,false,false,true
8002.T,1,prime,丸紅,6050,卸売業,TOPIX Large70,false,false,true
8005.T,1,prime,スクロール,6100,小売業,TOPIX Small 2,false,false,true
8006.T,1,standard,ユアサ・フナショク,6050,卸売業,-,false,false,true
8007.T,1,prime,高島,6050,卸売業,-,false,false,true
8008.T,1,prime,ヨンドシーホールディングス,6100,小売業,TOPIX Small 1,false,false,true
8011.T,1,prime,三陽商会,3100,繊維製品,TOPIX Small 2,false,false,true
8012.T,1,prime,長瀬産業,6050,卸売業,TOPIX Mid400,false,false,true
8013.T,1,standard,ナイガイ,3100,繊維製品,-,false,false,true
8014.T,1,prime,蝶理,6050,卸売業,TOPIX Small 2,false,false,true
8015.T,1,prime,豊田通商,6050,卸売業,TOPIX Large70,false,false,true
8016.T,1,prime,オンワードホールディングス,3100,繊維製品,TOPIX Small 1,false,false,true
8018.T,1,standard,三共生興,6050,卸売業,TOPIX Small 2,false,false,true
8020.T,1,prime,兼松,6050,卸売業,TOPIX Mid400,false,false,true
8022.T,1,prime,美津濃,3800,その他製品,TOPIX Small 1,false,false,true
8023.T,1,standard,ＤＡＩＫＯ　ＸＴＥＣＨ,5250,情報・通信業,-,false,false,true
8025.T,1,standard,ツカモトコーポレーション,6050,卸売業,-,false,false,true
8029.T,1,standard,ルックホールディングス,3100,繊維製品,TOPIX Small 2,false,false,true
8030.T,1,standard,中央魚類,6050,卸売業,-,false,false,true
8031.T,1,prime,三井物産,6050,卸売業,TOPIX Core30,false,false,true
8032.T,1,prime,日本紙パルプ商事,6050,卸売業,TOPIX Small 2,false,false,true
8035.T,1,prime,東京エレクトロン,3650,電気機器,TOPIX Core30,false,false,true
8037.T,1,prime,カメイ,6050,卸売業,TOPIX Small 2,false,false,true
8039.T,1,standard,築地魚市場,6050,卸売業,-,false,false,true
8040.T,1,standard,東京ソワール,3100,繊維製品,-,false,false,true
8041.T,1,standard,ＯＵＧホールディングス,6050,卸売業,-,false,false,true
8043.T,1,prime,スターゼン,6050,卸売業,TOPIX Small 2,false,false,true
8045.T,1,standard,横浜丸魚,6050,卸売業,-,false,false,true
8046.T,1,standard,丸藤シートパイル,6050,卸売業,-,false,false,true
8050.T,1,prime,セイコーグループ,3750,精密機器,TOPIX Small 1,false,false,true
8051.T,1,prime,山善,6050,卸売業,TOPIX Small 1,false,false,true
8052.T,1,prime,椿本興業,6050,卸売業,TOPIX Small 2,false,false,true
8053.T,1,prime,住友商事,6050,卸売業,TOPIX Large70,false,false,true
8056.T,1,prime,ＢＩＰＲＯＧＹ,5250,情報・通信業,TOPIX Mid400,false,false,true
8057.T,1,prime,内田洋行,6050,卸売業,TOPIX Small 1,false,false,true
8058.T,1,prime,三菱商事,6050,卸売業,TOPIX Core30,false,false,true
8059.T,1,prime,第一実業,6050,卸売業,TOPIX Small 2,false,false,true
8060.T,1,prime,キヤノンマーケティングジャパン,6050,卸売業,TOPIX Mid400,false,false,true
8061.T,1,prime,西華産業,6050,卸売業,TOPIX Small 1,false,false,true
8065.T,1,prime,佐藤商事,6050,卸売業,TOPIX Small 2,false,false,true
8066.T,1,standard,三谷商事,6050,卸売業,-,false,false,true
8070.T,1,prime,東京産業,6050,卸売業,TOPIX Small 2,false,false,true
8074.T,1,prime,ＹＵＡＳＡ,6050,卸売業,TOPIX Small 1,false,false,true
8075.T,1,prime,神鋼商事,6050,卸売業,TOPIX Small 2,false,false,true
8076.T,1,standard,カノークス,6050,卸売業,-,false,false,true
8077.T,1,standard,トルク,6050,卸売業,-,false,false,true
8078.T,1,prime,阪和興業,6050,卸売業,TOPIX Small 1,false,false,true
8079.T,1,prime,正栄食品工業,6050,卸売業,TOPIX Small 1,false,false,true
8081.T,1,prime,カナデン,6050,卸売業,TOPIX Small 2,false,false,true
8084.T,1,prime,ＲＹＯＤＥＮ,6050,卸売業,TOPIX Small 2,false,false,true
8085.T,1,standard,ナラサキ産業,6050,卸売業,-,false,false,true
8086.T,1,prime,ニプロ,3750,精密機器,TOPIX Mid400,false,false,true
8088.T,1,prime,岩谷産業,6050,卸売業,TOPIX Mid400,false,false,true
8089.T,1,standard,ナイス,6050,卸売業,-,false,false,true
8091.T,1,prime,ニチモウ,6050,卸売業,-,false,false,true
8093.T,1,prime,極東貿易,6050,卸売業,TOPIX Small 2,false,false,true
8095.T,1,prime,アステナホールディングス,6050,卸売業,TOPIX Small 2,false,false,true
8097.T,1,prime,三愛オブリ,6050,卸売業,TOPIX Small 1,false,false,true
8098.T,1,prime,稲畑産業,6050,卸売業,TOPIX Small 1,false,false,true
8101.T,1,prime,ＧＳＩクレオス,6050,卸売業,TOPIX Small 2,false,false,true
8103.T,1,prime,明和産業,6050,卸売業,TOPIX Small 2,false,false,true
8104.T,1,standard,クワザワホールディングス,6050,卸売業,-,false,false,true
8105.T,1,standard,Ｂｉｔｃｏｉｎ　Ｊａｐａｎ,6050,卸売業,-,false,false,true
8107.T,1,standard,キムラタン,3100,繊維製品,-,false,false,true
8111.T,1,prime,ゴールドウイン,3100,繊維製品,TOPIX Mid400,false,false,true
8113.T,1,prime,ユニ・チャーム,3200,化学,TOPIX Large70,false,false,true
8115.T,1,standard,ムーンバット,6050,卸売業,-,false,false,true
8117.T,1,standard,中央自動車工業,6050,卸売業,-,false,false,true
8118.T,1,standard,キング,3100,繊維製品,-,false,false,true
8119.T,1,standard,三栄コーポレーション,6050,卸売業,-,false,false,true
8123.T,1,standard,川辺,6050,卸売業,-,false,false,true
8125.T,1,prime,ワキタ,6050,卸売業,TOPIX Small 1,false,false,true
8127.T,1,standard,ヤマトインターナショナル,3100,繊維製品,-,false,false,true
8129.T,1,prime,東邦ホールディングス,6050,卸売業,TOPIX Mid400,false,false,true
8130.T,1,prime,サンゲツ,6050,卸売業,TOPIX Small 1,false,false,true
8131.T,1,standard,ミツウロコグループホールディングス,6050,卸売業,TOPIX Small 2,false,false,true
8132.T,1,prime,シナネンホールディングス,6050,卸売業,TOPIX Small 2,false,false,true
8133.T,1,prime,伊藤忠エネクス,6050,卸売業,TOPIX Small 1,false,false,true
8135.T,1,standard,ゼット,6050,卸売業,-,false,false,true
8136.T,1,prime,サンリオ,6050,卸売業,TOPIX Mid400,false,false,true
8137.T,1,prime,サンワテクノス,6050,卸売業,TOPIX Small 2,false,false,true
8138.T,1,standard,三京化成,6050,卸売業,-,false,false,true
8139.T,1,standard,ナガホリ,6050,卸売業,-,false,false,true
8141.T,1,prime,新光商事,6050,卸売業,TOPIX Small 2,false,false,true
8142.T,1,prime,トーホー,6050,卸売業,TOPIX Small 2,false,false,true
8143.T,1,standard,ラピーヌ,3100,繊維製品,-,false,false,true
8144.T,1,standard,デンキョーグループホールディングス,6050,卸売業,-,false,false,true
8147.T,1,standard,トミタ,6050,卸売業,-,false,false,true
8150.T,1,prime,三信電気,6050,卸売業,TOPIX Small 2,false,false,true
8151.T,1,prime,東陽テクニカ,6050,卸売業,TOPIX Small 2,false,false,true
8152.T,1,standard,ソマール,6050,卸売業,-,false,false,true
8153.T,1,prime,モスフードサービス,6050,卸売業,TOPIX Small 1,false,false,true
8154.T,1,prime,加賀電子,6050,卸売業,TOPIX Small 1,false,false,true
8157.T,1,prime,都築電気,5250,情報・通信業,TOPIX Small 2,false,false,true
8158.T,1,prime,ソーダニッカ,6050,卸売業,TOPIX Small 2,false,false,true
8159.T,1,prime,立花エレテック,6050,卸売業,TOPIX Small 2,false,false,true
8160.T,1,prime,木曽路,6100,小売業,TOPIX Small 1,false,false,true
8163.T,1,prime,ＳＲＳホールディングス,6100,小売業,TOPIX Small 2,false,false,true
8165.T,1,standard,千趣会,6100,小売業,TOPIX Small 2,false,false,true
8166.T,1,standard,タカキュー,6100,小売業,-,false,false,true
8167.T,1,prime,リテールパートナーズ,6100,小売業,TOPIX Small 2,false,false,true
8173.T,1,prime,Ｊｏｓｈｉｎ,6100,小売業,TOPIX Small 1,false,false,true
8174.T,1,prime,日本瓦斯,6100,小売業,TOPIX Mid400,false,false,true
8179.T,1,prime,ロイヤルホールディングス,6100,小売業,TOPIX Small 1,false,false,true
8181.T,1,standard,東天紅,6100,小売業,-,false,false,true
8185.T,1,prime,チヨダ,6100,小売業,TOPIX Small 2,false,false,true
8194.T,1,prime,ライフコーポレーション,6100,小売業,TOPIX Small 1,false,false,true
8198.T,1,standard,マックスバリュ東海,6100,小売業,-,false,false,true
8200.T,1,prime,リンガーハット,6100,小売業,TOPIX Small 1,false,false,true
8202.T,1,standard,ラオックスホールディングス,6100,小売業,-,false,false,true
8203.T,1,prime,ＭｒＭａｘＨＤ,6100,小売業,TOPIX Small 2,false,false,true
8207.T,1,standard,テンアライド,6100,小売業,-,false,false,true
8214.T,1,prime,ＡＯＫＩホールディングス,6100,小売業,TOPIX Small 1,false,false,true
8217.T,1,prime,オークワ,6100,小売業,TOPIX Small 2,false,false,true
8218.T,1,prime,コメリ,6100,小売業,TOPIX Small 1,false,false,true
8219.T,1,prime,青山商事,6100,小売業,TOPIX Small 1,false,false,true
8225.T,1,standard,タカチホ,6050,卸売業,-,false,false,true
8226.T,1,standard,理経,6050,卸売業,-,false,false,true
8227.T,1,prime,しまむら,6100,小売業,TOPIX Mid400,false,false,true
8230.T,1,standard,はせがわ,6100,小売業,-,false,false,true
8233.T,1,prime,高島屋,6100,小売業,TOPIX Mid400,false,false,true
8237.T,1,prime,松屋,6100,小売業,TOPIX Small 1,false,false,true
8242.T,1,prime,エイチ・ツー・オー　リテイリング,6100,小売業,TOPIX Mid400,false,false,true
8244.T,1,standard,近鉄百貨店,6100,小売業,TOPIX Small 2,false,false,true
8247.T,1,standard,大和,6100,小売業,-,false,false,true
8252.T,1,prime,丸井グループ,6100,小売業,TOPIX Mid400,false,false,true
8253.T,1,prime,クレディセゾン,7200,その他金融業,TOPIX Mid400,false,false,true
8254.T,1,standard,さいか屋,6100,小売業,-,false,false,true
8255.T,1,prime,アクシアル　リテイリング,6100,小売業,TOPIX Small 2,false,false,true
8260.T,1,standard,井筒屋,6100,小売業,-,false,false,true
8267.T,1,prime,イオン,6100,小売業,TOPIX Large70,false,false,true
8273.T,1,prime,イズミ,6100,小売業,TOPIX Small 1,false,false,true
8275.T,1,standard,フォーバル,6050,卸売業,TOPIX Small 2,false,false,true
8276.T,1,prime,平和堂,6100,小売業,TOPIX Small 1,false,false,true
8278.T,1,prime,フジ,6100,小売業,TOPIX Small 1,false,false,true
8281.T,1,prime,ゼビオホールディングス,6100,小売業,TOPIX Small 1,false,false,true
8282.T,1,prime,ケーズホールディングス,6100,小売業,TOPIX Mid400,false,false,true
8283.T,1,prime,ＰＡＬＴＡＣ,6050,卸売業,TOPIX Mid400,false,false,true
8285.T,1,standard,三谷産業,6050,卸売業,TOPIX Small 2,false,false,true
8289.T,1,standard,Ｏｌｙｍｐｉｃグループ,6100,小売業,-,false,false,true
8291.T,1,standard,日産東京販売ホールディングス,6100,小売業,-,false,false,true
8303.T,1,prime,ＳＢＩ新生銀行,7050,銀行業,TOPIX Mid400,false,false,true
8304.T,1,prime,あおぞら銀行,7050,銀行業,TOPIX Mid400,false,false,true
8306.T,1,prime,三菱ＵＦＪフィナンシャル・グループ,7050,銀行業,TOPIX Core30,false,false,true
8308.T,1,prime,りそなホールディングス,7050,銀行業,TOPIX Large70,false,false,true
8309.T,1,prime,三井住友トラストグループ,7050,銀行業,TOPIX Large70,false,false,true
8316.T,1,prime,三井住友フィナンシャルグループ,7050,銀行業,TOPIX Core30,false,false,true
8331.T,1,prime,千葉銀行,7050,銀行業,TOPIX Mid400,false,false,true
8334.T,1,prime,群馬銀行,7050,銀行業,TOPIX Mid400,false,false,true
8336.T,1,prime,武蔵野銀行,7050,銀行業,TOPIX Small 1,false,false,true
8337.T,1,prime,千葉興業銀行,7050,銀行業,TOPIX Small 1,false,false,true
8338.T,1,prime,筑波銀行,7050,銀行業,TOPIX Small 2,false,false,true
8341.T,1,prime,七十七銀行,7050,銀行業,TOPIX Mid400,false,false,true
8343.T,1,prime,秋田銀行,7050,銀行業,TOPIX Small 2,false,false,true
8344.T,1,prime,山形銀行,7050,銀行業,TOPIX Small 2,false,false,true
8345.T,1,prime,岩手銀行,7050,銀行業,TOPIX Small 2,false,false,true
8346.T,1,prime,東邦銀行,7050,銀行業,TOPIX Small 1,false,false,true
8349.T,1,standard,東北銀行,7050,銀行業,-,false,false,true
8354.T,1,prime,ふくおかフィナンシャルグループ,7050,銀行業,TOPIX Mid400,false,false,true
8358.T,1,prime,スルガ銀行,7050,銀行業,TOPIX Small 1,false,false,true
8359.T,1,prime,八十二長野銀行,7050,銀行業,TOPIX Mid400,false,false,true
8360.T,1,prime,山梨中央銀行,7050,銀行業,TOPIX Small 1,false,false,true
8361.T,1,prime,大垣共立銀行,7050,銀行業,TOPIX Small 1,false,false,true
8362.T,1,prime,福井銀行,7050,銀行業,TOPIX Small 2,false,false,true
8364.T,1,prime,清水銀行,7050,銀行業,TOPIX Small 2,false,false,true
8365.T,1,standard,富山銀行,7050,銀行業,-,false,false,true
8366.T,1,prime,滋賀銀行,7050,銀行業,TOPIX Small 1,false,false,true
8367.T,1,prime,南都銀行,7050,銀行業,TOPIX Small 1,false,false,true
8368.T,1,prime,百五銀行,7050,銀行業,TOPIX Small 1,false,false,true
8370.T,1,prime,紀陽銀行,7050,銀行業,TOPIX Small 1,false,false,true
8377.T,1,prime,ほくほくフィナンシャルグループ,7050,銀行業,TOPIX Mid400,false,false,true
8381.T,1,prime,山陰合同銀行,7050,銀行業,TOPIX Small 1,false,false,true
8383.T,1,standard,鳥取銀行,7050,銀行業,-,false,false,true
8386.T,1,prime,百十四銀行,7050,銀行業,TOPIX Small 1,false,false,true
8387.T,1,prime,四国銀行,7050,銀行業,TOPIX Small 2,false,false,true
8388.T,1,prime,阿波銀行,7050,銀行業,TOPIX Small 1,false,false,true
8392.T,1,prime,大分銀行,7050,銀行業,TOPIX Small 2,false,false,true
8393.T,1,prime,宮崎銀行,7050,銀行業,TOPIX Small 2,false,false,true
8395.T,1,prime,佐賀銀行,7050,銀行業,TOPIX Small 2,false,false,true
8399.T,1,prime,琉球銀行,7050,銀行業,TOPIX Small 1,false,false,true
8410.T,1,prime,セブン銀行,7050,銀行業,TOPIX Mid400,false,false,true
8411.T,1,prime,みずほフィナンシャルグループ,7050,銀行業,TOPIX Core30,false,false,true
8416.T,1,standard,高知銀行,7050,銀行業,-,false,false,true
8418.T,1,prime,山口フィナンシャルグループ,7050,銀行業,TOPIX Mid400,false,false,true
8424.T,1,prime,芙蓉総合リース,7200,その他金融業,TOPIX Mid400,false,false,true
8425.T,1,prime,みずほリース,7200,その他金融業,TOPIX Small 1,false,false,true
8439.T,1,prime,東京センチュリー,7200,その他金融業,TOPIX Mid400,false,false,true
8473.T,1,prime,ＳＢＩホールディングス,7100,証券、商品先物取引業,TOPIX Mid400,false,false,true
8508.T,1,standard,Ｊトラスト,7200,その他金融業,-,false,false,true
8511.T,1,prime,日本証券金融,7200,その他金融業,TOPIX Small 1,false,false,true
8518.T,1,standard,日本アジア投資,7100,証券、商品先物取引業,-,false,false,true
8522.T,1,prime,名古屋銀行,7050,銀行業,TOPIX Small 1,false,false,true
8524.T,1,prime,北洋銀行,7050,銀行業,TOPIX Small 1,false,false,true
8537.T,1,standard,大光銀行,7050,銀行業,-,false,false,true
8541.T,1,prime,愛媛銀行,7050,銀行業,TOPIX Small 2,false,false,true
8542.T,1,standard,トマト銀行,7050,銀行業,-,false,false,true
8544.T,1,prime,京葉銀行,7050,銀行業,TOPIX Small 1,false,false,true
8550.T,1,prime,栃木銀行,7050,銀行業,TOPIX Small 2,false,false,true
8551.T,1,prime,北日本銀行,7050,銀行業,TOPIX Small 2,false,false,true
8558.T,1,prime,東和銀行,7050,銀行業,TOPIX Small 2,false,false,true
8562.T,1,standard,福島銀行,7050,銀行業,-,false,false,true
8563.T,1,standard,大東銀行,7050,銀行業,-,false,false,true
8566.T,1,prime,リコーリース,7200,その他金融業,TOPIX Small 1,false,false,true
8570.T,1,prime,イオンフィナンシャルサービス,7200,その他金融業,TOPIX Mid400,false,false,true
8572.T,1,standard,アコム,7200,その他金融業,TOPIX Mid400,false,false,true
8584.T,1,prime,ジャックス,7200,その他金融業,TOPIX Small 1,false,false,true
8585.T,1,prime,オリエントコーポレーション,7200,その他金融業,TOPIX Small 1,false,false,true
8591.T,1,prime,オリックス,7200,その他金融業,TOPIX Large70,false,false,true
8593.T,1,prime,三菱ＨＣキャピタル,7200,その他金融業,TOPIX Mid400,false,false,true
8595.T,1,prime,ジャフコ　グループ,7100,証券、商品先物取引業,TOPIX Mid400,false,false,true
8596.T,1,standard,九州リースサービス,7200,その他金融業,-,false,false,true
8600.T,1,prime,トモニホールディングス,7050,銀行業,TOPIX Small 1,false,false,true
8601.T,1,prime,大和証券グループ本社,7100,証券、商品先物取引業,TOPIX Mid400,false,false,true
8604.T,1,prime,野村ホールディングス,7100,証券、商品先物取引業,TOPIX Large70,false,false,true
8609.T,1,prime,岡三証券グループ,7100,証券、商品先物取引業,TOPIX Small 1,false,false,true
8613.T,1,prime,丸三証券,7100,証券、商品先物取引業,TOPIX Small 1,false,false,true
8614.T,1,prime,東洋証券,7100,証券、商品先物取引業,TOPIX Small 2,false,false,true
8616.T,1,prime,東海東京フィナンシャル・ホールディングス,7100,証券、商品先物取引業,TOPIX Small 1,false,false,true
8617.T,1,standard,光世証券,7100,証券、商品先物取引業,-,false,false,true
8622.T,1,prime,水戸証券,7100,証券、商品先物取引業,TOPIX Small 2,false,false,true
8624.T,1,prime,いちよし証券,7100,証券、商品先物取引業,TOPIX Small 2,false,false,true
8628.T,1,prime,松井証券,7100,証券、商品先物取引業,TOPIX Small 1,false,false,true
8630.T,1,prime,ＳＯＭＰＯホールディングス,7150,保険業,TOPIX Large70,false,false,true
8697.T,1,prime,日本取引所グループ,7200,その他金融業,TOPIX Large70,false,false,true
8698.T,1,prime,マネックスグループ,7100,証券、商品先物取引業,TOPIX Small 1,false,false,true
8699.T,1,standard,ＨＳホールディングス,7100,証券、商品先物取引業,-,false,false,true
8700.T,1,standard,丸八証券,7100,証券、商品先物取引業,-,false,false,true
8704.T,1,standard,トレイダーズホールディングス,7100,証券、商品先物取引業,-,false,false,true
8705.T,1,standard,日産証券グループ,7100,証券、商品先物取引業,-,false,false,true
8706.T,1,prime,極東証券,7100,証券、商品先物取引業,TOPIX Small 1,false,false,true
8707.T,1,prime,岩井コスモホールディングス,7100,証券、商品先物取引業,TOPIX Small 1,false,false,true
8708.T,1,prime,アイザワ証券グループ,7100,証券、商品先物取引業,TOPIX Small 2,false,false,true
8713.T,1,prime,フィデアホールディングス,7050,銀行業,TOPIX Small 2,false,false,true
8714.T,1,prime,池田泉州ホールディングス,7050,銀行業,TOPIX Small 1,false,false,true
8715.T,1,prime,アニコム　ホールディングス,7150,保険業,TOPIX Small 1,false,false,true
8725.T,1,prime,ＭＳ＆ＡＤインシュアランスグループホールディングス,7150,保険業,TOPIX Large70,false,false,true
8729.T,1,prime,ソニーフィナンシャルグループ,7150,保険業,TOPIX Core30,false,false,true
8737.T,1,standard,あかつき本社,7100,証券、商品先物取引業,-,false,false,true
8739.T,1,prime,スパークス・グループ,7100,証券、商品先物取引業,TOPIX Small 2,false,false,true
8742.T,1,standard,小林洋行,7100,証券、商品先物取引業,-,false,false,true
8746.T,1,standard,ｕｎｂａｎｋｅｄ,7100,証券、商品先物取引業,-,false,false,true
8747.T,1,standard,豊トラスティ証券,7100,証券、商品先物取引業,-,false,false,true
8750.T,1,prime,第一ライフグループ,7150,保険業,TOPIX Large70,false,false,true
8766.T,1,prime,東京海上ホールディングス,7150,保険業,TOPIX Core30,false,false,true
8769.T,1,standard,アドバンテッジリスクマネジメント,9050,サービス業,-,false,false,true
8771.T,1,prime,イー・ギャランティ,7200,その他金融業,TOPIX Small 1,false,false,true
8772.T,1,standard,アサックス,7200,その他金融業,-,false,false,true
8783.T,1,standard,ａｂｃ,7200,その他金融業,-,false,false,true
8789.T,1,standard,フィンテック　グローバル,7200,その他金融業,-,false,false,true
8793.T,1,prime,ＮＥＣキャピタルソリューション,7200,その他金融業,TOPIX Small 2,false,false,true
8795.T,1,prime,Ｔ＆Ｄホールディングス,7150,保険業,TOPIX Mid400,false,false,true
8798.T,1,prime,アドバンスクリエイト,7150,保険業,TOPIX Small 2,false,false,true
8801.T,1,prime,三井不動産,8050,不動産業,TOPIX Large70,false,false,true
8802.T,1,prime,三菱地所,8050,不動産業,TOPIX Large70,false,false,true
8803.T,1,prime,平和不動産,8050,不動産業,TOPIX Small 1,false,false,true
8804.T,1,prime,東京建物,8050,不動産業,TOPIX Mid400,false,false,true
8818.T,1,prime,京阪神ビルディング,8050,不動産業,TOPIX Small 2,false,false,true
8830.T,1,prime,住友不動産,8050,不動産業,TOPIX Large70,false,false,true
8835.T,1,standard,太平洋興発,6050,卸売業,-,false,false,true
8836.T,1,standard,ＲＩＳＥ,8050,不動産業,-,false,false,true
8841.T,1,standard,テーオーシー,8050,不動産業,TOPIX Small 2,false,false,true
8844.T,1,standard,コスモスイニシア,8050,不動産業,-,false,false,true
8848.T,1,prime,レオパレス２１,8050,不動産業,TOPIX Small 1,false,false,true
8850.T,1,prime,スターツコーポレーション,8050,不動産業,TOPIX Small 1,false,false,true
8860.T,1,prime,フジ住宅,8050,不動産業,TOPIX Small 2,false,false,true
8864.T,1,standard,空港施設,8050,不動産業,TOPIX Small 2,false,false,true
8869.T,1,standard,明和地所,8050,不動産業,TOPIX Small 2,false,false,true
8871.T,1,standard,ゴールドクレスト,8050,不動産業,TOPIX Small 1,false,false,true
8876.T,1,prime,リログループ,9050,サービス業,TOPIX Mid400,false,false,true
8877.T,1,prime,エスリード,8050,不動産業,TOPIX Small 2,false,false,true
8881.T,1,prime,日神グループホールディングス,8050,不動産業,TOPIX Small 2,false,false,true
8887.T,1,standard,シーラホールディングス,8050,不動産業,-,false,false,true
8891.T,1,standard,ＡＭＧホールディングス,8050,不動産業,-,false,false,true
8892.T,1,prime,エスコン,8050,不動産業,TOPIX Small 1,false,false,true
8894.T,1,standard,ＲＥＶＯＬＵＴＩＯＮ,8050,不動産業,-,false,false,true
8897.T,1,prime,ＭＩＲＡＲＴＨホールディングス,8050,不動産業,TOPIX Small 1,false,false,true
8898.T,1,standard,センチュリー２１・ジャパン,8050,不動産業,-,false,false,true
8904.T,1,standard,ＡＶＡＮＴＩＡ,8050,不動産業,-,false,false,true
8908.T,1,standard,毎日コムネット,8050,不動産業,-,false,false,true
8912.T,1,standard,エリアクエスト,8050,不動産業,-,false,false,true
8914.T,1,standard,エリアリンク,8050,不動産業,-,false,false,true
8917.T,1,standard,ファースト住建,8050,不動産業,-,false,false,true
8918.T,1,standard,ランド,8050,不動産業,TOPIX Small 2,false,false,true
8919.T,1,prime,カチタス,8050,不動産業,TOPIX Small 1,false,false,true
8920.T,1,standard,東祥,9050,サービス業,TOPIX Small 2,false,false,true
8923.T,1,prime,トーセイ,8050,不動産業,TOPIX Small 1,false,false,true
8927.T,1,standard,明豊エンタープライズ,8050,不動産業,-,false,false,true
8928.T,1,standard,穴吹興産,8050,不動産業,-,false,false,true
8929.T,1,standard,青山財産ネットワークス,8050,不動産業,-,false,false,true
8931.T,1,standard,和田興産,8050,不動産業,-,false,false,true
8934.T,1,prime,サンフロンティア不動産,8050,不動産業,TOPIX Small 1,false,false,true
8935.T,1,prime,ＦＪネクストホールディングス,8050,不動産業,TOPIX Small 2,false,false,true
8938.T,1,growth,グローム・ホールディングス,8050,不動産業,-,false,false,true
8944.T,1,standard,ランドビジネス,8050,不動産業,-,false,false,true
8945.T,1,standard,サンネクスタグループ,8050,不動産業,-,false,false,true
8946.T,1,standard,ＡＳＩＡＮ　ＳＴＡＲ,8050,不動産業,-,false,false,true
8995.T,1,standard,誠建設工業,8050,不動産業,-,false,false,true
8996.T,1,standard,ハウスフリーダム,8050,不動産業,-,false,false,true
8999.T,1,prime,グランディハウス,8050,不動産業,TOPIX Small 2,false,false,true
9001.T,1,prime,東武鉄道,5050,陸運業,TOPIX Mid400,false,false,true
9003.T,1,prime,相鉄ホールディングス,5050,陸運業,TOPIX Mid400,false,false,true
9005.T,1,prime,東急,5050,陸運業,TOPIX Mid400,false,false,true
9006.T,1,prime,京浜急行電鉄,5050,陸運業,TOPIX Mid400,false,false,true
9007.T,1,prime,小田急電鉄,5050,陸運業,TOPIX Mid400,false,false,true
9008.T,1,prime,京王電鉄,5050,陸運業,TOPIX Mid400,false,false,true
9009.T,1,prime,京成電鉄,5050,陸運業,TOPIX Mid400,false,false,true
9010.T,1,prime,富士急行,5050,陸運業,TOPIX Small 1,false,false,true
9012.T,1,standard,秩父鉄道,5050,陸運業,-,false,false,true
9017.T,1,standard,新潟交通,5050,陸運業,-,false,false,true
9020.T,1,prime,東日本旅客鉄道,5050,陸運業,TOPIX Large70,false,false,true
9021.T,1,prime,西日本旅客鉄道,5050,陸運業,TOPIX Large70,false,false,true
9022.T,1,prime,東海旅客鉄道,5050,陸運業,TOPIX Large70,false,false,true
9023.T,1,prime,東京地下鉄,5050,陸運業,TOPIX Mid400,false,false,true
9024.T,1,prime,西武ホールディングス,5050,陸運業,TOPIX Mid400,false,false,true
9025.T,1,prime,鴻池運輸,5050,陸運業,TOPIX Small 1,false,false,true
9028.T,1,standard,ゼロ,5050,陸運業,-,false,false,true
9029.T,1,standard,ヒガシホールディングス,5050,陸運業,-,false,false,true
9031.T,1,prime,西日本鉄道,5050,陸運業,TOPIX Mid400,false,false,true
9033.T,1,standard,広島電鉄,5050,陸運業,-,false,false,true
9034.T,1,standard,南総通運,5050,陸運業,-,false,false,true
9036.T,1,standard,東部ネットワーク,5050,陸運業,-,false,false,true
9037.T,1,prime,ハマキョウレックス,5050,陸運業,TOPIX Small 1,false,false,true
9039.T,1,prime,サカイ引越センター,5050,陸運業,TOPIX Small 1,false,false,true
9041.T,1,prime,近鉄グループホールディングス,5050,陸運業,TOPIX Mid400,false,false,true
9042.T,1,prime,阪急阪神ホールディングス,5050,陸運業,TOPIX Mid400,false,false,true
9044.T,1,prime,ＮＡＮＫＡＩ,5050,陸運業,TOPIX Mid400,false,false,true
9045.T,1,prime,京阪ホールディングス,5050,陸運業,TOPIX Mid400,false,false,true
9046.T,1,prime,神戸電鉄,5050,陸運業,TOPIX Small 2,false,false,true
9048.T,1,prime,名古屋鉄道,5050,陸運業,TOPIX Mid400,false,false,true
9049.T,1,standard,京福電気鉄道,5050,陸運業,-,false,false,true
9051.T,1,standard,センコン物流,5050,陸運業,-,false,false,true
9052.T,1,prime,山陽電気鉄道,5050,陸運業,TOPIX Small 2,false,false,true
9057.T,1,standard,遠州トラック,5050,陸運業,-,false,false,true
9059.T,1,standard,カンダホールディングス,5050,陸運業,-,false,false,true
9060.T,1,standard,日本ロジテム,5050,陸運業,-,false,false,true
9063.T,1,standard,岡山県貨物運送,5050,陸運業,-,false,false,true
9064.T,1,prime,ヤマトホールディングス,5050,陸運業,TOPIX Mid400,false,false,true
9065.T,1,prime,山九,5050,陸運業,TOPIX Mid400,false,false,true
9067.T,1,standard,丸運,5050,陸運業,-,false,false,true
9068.T,1,prime,丸全昭和運輸,5050,陸運業,TOPIX Small 1,false,false,true
9069.T,1,prime,センコーグループホールディングス,5050,陸運業,TOPIX Mid400,false,false,true
9072.T,1,prime,ニッコンホールディングス,5050,陸運業,TOPIX Mid400,false,false,true
9073.T,1,standard,京極運輸商事,5050,陸運業,-,false,false,true
9074.T,1,standard,日本石油輸送,5050,陸運業,-,false,false,true
9075.T,1,prime,福山通運,5050,陸運業,TOPIX Small 1,false,false,true
9076.T,1,prime,セイノーホールディングス,5050,陸運業,TOPIX Mid400,false,false,true
9081.T,1,prime,神奈川中央交通,5050,陸運業,TOPIX Small 2,false,false,true
9082.T,1,standard,大和自動車交通,5050,陸運業,-,false,false,true
9083.T,1,standard,神姫バス,5050,陸運業,-,false,false,true
9087.T,1,standard,タカセ,5050,陸運業,-,false,false,true
9090.T,1,prime,ＡＺ－ＣＯＭ丸和ホールディングス,5050,陸運業,TOPIX Small 1,false,false,true
9101.T,1,prime,日本郵船,5100,海運業,TOPIX Large70,false,false,true
9104.T,1,prime,商船三井,5100,海運業,TOPIX Large70,false,false,true
9107.T,1,prime,川崎汽船,5100,海運業,TOPIX Mid400,false,false,true
9110.T,1,prime,ＮＳユナイテッド海運,5100,海運業,TOPIX Small 1,false,false,true
9115.T,1,standard,明海グループ,5100,海運業,-,false,false,true
9119.T,1,prime,飯野海運,5100,海運業,TOPIX Small 1,false,false,true
9127.T,1,standard,玉井商船,5100,海運業,-,false,false,true
9130.T,1,standard,共栄タンカー,5100,海運業,-,false,false,true
9142.T,1,prime,九州旅客鉄道,5050,陸運業,TOPIX Mid400,false,false,true
9143.T,1,prime,ＳＧホールディングス,5050,陸運業,TOPIX Mid400,false,false,true
9145.T,1,standard,ビーイングホールディングス,5050,陸運業,-,false,false,true
9147.T,1,prime,ＮＩＰＰＯＮ　ＥＸＰＲＥＳＳホールディングス,5050,陸運業,TOPIX Mid400,false,false,true
9158.T,1,growth,シーユーシー,9050,サービス業,-,false,false,true
9159.T,1,growth,Ｗ　ＴＯＫＹＯ,9050,サービス業,-,false,false,true
9160.T,1,standard,オンザページ,9050,サービス業,-,false,false,true
9162.T,1,growth,ブリーチ,9050,サービス業,-,false,false,true
9163.T,1,growth,ナレルグループ,9050,サービス業,-,false,false,true
9165.T,1,growth,クオルテック,9050,サービス業,-,false,false,true
9166.T,1,growth,ＧＥＮＤＡ,9050,サービス業,-,false,false,true
9168.T,1,growth,ライズ・コンサルティング・グループ,9050,サービス業,-,false,false,true
9171.T,1,standard,栗林商船,5100,海運業,-,false,false,true
9173.T,1,standard,東海汽船,5100,海運業,-,false,false,true
9193.T,1,standard,東京汽船,5200,倉庫・運輸関連業,-,false,false,true
9201.T,1,prime,日本航空,5150,空運業,TOPIX Mid400,false,false,true
9202.T,1,prime,ＡＮＡホールディングス,5150,空運業,TOPIX Large70,false,false,true
9204.T,1,growth,スカイマーク,5150,空運業,-,false,false,true
9206.T,1,standard,スターフライヤー,5150,空運業,-,false,false,true
9211.T,1,growth,エフ・コード,9050,サービス業,-,false,false,true
9212.T,1,growth,Ｇｒｅｅｎ　Ｅａｒｔｈ　Ｉｎｓｔｉｔｕｔｅ,9050,サービス業,-,false,false,true
9213.T,1,standard,セイファート,9050,サービス業,-,false,false,true
9214.T,1,growth,Ｒｅｃｏｖｅｒｙ　Ｉｎｔｅｒｎａｔｉｏｎａｌ,9050,サービス業,-,false,false,true
9215.T,1,growth,ＣａＳｙ,9050,サービス業,-,false,false,true
9216.T,1,prime,ビーウィズ,9050,サービス業,TOPIX Small 2,false,false,true
9218.T,1,growth,メンタルヘルステクノロジーズ,9050,サービス業,-,false,false,true
9219.T,1,growth,ギックス,9050,サービス業,-,false,false,true
9220.T,1,standard,エフビー介護サービス,9050,サービス業,-,false,false,true
9221.T,1,standard,フルハシＥＰＯ,9050,サービス業,-,false,false,true
9223.T,1,growth,ＡＳＮＯＶＡ,9050,サービス業,-,false,false,true
9225.T,1,growth,ブリッジコンサルティンググループ,9050,サービス業,-,false,false,true
9227.T,1,growth,マイクロ波化学,9050,サービス業,-,false,false,true
9229.T,1,prime,サンウェルズ,9050,サービス業,TOPIX Small 2,false,false,true
9233.T,1,standard,アジア航測,5150,空運業,-,false,false,true
9235.T,1,growth,売れるネット広告社グループ,9050,サービス業,-,false,false,true
9236.T,1,growth,ジャパンＭ＆Ａソリューション,9050,サービス業,-,false,false,true
9237.T,1,growth,笑美面,9050,サービス業,-,false,false,true
9238.T,1,growth,バリュークリエーション,9050,サービス業,-,false,false,true
9240.T,1,growth,デリバリーコンサルティング,9050,サービス業,-,false,false,true
9241.T,1,growth,フューチャーリンクネットワーク,9050,サービス業,-,false,false,true
9242.T,1,growth,メディア総研,9050,サービス業,-,false,false,true
9244.T,1,growth,デジタリフト,9050,サービス業,-,false,false,true
9245.T,1,growth,リベロ,9050,サービス業,-,false,false,true
9246.T,1,growth,プロジェクトホールディングス,9050,サービス業,-,false,false,true
9247.T,1,prime,ＴＲＥホールディングス,9050,サービス業,TOPIX Small 1,false,false,true
9248.T,1,standard,人・夢・技術グループ,9050,サービス業,TOPIX Small 2,false,false,true
9249.T,1,standard,日本エコシステム,9050,サービス業,-,false,false,true
9250.T,1,growth,ＧＲＣＳ,9050,サービス業,-,false,false,true
9251.T,1,growth,ＡＢ＆Ｃｏｍｐａｎｙ,9050,サービス業,-,false,false,true
9252.T,1,growth,ラストワンマイル,9050,サービス業,-,false,false,true
9253.T,1,growth,スローガン,9050,サービス業,-,false,false,true
9254.T,1,growth,ラバブルマーケティンググループ,9050,サービス業,-,false,false,true
9256.T,1,growth,サクシード,9050,サービス業,-,false,false,true
9258.T,1,growth,ＣＳ－Ｃ,9050,サービス業,-,false,false,true
9259.T,1,growth,タカヨシホールディングス,9050,サービス業,-,false,false,true
9262.T,1,standard,シルバーライフ,6100,小売業,TOPIX Small 2,false,false,true
9264.T,1,standard,ポエック,6050,卸売業,-,false,false,true
9265.T,1,standard,ヤマシタヘルスケアホールディングス,6050,卸売業,-,false,false,true
9267.T,1,prime,Ｇｅｎｋｙ　ＤｒｕｇＳｔｏｒｅｓ,6100,小売業,TOPIX Small 1,false,false,true
9268.T,1,standard,オプティマスグループ,6050,卸売業,-,false,false,true
9270.T,1,growth,バリュエンスホールディングス,6050,卸売業,-,false,false,true
9271.T,1,growth,和心,6100,小売業,-,false,false,true
9272.T,1,growth,ブティックス,9050,サービス業,-,false,false,true
9273.T,1,prime,コーア商事ホールディングス,6050,卸売業,TOPIX Small 2,false,false,true
9274.T,1,prime,ＫＰＰグループホールディングス,6050,卸売業,TOPIX Small 1,false,false,true
9278.T,1,prime,ブックオフグループホールディングス,6100,小売業,TOPIX Small 2,false,false,true
9279.T,1,prime,ギフトホールディングス,6100,小売業,TOPIX Small 2,false,false,true
9301.T,1,prime,三菱倉庫,5200,倉庫・運輸関連業,TOPIX Mid400,false,false,true
9302.T,1,prime,三井倉庫ホールディングス,5200,倉庫・運輸関連業,TOPIX Mid400,false,false,true
9303.T,1,prime,住友倉庫,5200,倉庫・運輸関連業,TOPIX Small 1,false,false,true
9304.T,1,prime,澁澤倉庫,5200,倉庫・運輸関連業,TOPIX Small 2,false,false,true
9305.T,1,prime,ヤマタネ,6050,卸売業,TOPIX Small 2,false,false,true
9306.T,1,standard,東陽倉庫,5200,倉庫・運輸関連業,-,false,false,true
9307.T,1,standard,杉村倉庫,5200,倉庫・運輸関連業,-,false,false,true
9308.T,1,standard,乾汽船,5100,海運業,TOPIX Small 2,false,false,true
9310.T,1,prime,日本トランスシティ,5200,倉庫・運輸関連業,TOPIX Small 2,false,false,true
9311.T,1,standard,アサガミ,5200,倉庫・運輸関連業,-,false,false,true
9312.T,1,standard,ケイヒン,5200,倉庫・運輸関連業,-,false,false,true
9313.T,1,standard,丸八倉庫,5200,倉庫・運輸関連業,-,false,false,true
9319.T,1,prime,中央倉庫,5200,倉庫・運輸関連業,TOPIX Small 2,false,false,true
9322.T,1,standard,川西倉庫,5200,倉庫・運輸関連業,-,false,false,true
9324.T,1,prime,安田倉庫,5200,倉庫・運輸関連業,TOPIX Small 2,false,false,true
9325.T,1,standard,ファイズホールディングス,5200,倉庫・運輸関連業,-,false,false,true
9326.T,1,growth,関通ホールディングス,5200,倉庫・運輸関連業,-,false,false,true
9327.T,1,standard,イー・ロジット,5200,倉庫・運輸関連業,-,false,false,true
9330.T,1,growth,揚羽,9050,サービス業,-,false,false,true
9331.T,1,growth,キャスター,9050,サービス業,-,false,false,true
9332.T,1,prime,ＮＩＳＳＯホールディングス,9050,サービス業,TOPIX Small 2,false,false,true
9336.T,1,prime,大栄環境,9050,サービス業,TOPIX Small 1,false,false,true
9337.T,1,growth,トリドリ,9050,サービス業,-,false,false,true
9338.T,1,growth,ＩＮＦＯＲＩＣＨ,9050,サービス業,-,false,false,true
9339.T,1,standard,コーチ・エィ,9050,サービス業,-,false,false,true
9340.T,1,standard,アソインターナショナル,9050,サービス業,-,false,false,true
9341.T,1,prime,ＧＥＮＯＶＡ,9050,サービス業,TOPIX Small 2,false,false,true
9342.T,1,growth,スマサポ,9050,サービス業,-,false,false,true
9343.T,1,growth,アイビス,9050,サービス業,-,false,false,true
9344.T,1,growth,アクシスコンサルティング,9050,サービス業,-,false,false,true
9345.T,1,growth,ビズメイツ,9050,サービス業,-,false,false,true
9346.T,1,growth,ココルポート,9050,サービス業,-,false,false,true
9347.T,1,prime,日本管財ホールディングス,9050,サービス業,TOPIX Small 2,false,false,true
9348.T,1,growth,ｉｓｐａｃｅ,9050,サービス業,-,false,false,true
9351.T,1,standard,東洋埠頭,5200,倉庫・運輸関連業,-,false,false,true
9353.T,1,standard,櫻島埠頭,5200,倉庫・運輸関連業,-,false,false,true
9355.T,1,standard,リンコーコーポレーション,5200,倉庫・運輸関連業,-,false,false,true
9360.T,1,standard,鈴与シンワート,5250,情報・通信業,-,false,false,true
9361.T,1,standard,伏木海陸運送,5200,倉庫・運輸関連業,-,false,false,true
9362.T,1,standard,兵機海運,5200,倉庫・運輸関連業,-,false,false,true
9363.T,1,standard,大運,5200,倉庫・運輸関連業,-,false,false,true
9364.T,1,prime,上組,5200,倉庫・運輸関連業,TOPIX Mid400,false,false,true
9365.T,1,standard,トレーディア,5200,倉庫・運輸関連業,-,false,false,true
9366.T,1,standard,サンリツ,5200,倉庫・運輸関連業,-,false,false,true
9367.T,1,standard,大東港運,5200,倉庫・運輸関連業,-,false,false,true
9368.T,1,standard,キムラユニティー,5200,倉庫・運輸関連業,-,false,false,true
9369.T,1,standard,キユーソー流通システム,5200,倉庫・運輸関連業,TOPIX Small 2,false,false,true
9376.T,1,standard,ユーラシア旅行社,9050,サービス業,-,false,false,true
9380.T,1,standard,東海運,5200,倉庫・運輸関連業,-,false,false,true
9381.T,1,prime,エーアイテイー,5200,倉庫・運輸関連業,TOPIX Small 2,false,false,true
9385.T,1,standard,ショーエイコーポレーション,3200,化学,-,false,false,true
9401.T,1,prime,ＴＢＳホールディングス,5250,情報・通信業,TOPIX Mid400,false,false,true
9404.T,1,prime,日本テレビホールディングス,5250,情報・通信業,TOPIX Mid400,false,false,true
9405.T,1,prime,朝日放送グループホールディングス,5250,情報・通信業,TOPIX Small 2,false,false,true
9408.T,1,standard,ＢＳＮメディアホールディングス,5250,情報・通信業,-,false,false,true
9409.T,1,prime,テレビ朝日ホールディングス,5250,情報・通信業,TOPIX Small 1,false,false,true
9412.T,1,prime,スカパーＪＳＡＴ,5250,情報・通信業,TOPIX Small 1,false,false,true
9413.T,1,prime,テレビ東京ホールディングス,5250,情報・通信業,TOPIX Small 1,false,false,true
9414.T,1,standard,日本ＢＳ放送,5250,情報・通信業,-,false,false,true
9416.T,1,prime,ビジョン,5250,情報・通信業,TOPIX Small 1,false,false,true
9417.T,1,standard,スマートバリュー,5250,情報・通信業,-,false,false,true
9418.T,1,prime,Ｕ－ＮＥＸＴ　ＨＯＬＤＩＮＧＳ,5250,情報・通信業,TOPIX Small 1,false,false,true
9419.T,1,standard,ワイヤレスゲート,5250,情報・通信業,-,false,false,true
9421.T,1,standard,エヌジェイホールディングス,5250,情報・通信業,-,false,false,true
9423.T,1,standard,フォーバル・リアルストレート,5250,情報・通信業,-,false,false,true
9424.T,1,prime,日本通信,5250,情報・通信業,TOPIX Small 2,false,false,true
9425.T,1,standard,ＲｅＹｕｕ　Ｊａｐａｎ,5250,情報・通信業,-,false,false,true
9428.T,1,standard,クロップス,5250,情報・通信業,-,false,false,true
9432.T,1,prime,ＮＴＴ,5250,情報・通信業,TOPIX Core30,false,false,true
9433.T,1,prime,ＫＤＤＩ,5250,情報・通信業,TOPIX Core30,false,false,true
9434.T,1,prime,ソフトバンク,5250,情報・通信業,TOPIX Core30,false,false,true
9435.T,1,prime,光通信,5250,情報・通信業,TOPIX Mid400,false,false,true
9436.T,1,standard,沖縄セルラー電話,5250,情報・通信業,-,false,false,true
9438.T,1,prime,エムティーアイ,5250,情報・通信業,TOPIX Small 2,false,false,true
9439.T,1,standard,エム・エイチ・グループ,9050,サービス業,-,false,false,true
9441.T,1,standard,ベルパーク,5250,情報・通信業,-,false,false,true
9444.T,1,standard,トーシンホールディングス,5250,情報・通信業,-,false,false,true
9445.T,1,standard,フォーバルテレコム,5250,情報・通信業,-,false,false,true
9446.T,1,standard,サカイホールディングス,5250,情報・通信業,-,false,false,true
9449.T,1,prime,ＧＭＯインターネットグループ,5250,情報・通信業,TOPIX Mid400,false,false,true
9450.T,1,standard,ファイバーゲート,5250,情報・通信業,TOPIX Small 2,false,false,true
9466.T,1,standard,アイドママーケティングコミュニケーション,5250,情報・通信業,-,false,false,true
9467.T,1,growth,アルファポリス,5250,情報・通信業,-,false,false,true
9468.T,1,prime,ＫＡＤＯＫＡＷＡ,5250,情報・通信業,TOPIX Mid400,false,false,true
9470.T,1,prime,学研ホールディングス,5250,情報・通信業,TOPIX Small 2,false,false,true
9474.T,1,prime,ゼンリン,5250,情報・通信業,TOPIX Small 2,false,false,true
9475.T,1,standard,昭文社ホールディングス,5250,情報・通信業,-,false,false,true
9476.T,1,standard,中央経済社ホールディングス,5250,情報・通信業,-,false,false,true
9478.T,1,standard,ＳＥホールディングス・アンド・インキュベーションズ,5250,情報・通信業,-,false,false,true
9501.T,1,prime,東京電力ホールディングス,4050,電気・ガス業,TOPIX Mid400,false,false,true
9502.T,1,prime,中部電力,4050,電気・ガス業,TOPIX Mid400,false,false,true
9503.T,1,prime,関西電力,4050,電気・ガス業,TOPIX Mid400,false,false,true
9504.T,1,prime,中国電力,4050,電気・ガス業,TOPIX Mid400,false,false,true
9505.T,1,prime,北陸電力,4050,電気・ガス業,TOPIX Mid400,false,false,true
9506.T,1,prime,東北電力,4050,電気・ガス業,TOPIX Mid400,false,false,true
9507.T,1,prime,四国電力,4050,電気・ガス業,TOPIX Mid400,false,false,true
9508.T,1,prime,九州電力,4050,電気・ガス業,TOPIX Mid400,false,false,true
9509.T,1,prime,北海道電力,4050,電気・ガス業,TOPIX Mid400,false,false,true
9511.T,1,prime,沖縄電力,4050,電気・ガス業,TOPIX Small 1,false,false,true
9513.T,1,prime,電源開発,4050,電気・ガス業,TOPIX Mid400,false,false,true
9514.T,1,standard,エフオン,4050,電気・ガス業,TOPIX Small 2,false,false,true
9517.T,1,prime,イーレックス,4050,電気・ガス業,TOPIX Small 2,false,false,true
9519.T,1,prime,レノバ,4050,電気・ガス業,TOPIX Small 1,false,false,true
9531.T,1,prime,東京瓦斯,4050,電気・ガス業,TOPIX Mid400,false,false,true
9532.T,1,prime,大阪瓦斯,4050,電気・ガス業,TOPIX Mid400,false,false,true
9533.T,1,prime,東邦瓦斯,4050,電気・ガス業,TOPIX Mid400,false,false,true
9534.T,1,prime,北海道瓦斯,4050,電気・ガス業,TOPIX Small 2,false,false,true
9535.T,1,prime,広島ガス,4050,電気・ガス業,TOPIX Small 2,false,false,true
9536.T,1,prime,西部ガスホールディングス,4050,電気・ガス業,TOPIX Small 2,false,false,true
9537.T,1,standard,北陸瓦斯,4050,電気・ガス業,-,false,false,true
9539.T,1,standard,京葉瓦斯,4050,電気・ガス業,-,false,false,true
9543.T,1,prime,静岡ガス,4050,電気・ガス業,TOPIX Small 1,false,false,true
9551.T,1,prime,メタウォーター,4050,電気・ガス業,TOPIX Small 1,false,false,true
9552.T,1,prime,クオンツ総研ホールディングス,9050,サービス業,TOPIX Small 1,false,false,true
9553.T,1,growth,マイクロアド,9050,サービス業,-,false,false,true
9554.T,1,growth,ＡＶｉＣ,9050,サービス業,-,false,false,true
9556.T,1,growth,ＩＮＴＬＯＯＰ,9050,サービス業,-,false,false,true
9557.T,1,growth,エアークローゼット,9050,サービス業,-,false,false,true
9558.T,1,growth,ジャパニアス,9050,サービス業,-,false,false,true
9560.T,1,growth,プログリット,9050,サービス業,-,false,false,true
9561.T,1,growth,グラッドキューブ,9050,サービス業,-,false,false,true
9562.T,1,growth,ビジネスコーチ,9050,サービス業,-,false,false,true
9563.T,1,growth,Ａｔｌａｓ　Ｔｅｃｈｎｏｌｏｇｉｅｓ,9050,サービス業,-,false,false,true
9564.T,1,standard,ＦＣＥ,9050,サービス業,-,false,false,true
9565.T,1,growth,ＧＬＯＥ,9050,サービス業,-,false,false,true
9601.T,1,prime,松竹,5250,情報・通信業,TOPIX Small 1,false,false,true
9602.T,1,prime,東宝,5250,情報・通信業,TOPIX Mid400,false,false,true
9603.T,1,prime,エイチ・アイ・エス,9050,サービス業,TOPIX Small 1,false,false,true
9605.T,1,prime,東映,5250,情報・通信業,TOPIX Small 1,false,false,true
9610.T,1,standard,ウィルソン・ラーニング　ワールドワイド,9050,サービス業,-,false,false,true
9612.T,1,prime,ラックランド,9050,サービス業,TOPIX Small 2,false,false,true
9616.T,1,prime,共立メンテナンス,9050,サービス業,TOPIX Mid400,false,false,true
9619.T,1,prime,イチネンホールディングス,9050,サービス業,TOPIX Small 2,false,false,true
9621.T,1,prime,建設技術研究所,9050,サービス業,TOPIX Small 1,false,false,true
9622.T,1,prime,スペース,9050,サービス業,TOPIX Small 2,false,false,true
9625.T,1,standard,セレスポ,9050,サービス業,-,false,false,true
9627.T,1,prime,アインホールディングス,6100,小売業,TOPIX Mid400,false,false,true
9628.T,1,prime,燦ホールディングス,9050,サービス業,TOPIX Small 2,false,false,true
9629.T,1,prime,ピー・シー・エー,5250,情報・通信業,TOPIX Small 2,false,false,true
9632.T,1,standard,スバル興業,9050,サービス業,TOPIX Small 2,false,false,true
9633.T,1,standard,東京テアトル,8050,不動産業,-,false,false,true
9635.T,1,standard,武蔵野興業,9050,サービス業,-,false,false,true
9636.T,1,standard,きんえい,9050,サービス業,-,false,false,true
9639.T,1,standard,三協フロンテア,9050,サービス業,-,false,false,true
9640.T,1,standard,セゾンテクノロジー,5250,情報・通信業,-,false,false,true
9644.T,1,prime,タナベコンサルティンググループ,9050,サービス業,TOPIX Small 2,false,false,true
9647.T,1,standard,協和コンサルタンツ,9050,サービス業,-,false,false,true
9651.T,1,standard,日本プロセス,5250,情報・通信業,-,false,false,true
9656.T,1,standard,グリーンランドリゾート,9050,サービス業,-,false,false,true
9658.T,1,prime,ビジネスブレイン太田昭和,5250,情報・通信業,TOPIX Small 2,false,false,true
9661.T,1,standard,歌舞伎座,9050,サービス業,-,false,false,true
9663.T,1,prime,ナガワ,9050,サービス業,TOPIX Small 2,false,false,true
9672.T,1,prime,東京都競馬,9050,サービス業,TOPIX Small 1,false,false,true
9678.T,1,prime,カナモト,9050,サービス業,TOPIX Small 1,false,false,true
9679.T,1,standard,ホウライ,9050,サービス業,-,false,false,true
9682.T,1,prime,ＤＴＳ,5250,情報・通信業,TOPIX Small 1,false,false,true
9684.T,1,prime,スクウェア・エニックス・ホールディングス,5250,情報・通信業,TOPIX Mid400,false,false,true
9685.T,1,standard,ＫＹＣＯＭホールディングス,5250,情報・通信業,-,false,false,true
9686.T,1,standard,東洋テック,9050,サービス業,-,false,false,true
9687.T,1,standard,ＫＳＫ,5250,情報・通信業,-,false,false,true
9691.T,1,standard,両毛システムズ,5250,情報・通信業,-,false,false,true
9692.T,1,prime,シーイーシー,5250,情報・通信業,TOPIX Small 1,false,false,true
9697.T,1,prime,カプコン,5250,情報・通信業,TOPIX Mid400,false,false,true
9698.T,1,standard,クレオ,5250,情報・通信業,-,false,false,true
9699.T,1,prime,ニシオホールディングス,9050,サービス業,TOPIX Small 1,false,false,true
9701.T,1,standard,東京會舘,9050,サービス業,-,false,false,true
9702.T,1,prime,アイ・エス・ビー,5250,情報・通信業,TOPIX Small 2,false,false,true
9704.T,1,standard,アゴーラ　ホスピタリティー　グループ,9050,サービス業,-,false,false,true
9706.T,1,prime,日本空港ビルデング,8050,不動産業,TOPIX Mid400,false,false,true
9708.T,1,standard,帝国ホテル,9050,サービス業,-,false,false,true
9709.T,1,standard,ＮＣＳ＆Ａ,5250,情報・通信業,-,false,false,true
9713.T,1,standard,ロイヤルホテル,9050,サービス業,-,false,false,true
9715.T,1,prime,トランス・コスモス,9050,サービス業,TOPIX Small 1,false,false,true
9716.T,1,prime,乃村工藝社,9050,サービス業,TOPIX Small 1,false,false,true
9720.T,1,standard,ホテル、ニューグランド,9050,サービス業,-,false,false,true
9722.T,1,prime,藤田観光,9050,サービス業,TOPIX Small 1,false,false,true
9723.T,1,standard,京都ホテル,9050,サービス業,-,false,false,true
9726.T,1,standard,ＫＮＴ－ＣＴホールディングス,9050,サービス業,TOPIX Small 2,false,false,true
9729.T,1,prime,トーカイ,9050,サービス業,TOPIX Small 2,false,false,true
9731.T,1,standard,白洋舎,9050,サービス業,-,false,false,true
9733.T,1,standard,ナガセ,9050,サービス業,-,false,false,true
9735.T,1,prime,セコム,9050,サービス業,TOPIX Large70,false,false,true
9739.T,1,prime,ＮＳＷ,5250,情報・通信業,TOPIX Small 2,false,false,true
9740.T,1,prime,セントラル警備保障,9050,サービス業,TOPIX Small 2,false,false,true
9742.T,1,prime,アイネス,5250,情報・通信業,TOPIX Small 2,false,false,true
9743.T,1,prime,丹青社,9050,サービス業,TOPIX Small 1,false,false,true
9744.T,1,prime,メイテックグループホールディングス,9050,サービス業,TOPIX Mid400,false,false,true
9746.T,1,prime,ＴＫＣ,5250,情報・通信業,TOPIX Small 1,false,false,true
9753.T,1,standard,アイエックス・ナレッジ,5250,情報・通信業,-,false,false,true
9755.T,1,prime,応用地質,9050,サービス業,TOPIX Small 2,false,false,true
9757.T,1,prime,船井総研ホールディングス,9050,サービス業,TOPIX Small 1,false,false,true
9759.T,1,prime,ＮＳＤ,5250,情報・通信業,TOPIX Mid400,false,false,true
9760.T,1,standard,進学会ホールディングス,9050,サービス業,-,false,false,true
9761.T,1,standard,東海リース,9050,サービス業,-,false,false,true
9763.T,1,standard,丸建リース,6050,卸売業,-,false,false,true
9765.T,1,prime,オオバ,9050,サービス業,-,false,false,true
9766.T,1,prime,コナミグループ,5250,情報・通信業,TOPIX Mid400,false,false,true
9767.T,1,standard,日建工学,9050,サービス業,-,false,false,true
9768.T,1,standard,いであ,9050,サービス業,-,false,false,true
9769.T,1,prime,学究社,9050,サービス業,TOPIX Small 2,false,false,true
9778.T,1,standard,昴,9050,サービス業,-,false,false,true
9780.T,1,standard,ハリマビステム,9050,サービス業,-,false,false,true
9782.T,1,standard,ディーエムエス,9050,サービス業,-,false,false,true
9788.T,1,prime,ナック,9050,サービス業,TOPIX Small 2,false,false,true
9790.T,1,prime,福井コンピュータホールディングス,5250,情報・通信業,TOPIX Small 2,false,false,true
9791.T,1,standard,ビケンテクノ,9050,サービス業,-,false,false,true
9793.T,1,prime,ダイセキ,9050,サービス業,TOPIX Small 1,false,false,true
9795.T,1,prime,ステップ,9050,サービス業,TOPIX Small 2,false,false,true
9799.T,1,standard,旭情報サービス,5250,情報・通信業,-,false,false,true
9812.T,1,standard,テーオーホールディングス,6100,小売業,-,false,false,true
9816.T,1,standard,ストライダーズ,8050,不動産業,-,false,false,true
9818.T,1,standard,大丸エナウィン,6050,卸売業,-,false,false,true
9820.T,1,standard,エムティジェネックス,8050,不動産業,-,false,false,true
9823.T,1,standard,マミーマートホールディングス,6100,小売業,-,false,false,true
9824.T,1,prime,泉州電業,6050,卸売業,TOPIX Small 1,false,false,true
9827.T,1,standard,リリカラ,6050,卸売業,-,false,false,true
9828.T,1,standard,Ｇｅｎｋｉ　Ｇｌｏｂａｌ　Ｄｉｎｉｎｇ　Ｃｏｎｃｅｐｔｓ,6100,小売業,TOPIX Small 1,false,false,true
9830.T,1,prime,トラスコ中山,6050,卸売業,TOPIX Small 1,false,false,true
9831.T,1,prime,ヤマダホールディングス,6100,小売業,TOPIX Mid400,false,false,true
9832.T,1,prime,オートバックスセブン,6050,卸売業,TOPIX Small 1,false,false,true
9835.T,1,standard,ジュンテンドー,6100,小売業,-,false,false,true
9837.T,1,prime,モリト,6050,卸売業,TOPIX Small 2,false,false,true
9842.T,1,prime,アークランズ,6100,小売業,TOPIX Small 1,false,false,true
9843.T,1,prime,ニトリホールディングス,6100,小売業,TOPIX Mid400,false,false,true
9845.T,1,standard,パーカーコーポレーション,3200,化学,-,false,false,true
9846.T,1,standard,天満屋ストア,6100,小売業,-,false,false,true
9849.T,1,standard,共同紙販ホールディングス,6050,卸売業,-,false,false,true
9850.T,1,prime,グルメ杵屋,6100,小売業,TOPIX Small 2,false,false,true
9853.T,1,standard,銀座ルノアール,6100,小売業,-,false,false,true
9854.T,1,standard,愛眼,6100,小売業,-,false,false,true
9856.T,1,standard,ケーユーホールディングス,6100,小売業,TOPIX Small 2,false,false,true
9857.T,1,standard,英和,6050,卸売業,-,false,false,true
9861.T,1,prime,吉野家ホールディングス,6100,小売業,TOPIX Mid400,false,false,true
9867.T,1,standard,ソレキア,6050,卸売業,-,false,false,true
9869.T,1,prime,加藤産業,6050,卸売業,TOPIX Small 1,false,false,true
9872.T,1,standard,北恵,6050,卸売業,-,false,false,true
9876.T,1,standard,コックス,6100,小売業,-,false,false,true
9878.T,1,standard,セキド,6100,小売業,-,false,false,true
9880.T,1,prime,イノテック,3650,電気機器,TOPIX Small 2,false,false,true
9882.T,1,prime,イエローハット,6050,卸売業,TOPIX Small 1,false,false,true
9885.T,1,standard,シャルレ,6050,卸売業,-,false,false,true
9887.T,1,prime,松屋フーズホールディングス,6100,小売業,TOPIX Small 1,false,false,true
9888.T,1,standard,ＵＥＸ,6050,卸売業,-,false,false,true
9889.T,1,prime,ＪＢＣＣホールディングス,5250,情報・通信業,TOPIX Small 1,false,false,true
9890.T,1,standard,マキヤ,6100,小売業,-,false,false,true
9895.T,1,standard,コンセック,6050,卸売業,-,false,false,true
9896.T,1,standard,ＪＫホールディングス,6050,卸売業,TOPIX Small 2,false,false,true
9900.T,1,prime,サガミホールディングス,6100,小売業,TOPIX Small 1,false,false,true
9902.T,1,prime,日伝,6050,卸売業,TOPIX Small 2,false,false,true
9903.T,1,standard,カンセキ,6100,小売業,-,false,false,true
9904.T,1,standard,ベリテ,6100,小売業,-,false,false,true
9906.T,1,standard,藤井産業,6050,卸売業,-,false,false,true
9908.T,1,standard,日本電計,6050,卸売業,-,false,false,true
9913.T,1,standard,日邦産業,6050,卸売業,-,false,false,true
9914.T,1,standard,植松商会,6050,卸売業,-,false,false,true
9927.T,1,standard,ワットマン,6100,小売業,-,false,false,true
9928.T,1,prime,ミロク情報サービス,5250,情報・通信業,TOPIX Small 2,false,false,true
9929.T,1,standard,平和紙業,6050,卸売業,-,false,false,true
9930.T,1,standard,北沢産業,6050,卸売業,-,false,false,true
9932.T,1,prime,杉本商事,6050,卸売業,TOPIX Small 2,false,false,true
9934.T,1,prime,因幡電機産業,6050,卸売業,TOPIX Mid400,false,false,true
9936.T,1,prime,王将フードサービス,6100,小売業,TOPIX Small 1,false,false,true
9941.T,1,standard,太洋物産,6050,卸売業,-,false,false,true
9946.T,1,prime,ミニストップ,6100,小売業,TOPIX Small 2,false,false,true
9948.T,1,prime,アークス,6100,小売業,TOPIX Small 1,false,false,true
9950.T,1,standard,ハチバン,6100,小売業,-,false,false,true
9955.T,1,standard,ヨンキュウ,6050,卸売業,-,false,false,true
9956.T,1,prime,バローホールディングス,6100,小売業,TOPIX Small 1,false,false,true
9959.T,1,standard,アシードホールディングス,6100,小売業,-,false,false,true
9960.T,1,prime,東テク,6050,卸売業,TOPIX Small 1,false,false,true
9962.T,1,prime,ミスミグループ本社,6050,卸売業,TOPIX Mid400,false,false,true
9969.T,1,standard,ショクブン,6100,小売業,-,false,false,true
9972.T,1,standard,アルテック,6050,卸売業,-,false,false,true
9973.T,1,standard,ＫＯＺＯホールディングス,6100,小売業,-,false,false,true
9974.T,1,prime,ベルク,6100,小売業,TOPIX Small 1,false,false,true
9976.T,1,standard,セキチュー,6100,小売業,-,false,false,true
9978.T,1,standard,文教堂グループホールディングス,6100,小売業,-,false,false,true
9979.T,1,standard,大庄,6100,小売業,TOPIX Small 2,false,false,true
9980.T,1,standard,ＭＲＫホールディングス,6100,小売業,-,false,false,true
9982.T,1,standard,タキヒヨー,6050,卸売業,-,false,false,true
9983.T,1,prime,ファーストリテイリング,6100,小売業,TOPIX Core30,false,false,true
9984.T,1,prime,ソフトバンクグループ,5250,情報・通信業,TOPIX Core30,false,false,true
9986.T,1,standard,蔵王産業,6050,卸売業,-,false,false,true
9987.T,1,prime,スズケン,6050,卸売業,TOPIX Mid400,false,false,true
9989.T,1,prime,サンドラッグ,6100,小売業,TOPIX Mid400,false,false,true
9990.T,1,prime,サックスバー　ホールディングス,6100,小売業,TOPIX Small 2,false,false,true
9991.T,1,prime,ジェコス,6050,卸売業,TOPIX Small 2,false,false,true
9993.T,1,standard,ヤマザワ,6100,小売業,-,false,false,true
9994.T,1,standard,やまや,6100,小売業,-,false,false,true
9996.T,1,standard,サトー商会,6050,卸売業,-,false,false,true
9997.T,1,prime,ベルーナ,6100,小売業,TOPIX Small 1,false,false,true
