phase,date,category,sub_category,title,purpose,runtime_status,shadow_status,research_status,current_status,adoption_status,removed_or_disabled,related_phases,related_reports,summary,verdict
8,2026-05-17,Monitoring,script,Phase 8 sweep,Script run_phase8_sweep.py,research,none,active,inactive,observe,false,,kabu_native/results/reports/phase8_sweep_20260516.json,Report generated; no runtime adoption,research_complete
9,2026-05-17,Entry,script,Phase 9 entry quality,Script run_phase9_entry_quality.py,research,none,active,inactive,observe,false,,kabu_native/results/reports/phase9_entry_quality_20260516.json,Report generated; no runtime adoption,research_complete
10,2026-05-17,Monitoring,script,Phase 10 combined candidates,Script run_phase10_combined_candidates.py,research,none,active,inactive,observe,false,,kabu_native/results/reports/phase10_combined_candidates_20260517.json,Report generated; no runtime adoption,research_complete
11,2026-05-17,Replay,script,Phase 11 screen replay,Script run_phase11_screen_replay.py,research,none,active,inactive,observe,false,,kabu_native/results/reports/phase11_screen_replay_20260517.json,Report generated; no runtime adoption,research_complete
13,2026-05-17,Monitoring,script,no_entry_until 09:30 gate,Script run_phase13_session_control.py,removed,none,active,removed,superseded,true,148,kabu_native/results/reports/phase13_session_control_20260517.json,09:30 no_entry_until は廃止。session 枠は構造理由のみ (configs/session_control.yaml)。,Superseded by Phase 148
37,2026-05-18,Monitoring,script,Phase 37 validation,Script run_phase37_validation.py,research,none,active,inactive,observe,false,,,Script run_phase37_validation.py,Research / review artifact
38,2026-05-18,Monitoring,script,Phase 38 validation,Script run_phase38_validation.py,research,none,active,inactive,observe,false,,,Script run_phase38_validation.py,Research / review artifact
39,2026-05-18,Monitoring,script,Phase 39 top quartile,Script run_phase39_top_quartile.py,research,none,active,inactive,observe,false,,,Script run_phase39_top_quartile.py,Research / review artifact
40,2026-05-18,Monitoring,script,Phase 40 top quartile oos,Script run_phase40_top_quartile_oos.py,research,none,active,inactive,observe,false,,,Script run_phase40_top_quartile_oos.py,Research / review artifact
41,2026-05-18,Data,script,Phase 41 data oos,Script run_phase41_data_oos.py,research,none,active,inactive,observe,false,,,Script run_phase41_data_oos.py,Research / review artifact
43,2026-05-18,Monitoring,script,Phase 43 gate diagnosis,Script run_phase43_gate_diagnosis.py,research,none,active,inactive,observe,false,,,Script run_phase43_gate_diagnosis.py,Research / review artifact
68,2026-05-27,Entry,script,Phase 68 variable audit,Phase 68: ENTRY/TAKE/EXIT variable implementation audit (read-only).,research,none,active,inactive,observe,false,,,Phase 68: ENTRY/TAKE/EXIT variable implementation audit (read-only).,Research / review artifact
69,2026-05-27,Monitoring,script,Phase 69 indicator design audit,Phase 69: Indicator design alignment audit (read-only).,research,none,active,inactive,observe,false,,,Phase 69: Indicator design alignment audit (read-only).,Research / review artifact
70,2026-05-27,Monitoring,script,Phase 70 decomposed indicator review,Phase 70: Decomposed indicator what-if (read-only diagnosis).,research,none,active,inactive,observe,false,,,Phase 70: Decomposed indicator what-if (read-only diagnosis).,Research / review artifact
71,2026-05-27,Exit,script,Phase 71 split momentum fade review,Phase 71: Split momentum fade exit what-if (read-only).,research,none,active,inactive,observe,false,,,Phase 71: Split momentum fade exit what-if (read-only).,Research / review artifact
72,2026-05-27,Exit,script,Phase 72 price momentum exit trial review,Script run_phase72_price_momentum_exit_trial_review.py,research,none,active,inactive,observe,false,,,Script run_phase72_price_momentum_exit_trial_review.py,Research / review artifact
74,2026-05-27,Entry,script,Phase 74 entry churn overlap review,Script run_phase74_entry_churn_overlap_review.py,research,none,active,inactive,observe,false,,,Script run_phase74_entry_churn_overlap_review.py,Research / review artifact
75,2026-05-27,Monitoring,script,Phase 75 quality gate redesign review,Script run_phase75_quality_gate_redesign_review.py,research,none,active,inactive,observe,false,,,Script run_phase75_quality_gate_redesign_review.py,Research / review artifact
76,2026-05-27,Position,script,Phase 76 overlap position management review,Script run_phase76_overlap_position_management_review.py,research,none,active,inactive,observe,false,,,Script run_phase76_overlap_position_management_review.py,Research / review artifact
77,2026-05-27,Monitoring,script,Phase 77 worst symbol regime filter review,Script run_phase77_worst_symbol_regime_filter_review.py,research,none,active,inactive,observe,false,,,Script run_phase77_worst_symbol_regime_filter_review.py,Research / review artifact
78,2026-05-27,Monitoring,script,Phase 78 rolling symbol cooloff review,Script run_phase78_rolling_symbol_cooloff_review.py,research,none,active,inactive,observe,false,,,Script run_phase78_rolling_symbol_cooloff_review.py,Research / review artifact
79,2026-05-27,Monitoring,script,Phase 79 symbol cooloff trial review,Script run_phase79_symbol_cooloff_trial_review.py,research,none,active,inactive,observe,false,,,Script run_phase79_symbol_cooloff_trial_review.py,Research / review artifact
81,2026-05-27,Universe,script,Phase 81 universe coverage audit,Script run_phase81_universe_coverage_audit.py,research,none,active,inactive,observe,false,,,Script run_phase81_universe_coverage_audit.py,Research / review artifact
82,2026-05-27,Monitoring,script,Phase 82 daytrade suitability review,Script run_phase82_daytrade_suitability_review.py,research,none,active,inactive,observe,false,,,Script run_phase82_daytrade_suitability_review.py,Research / review artifact
83,2026-05-27,Monitoring,script,Phase 83 daytrade suitability oos review,Script run_phase83_daytrade_suitability_oos_review.py,research,none,active,inactive,observe,false,,kabu_native/results/reports/phase83_daytrade_suitability_oos_review.json,Report generated; no runtime adoption,research_complete
84,2026-05-27,Monitoring,script,Phase 84 vol liq trial review,Script run_phase84_vol_liq_trial_review.py,research,none,active,inactive,observe,false,,kabu_native/results/reports/phase84_vol_liq_trial_review.json,Report generated; no runtime adoption,research_complete
86,2026-05-27,Monitoring,script,Phase 86 vol liq symbol cooloff review,Script run_phase86_vol_liq_symbol_cooloff_review.py,research,none,active,inactive,observe,false,,kabu_native/results/reports/phase86_vol_liq_symbol_cooloff_review.json,Report generated; no runtime adoption,research_complete
87,2026-05-27,Monitoring,script,Phase 87 profit source review,Script run_phase87_profit_source_review.py,research,none,active,inactive,observe,false,,kabu_native/results/reports/phase87_profit_source_review.json,Report generated; no runtime adoption,research_complete
88,2026-05-27,Exit,script,Phase 88 exit pathology review,Script run_phase88_exit_pathology_review.py,research,none,active,inactive,observe,false,,kabu_native/results/reports/phase88_exit_pathology_review.json,Report generated; no runtime adoption,research_complete
89,2026-05-27,Monitoring,script,Phase 89 mfe giveback min peak whatif review,Script run_phase89_mfe_giveback_min_peak_whatif_review.py,research,none,active,inactive,observe,false,,kabu_native/results/reports/phase89_mfe_giveback_min_peak_whatif_review.json,Report generated; no runtime adoption,research_complete
90,2026-05-27,Monitoring,script,Phase 90 stability review,Script run_phase90_stability_review.py,research,none,active,inactive,observe,false,,kabu_native/results/reports/phase90_stability_review.json,Report generated; no runtime adoption,research_complete
95,2026-05-27,Universe,script,Phase 95 universe diagnosis,Script run_phase95_universe_diagnosis.py,research,none,active,inactive,observe,false,,kabu_native/results/reports/phase95_universe_diagnosis_20260522.json,Report generated; no runtime adoption,research_complete
96,2026-05-27,Universe,script,Phase 96 dynamic universe design,Script run_phase96_dynamic_universe_design.py,research,none,active,inactive,observe,false,,kabu_native/results/reports/phase96_dynamic_universe_design.json,Report generated; no runtime adoption,research_complete
99,2026-05-27,Universe,script,Phase 99 shadow universe preflight,Script run_phase99_shadow_universe_preflight.py,shadow,inactive,active,inactive,observe,false,,kabu_native/results/reports/phase99_shadow_universe_preflight_20260522.json,Report generated; no runtime adoption,research_complete
100,2026-05-27,Monitoring,script,Phase 100 jpx master setup check,Script run_phase100_jpx_master_setup_check.py,research,none,active,inactive,observe,false,,kabu_native/results/reports/phase100_jpx_master_setup_check_20260522.json,Report generated; no runtime adoption,research_complete
101,2026-05-27,Universe,script,Phase 101 dynamic universe scoring review,Script run_phase101_dynamic_universe_scoring_review.py,research,none,active,inactive,observe,false,,kabu_native/results/reports/phase101_dynamic_universe_scoring_review_20260522.json,Report generated; no runtime adoption,research_complete
103,2026-05-27,Monitoring,script,Phase 103 sampling revision,Script run_phase103_sampling_revision.py,research,none,active,inactive,observe,false,,kabu_native/results/reports/phase103_sampling_revision_20260522.json,Report generated; no runtime adoption,research_complete
104,2026-05-27,Monitoring,script,Phase 104 board error rootcause,Script run_phase104_board_error_rootcause.py,research,none,active,inactive,observe,false,,kabu_native/results/reports/phase104_board_error_rootcause_20260522.json,Report generated; no runtime adoption,research_complete
105,2026-05-27,Universe,script,Phase 105 register limit aware universe,Script run_phase105_register_limit_aware_universe.py,research,none,active,inactive,observe,false,,kabu_native/results/reports/phase105_register_limit_aware_universe_20260522.json,Report generated; no runtime adoption,research_complete
106,2026-05-27,Monitoring,script,Phase 106 shadow live pipeline,Script run_phase106_shadow_live_pipeline.py,shadow,inactive,active,inactive,observe,false,,kabu_native/results/reports/phase106_shadow_live_pipeline_20260521.json,Report generated; no runtime adoption,research_complete
107,2026-05-27,Monitoring,script,Phase 107 dynamic selection design,Script run_phase107_dynamic_selection_design.py,research,none,active,inactive,observe,false,,kabu_native/results/reports/phase107_dynamic_selection_conditions_20260523.json,Report generated; no runtime adoption,research_complete
108,2026-05-27,Monitoring,script,Phase 108 opening screen design,Script run_phase108_opening_screen_design.py,research,none,active,inactive,observe,false,,kabu_native/results/reports/phase108_opening_screen_design_20260519.json,Report generated; no runtime adoption,research_complete
109,2026-05-27,Universe,script,Phase 109 opening dynamic50 universe,Script run_phase109_opening_dynamic50_universe.py,research,none,active,inactive,observe,false,,kabu_native/results/reports/phase109_opening_dynamic50_universe_20260522.json,Report generated; no runtime adoption,research_complete
110,2026-05-27,Monitoring,script,Phase 110 opening dynamic50 backtest review,Script run_phase110_opening_dynamic50_backtest_review.py,research,none,active,inactive,observe,false,,kabu_native/results/reports/phase110_opening_dynamic50_backtest_review.json,Report generated; no runtime adoption,research_complete
111,2026-05-27,Monitoring,script,Phase 111 opening50 failure analysis,Script run_phase111_opening50_failure_analysis.py,research,none,active,inactive,observe,false,,kabu_native/results/reports/phase111_opening50_failure_analysis.json,Report generated; no runtime adoption,research_complete
112,2026-05-27,Data,script,Phase 112 daily data scalability,Script run_phase112_daily_data_scalability.py,research,none,active,inactive,observe,false,,kabu_native/results/reports/phase112_daily_data_scalability.json,Report generated; no runtime adoption,research_complete
113,2026-05-27,Universe,script,Daytrade suitability top50 rule,Script run_phase113_vol_liq_dynamic50_universe.py,runtime,none,none,active,adopted,false,,kabu_native/results/reports/phase113_runner_check_20260521.json,Report generated; no runtime adoption,Production runtime (Stack C)
114,2026-05-27,Universe,script,12:25 PM universe regen,Script run_phase114_am_pm_universe_design.py,removed,none,active,removed,superseded,true,148 intraday refresh,kabu_native/results/reports/phase114_am_pm_universe_design.json,Report generated; no runtime adoption,Superseded by Phase 148 intraday refresh
115,2026-05-27,Monitoring,script,Phase 115 am pm shadow pipeline,Script run_phase115_am_pm_shadow_pipeline.py,shadow,inactive,active,inactive,observe,false,,kabu_native/results/reports/phase115_am_pm_shadow_pipeline_20260521.json,Report generated; no runtime adoption,research_complete
116,2026-05-27,Monitoring,script,Phase 116 am pm session policy,Script run_phase116_am_pm_session_policy.py,research,none,active,inactive,observe,false,,kabu_native/results/reports/phase116_am_pm_session_policy.json,Report generated; no runtime adoption,research_complete
117,2026-05-27,Universe,script,Volatility liquidity universe,Script run_phase117_core10_dynamic40_design.py,runtime,none,none,active,adopted,false,,kabu_native/results/reports/phase117_core10_dynamic40_design.json,Report generated; no runtime adoption,Production runtime (Stack C)
118,2026-05-27,Monitoring,script,Phase 118 core10 dynamic40 pipeline,Script run_phase118_core10_dynamic40_pipeline.py,research,none,active,inactive,observe,false,,kabu_native/results/reports/phase118_core10_dynamic40_pipeline_20260521.json,Report generated; no runtime adoption,research_complete
119,2026-05-27,Monitoring,script,Phase 119 daily core rotation design,Script run_phase119_daily_core_rotation_design.py,research,none,active,inactive,observe,false,,kabu_native/results/reports/phase119_core_watchlist_status.json,Report generated; no runtime adoption,research_complete
120,2026-05-27,Exit,script,Phase 120 mfe mae exit review,Script run_phase120_mfe_mae_exit_review.py,research,none,active,inactive,observe,false,,kabu_native/results/reports/phase120_mfe_mae_exit_review.json,Report generated; no runtime adoption,research_complete
121,2026-05-27,Exit,script,Phase 121 fade exit replay,Script run_phase121_fade_exit_replay.py,research,none,active,inactive,observe,false,,kabu_native/results/reports/phase121_fade_exit_replay.json,Report generated; no runtime adoption,research_complete
122,2026-05-27,Monitoring,script,Phase 122 fade extension conditions,Script run_phase122_fade_extension_conditions.py,research,none,active,inactive,observe,false,,kabu_native/results/reports/phase122_fade_extension_conditions.json,Report generated; no runtime adoption,research_complete
123,2026-05-27,Monitoring,script,Phase 123 conditional fade extension review,Script run_phase123_conditional_fade_extension_review.py,research,none,active,inactive,observe,false,,kabu_native/results/reports/phase123_conditional_fade_extension_review.json,Report generated; no runtime adoption,research_complete
124,2026-05-27,Monitoring,script,Phase 124 mfe predictor review,Script run_phase124_mfe_predictor_review.py,research,none,active,inactive,observe,false,,kabu_native/results/reports/phase124_mfe_predictor_review.json,Report generated; no runtime adoption,research_complete
125,2026-05-27,Monitoring,script,Phase 125 reacceleration review,Script run_phase125_reacceleration_review.py,research,none,active,inactive,observe,false,,kabu_native/results/reports/phase125_reacceleration_review.json,Report generated; no runtime adoption,research_complete
126,2026-05-27,Exit,script,Phase 126 state based fade exit review,Script run_phase126_state_based_fade_exit_review.py,research,none,active,inactive,observe,false,,kabu_native/results/reports/phase126_state_based_fade_exit_review.json,Report generated; no runtime adoption,research_complete
127,2026-05-27,Monitoring,script,Phase 127 fade watch shadow,Script run_phase127_fade_watch_shadow.py,shadow,inactive,active,inactive,observe,false,,kabu_native/results/reports/phase127_fade_watch_shadow_design.json,Report generated; no runtime adoption,research_complete
128,2026-05-27,Monitoring,script,Phase 128 fade watch trigger review,Script run_phase128_fade_watch_trigger_review.py,research,none,active,inactive,observe,false,,kabu_native/results/reports/phase128_fade_watch_trigger_review.json,Report generated; no runtime adoption,research_complete
129,2026-05-27,Monitoring,script,Phase 129 trading logic improvement plan,Script run_phase129_trading_logic_improvement_plan.py,research,none,active,inactive,observe,false,,kabu_native/results/reports/phase129_trading_logic_improvement_plan.json,Report generated; no runtime adoption,research_complete
130,2026-05-27,Exit,script,Phase 130 range hold exit review,Script run_phase130_range_hold_exit_review.py,research,none,active,inactive,observe,false,,kabu_native/results/reports/phase130_range_hold_exit_review.json,Report generated; no runtime adoption,research_complete
131,2026-05-27,Monitoring,script,Phase 131 reacceleration shadow review,Script run_phase131_reacceleration_shadow_review.py,shadow,inactive,active,inactive,observe,false,,kabu_native/results/reports/phase131_reacceleration_shadow_review.json,Report generated; no runtime adoption,research_complete
132,2026-05-27,Position,script,Phase 132 cap sensitivity review,Script run_phase132_cap_sensitivity_review.py,research,none,active,inactive,observe,false,,kabu_native/results/reports/phase132_cap_sensitivity_review.json,Report generated; no runtime adoption,research_complete
133,2026-05-27,Monitoring,script,Phase 133 switch old vs new review,Script run_phase133_switch_old_vs_new_review.py,research,none,active,inactive,observe,false,,kabu_native/results/reports/phase133_switch_old_vs_new_review.json,Report generated; no runtime adoption,research_complete
134,2026-05-27,Monitoring,script,Phase 134 fade switch policy review,Script run_phase134_fade_switch_policy_review.py,research,none,active,inactive,observe,false,,kabu_native/results/reports/phase134_fade_switch_policy_review.json,Report generated; no runtime adoption,research_complete
135,2026-05-27,Monitoring,script,Phase 135 fade switch cooldown shadow review,Script run_phase135_fade_switch_cooldown_shadow_review.py,shadow,inactive,active,inactive,observe,false,,kabu_native/results/reports/phase135_fade_switch_cooldown_shadow_review.json,Report generated; no runtime adoption,research_complete
136,2026-05-27,Entry,script,Phase 136 cap3 entry replay review,Script run_phase136_cap3_entry_replay_review.py,research,none,active,inactive,observe,false,,kabu_native/results/reports/phase136_cap3_entry_replay_review.json,Report generated; no runtime adoption,research_complete
137,2026-05-27,Replay,script,Phase 137 replay fidelity review,Script run_phase137_replay_fidelity_review.py,research,none,active,inactive,observe,false,,kabu_native/results/reports/phase137_replay_fidelity_review.json,Report generated; no runtime adoption,research_complete
138,2026-05-27,Replay,script,Phase 138 hybrid replay engine review,Script run_phase138_hybrid_replay_engine_review.py,research,none,active,inactive,observe,false,,kabu_native/results/reports/phase138_hybrid_replay_engine_review.json,Report generated; no runtime adoption,research_complete
139,2026-05-27,Monitoring,script,Phase 139 hybrid fade switch policy review,Script run_phase139_hybrid_fade_switch_policy_review.py,research,none,active,inactive,observe,false,,kabu_native/results/reports/phase139_hybrid_fade_switch_policy_review.json,Report generated; no runtime adoption,research_complete
140,2026-05-27,Monitoring,script,Phase 140 fade switch priority analysis,Script run_phase140_fade_switch_priority_analysis.py,research,none,active,inactive,observe,false,,kabu_native/results/reports/phase140_fade_switch_priority_analysis.json,Report generated; no runtime adoption,research_complete
141,2026-05-27,Monitoring,script,Phase 141 fade switch block shadow review,Script run_phase141_fade_switch_block_shadow_review.py,shadow,inactive,active,inactive,observe,false,,kabu_native/results/reports/phase141_fade_switch_block_shadow_review.json,Report generated; no runtime adoption,research_complete
142,2026-05-27,Monitoring,script,Phase 142 fade switch block scope review,Script run_phase142_fade_switch_block_scope_review.py,research,none,active,inactive,observe,false,,kabu_native/results/reports/phase142_fade_switch_block_scope_review.json,Report generated; no runtime adoption,research_complete
143,2026-05-27,Monitoring,script,Phase 143 fade first switch block shadow review,Script run_phase143_fade_first_switch_block_shadow_review.py,shadow,inactive,active,inactive,observe,false,,kabu_native/results/reports/phase143_fade_first_switch_block_shadow_review.json,Report generated; no runtime adoption,research_complete
144,2026-05-27,Monitoring,script,Phase 144 fade first switch block refinement review,Script run_phase144_fade_first_switch_block_refinement_review.py,research,none,active,inactive,observe,false,,kabu_native/results/reports/phase144_first_switch_block_refinement_review.json,Report generated; no runtime adoption,research_complete
145,2026-05-27,Monitoring,script,Phase 145 remaining issues review,Script run_phase145_remaining_issues_review.py,research,none,active,inactive,observe,false,,kabu_native/results/reports/phase145_remaining_issues_review.json,Report generated; no runtime adoption,research_complete
146,2026-05-27,Monitoring,script,Phase 146 am pm multiday rescreening review,Script run_phase146_am_pm_multiday_rescreening_review.py,research,none,active,inactive,observe,false,,kabu_native/results/reports/phase146_am_pm_multiday_rescreening_review.json,Report generated; no runtime adoption,research_complete
147,2026-05-27,Monitoring,script,Phase 147 shadow pilot readiness review,Script run_phase147_shadow_pilot_readiness_review.py,shadow,inactive,active,inactive,observe,false,,kabu_native/results/reports/phase147_shadow_pilot_readiness_review.json,Report generated; no runtime adoption,research_complete
148,2026-05-27,Monitoring,script,AM/PM daily runner orchestration,Script run_phase148_pm_transition_fix_review.py,runtime,none,none,active,adopted,false,,kabu_native/results/reports/phase148_am_pm_daily_runner_20260521.json,Report generated; no runtime adoption,Production runtime (Stack C)
148b,2026-05-27,Monitoring,script,Phase 148b runner crash recovery,Script run_phase148b_runner_crash_recovery.py,research,none,active,inactive,observe,false,,kabu_native/results/reports/phase148b_runner_crash_recovery_20260525.json,Report generated; no runtime adoption,research_complete
148c,2026-05-27,Monitoring,script,Phase 148c session recovery,Script run_phase148c_session_recovery.py,research,none,active,inactive,observe,false,,kabu_native/results/reports/phase148c_session_recovery_20260525.json,Report generated; no runtime adoption,research_complete
149,2026-05-27,Monitoring,script,Phase 149 symbol validation update,Script run_phase149_symbol_validation_update.py,research,none,active,inactive,observe,false,,kabu_native/results/reports/phase149_symbol_validation_update.json,Report generated; no runtime adoption,research_complete
150,2026-05-27,Exit,script,Phase 150 urgent exit failure review,Script run_phase150_urgent_exit_failure_review.py,research,none,active,inactive,observe,false,,kabu_native/results/reports/phase150_urgent_exit_failure_review.json,Report generated; no runtime adoption,research_complete
151,2026-05-27,Exit,script,Phase 151 take exit shadow review,Script run_phase151_take_exit_shadow_review.py,shadow,inactive,active,inactive,observe,false,,kabu_native/results/reports/phase151_take_exit_shadow_review.json,Report generated; no runtime adoption,research_complete
152,2026-05-27,Monitoring,script,Phase 152 stop hit loss review,Script run_phase152_stop_hit_loss_review.py,research,none,active,inactive,observe,false,,kabu_native/results/reports/phase152_stop_hit_loss_review.json,Report generated; no runtime adoption,research_complete
153a,2026-05-27,Risk,script,Phase 153a low price risk review,Script run_phase153a_low_price_risk_review.py,research,none,active,inactive,observe,false,,kabu_native/results/reports/phase153a_low_price_risk_review.json,Report generated; no runtime adoption,research_complete
153b,2026-05-27,Entry,script,Entry price risk guard (min price / tick ratio),Script run_phase153b_entry_price_risk_guard_shadow_review.py,runtime,none,none,active,adopted,false,,kabu_native/results/reports/phase153b_entry_price_risk_guard_shadow_review.json,Report generated; no runtime adoption,Production runtime (Stack C)
153c,2026-05-27,Universe,script,Phase 153c universe low price diagnosis,Script run_phase153c_universe_low_price_diagnosis.py,research,none,active,inactive,observe,false,,kabu_native/results/reports/phase153c_universe_low_price_diagnosis.json,Report generated; no runtime adoption,research_complete
153d,2026-05-27,Universe,script,Phase 153d price risk universe filter review,Script run_phase153d_price_risk_universe_filter_review.py,research,none,active,inactive,observe,false,,kabu_native/results/reports/phase153d_price_risk_universe_filter_review.json,Report generated; no runtime adoption,research_complete
154,2026-05-27,Risk,script,Phase 154 daily runner price risk shadow review,Script run_phase154_daily_runner_price_risk_shadow_review.py,shadow,inactive,active,inactive,observe,false,,kabu_native/results/reports/phase154_daily_runner_price_risk_shadow_commands_20260525.json,Report generated; no runtime adoption,research_complete
154a,2026-05-27,Monitoring,script,Phase 154a trial policy fix review,Script run_phase154a_trial_policy_fix_review.py,research,none,active,inactive,observe,false,,kabu_native/results/reports/phase154a_trial_policy_fix_review.json,Report generated; no runtime adoption,research_complete
155,2026-05-27,Position,script,Phase 155 kabu register capacity fix,Script run_phase155_kabu_register_capacity_fix.py,research,none,active,inactive,observe,false,,kabu_native/results/reports/phase155_kabu_register_capacity_fix.json,Report generated; no runtime adoption,research_complete
156,2026-05-27,Position,script,Phase 156 intraday refresh cap5 review,Script run_phase156_intraday_refresh_cap5_review.py,research,none,active,inactive,observe,false,,kabu_native/results/reports/phase156_intraday_refresh_cap5_design.json,Report generated; no runtime adoption,research_complete
157,2026-05-27,Data,script,Phase 157 intraday refresh runner review,Script run_phase157_intraday_refresh_runner_review.py,research,none,active,inactive,observe,false,,kabu_native/results/reports/phase157_intraday_refresh_runner_review.json,Report generated; no runtime adoption,research_complete
158,2026-05-27,Position,script,Phase 158 cap3 vs cap5 review,Script run_phase158_cap3_vs_cap5_review.py,research,none,active,inactive,observe,false,,kabu_native/results/reports/phase158_cap3_vs_cap5_review.json,Report generated; no runtime adoption,research_complete
159,2026-05-27,Monitoring,script,Phase 159 overlap review,Script run_phase159_overlap_review.py,research,none,active,inactive,observe,false,,kabu_native/results/reports/phase159_overlap_review.json,Report generated; no runtime adoption,research_complete
160,2026-05-27,Exit,script,Phase 160 fade exit review,Script run_phase160_fade_exit_review.py,research,none,active,inactive,observe,false,,kabu_native/results/reports/phase160_fade_exit_review.json,Report generated; no runtime adoption,research_complete
161,2026-05-27,Monitoring,script,Phase 161 fade shadow policy review,Script run_phase161_fade_shadow_policy_review.py,shadow,inactive,active,inactive,observe,false,,kabu_native/results/reports/phase161_fade_shadow_policy_review.json,Report generated; no runtime adoption,research_complete
162,2026-05-27,Monitoring,script,Phase 162 fade hybrid shadow review,Script run_phase162_fade_hybrid_shadow_review.py,shadow,inactive,active,inactive,observe,false,,kabu_native/results/reports/phase162_daily_runner_commands.json,Report generated; no runtime adoption,research_complete
163,2026-05-27,Replay,script,Phase 163 replay mismatch review,Script run_phase163_replay_mismatch_review.py,research,none,active,inactive,observe,false,,kabu_native/results/reports/phase163_replay_mismatch_review.json,Report generated; no runtime adoption,research_complete
164,2026-05-27,Monitoring,script,Phase 164 fade hybrid refinement review,Script run_phase164_fade_hybrid_refinement_review.py,research,none,active,inactive,observe,false,,kabu_native/results/reports/phase164_fade_hybrid_refinement_review.json,Report generated; no runtime adoption,research_complete
165,2026-05-27,Monitoring,script,Phase 165 overlap close policy review,Script run_phase165_overlap_close_policy_review.py,research,none,active,inactive,observe,false,,kabu_native/results/reports/phase165_overlap_close_policy_review.json,Report generated; no runtime adoption,research_complete
166,2026-05-27,Exit,script,Fade breakdown EXIT,Script run_phase166_fade_breakdown_shadow_review.py,shadow,inactive,active,inactive,rejected,false,,kabu_native/results/reports/phase166_daily_runner_commands.json,Report generated; no runtime adoption,Evaluated and rejected for production
167,2026-05-27,Monitoring,script,Phase 167 4392 retained gate fix review,Script run_phase167_4392_retained_gate_fix_review.py,research,none,active,inactive,observe,false,,kabu_native/results/reports/phase167_4392_retained_gate_fix_review.json,Report generated; no runtime adoption,research_complete
167,2026-05-27,Monitoring,script,Phase 167 shadow guard audit,Script run_phase167_shadow_guard_audit.py,shadow,inactive,active,inactive,observe,false,,kabu_native/results/reports/phase167_4392_retained_gate_fix_review.json,Report generated; no runtime adoption,research_complete
168,2026-05-27,Entry,script,Phase 168 entry price risk guard missing price fix,Script run_phase168_entry_price_risk_guard_missing_price_fix.py,research,none,active,inactive,observe,false,,kabu_native/results/reports/phase168_entry_price_risk_guard_missing_price_fix.json,Report generated; no runtime adoption,research_complete
168,2026-05-27,Monitoring,script,Phase 168 post fix verification,Script run_phase168_post_fix_verification.py,research,none,active,inactive,observe,false,,kabu_native/results/reports/phase168_entry_price_risk_guard_missing_price_fix.json,Report generated; no runtime adoption,research_complete
169,2026-05-27,Data,script,Phase 169 intraday refresh audit,Script run_phase169_intraday_refresh_audit.py,research,none,active,inactive,observe,false,,kabu_native/results/reports/phase169_intraday_refresh_audit.json,Report generated; no runtime adoption,research_complete
170,2026-05-27,Data,script,Phase 170 intraday refresh hook fix,Script run_phase170_intraday_refresh_hook_fix.py,research,none,active,inactive,observe,false,,kabu_native/results/reports/phase170_intraday_refresh_hook_fix.json,Report generated; no runtime adoption,research_complete
172,2026-05-30,Exit,script,Phase 172 exit metric redesign review,Script run_phase172_exit_metric_redesign_review.py,research,none,active,inactive,observe,false,,kabu_native/results/reports/phase172_exit_metric_redesign_review.json,Report generated; no runtime adoption,research_complete
173,2026-05-30,Exit,script,Phase 173 exit redesign multisession review,Script run_phase173_exit_redesign_multisession_review.py,research,none,active,inactive,observe,false,,kabu_native/results/reports/phase173_exit_redesign_multisession_review.json,Report generated; no runtime adoption,research_complete
174,2026-05-30,Monitoring,script,Fixed trailing MFE 0.8%/50%,Script run_phase174_trailing_mfe_shadow_review.py,removed,none,active,removed,superseded,true,332,kabu_native/results/reports/phase174_trailing_mfe_shadow_review.json,Report generated; no runtime adoption,Superseded by Phase 332
175,2026-05-30,Monitoring,script,Phase 175 pre live execution verification,Script run_phase175_pre_live_execution_verification.py,research,none,active,inactive,observe,false,,kabu_native/results/reports/phase175_pre_live_execution_verification.json,Report generated; no runtime adoption,research_complete
176,2026-05-30,Data,script,Phase 176 intraday refresh patch verification,Script run_phase176_intraday_refresh_patch_verification.py,research,none,active,inactive,observe,false,,kabu_native/results/reports/phase176_intraday_refresh_patch_verification.json,Report generated; no runtime adoption,research_complete
176,2026-05-30,Data,script,Phase 176 intraday refresh stop root cause,Script run_phase176_intraday_refresh_stop_root_cause.py,research,none,active,inactive,observe,false,,kabu_native/results/reports/phase176_intraday_refresh_patch_verification.json,Report generated; no runtime adoption,research_complete
176b,2026-05-30,Data,script,Phase 176b intraday refresh live shadow audit,Script run_phase176b_intraday_refresh_live_shadow_audit.py,shadow,inactive,active,inactive,observe,false,,kabu_native/results/reports/phase176b_intraday_refresh_live_shadow_audit.json,Report generated; no runtime adoption,research_complete
177,2026-05-30,Monitoring,script,Phase 177 daytrade suitability accepted symbol review,Script run_phase177_daytrade_suitability_accepted_symbol_review.py,research,none,active,inactive,observe,false,,kabu_native/results/reports/phase177_daytrade_suitability_accepted_symbol_review.json,Report generated; no runtime adoption,research_complete
178,2026-05-30,Monitoring,script,Phase 178 low liquidity filter review,Script run_phase178_low_liquidity_filter_review.py,research,none,active,inactive,observe,false,,kabu_native/results/reports/phase178_low_liquidity_filter_review.json,Report generated; no runtime adoption,research_complete
179,2026-05-30,Monitoring,script,Phase 179 low liquidity shadow review,Script run_phase179_low_liquidity_shadow_review.py,shadow,inactive,active,inactive,observe,false,,kabu_native/results/reports/phase179_low_liquidity_shadow_review.json,Report generated; no runtime adoption,research_complete
179b,2026-05-30,Monitoring,script,Phase 179b low liquidity live shadow observation,Script run_phase179b_low_liquidity_live_shadow_observation.py,shadow,inactive,active,inactive,observe,false,,kabu_native/results/reports/phase179b_low_liquidity_live_shadow_observation.json,Report generated; no runtime adoption,research_complete
179c,2026-05-30,Config,script,Phase 179c low liquidity shadow yaml verification,Script run_phase179c_low_liquidity_shadow_yaml_verification.py,shadow,inactive,active,inactive,observe,false,,kabu_native/results/reports/phase179c_low_liquidity_shadow_yaml_verification.json,Report generated; no runtime adoption,research_complete
179d,2026-05-30,Config,script,Phase 179d daily runner low liquidity shadow config selection,Script run_phase179d_daily_runner_low_liquidity_shadow_config_selection.py,shadow,inactive,active,inactive,observe,false,,kabu_native/results/reports/phase179d_daily_runner_low_liquidity_shadow_config_selection.json,Report generated; no runtime adoption,research_complete
180,2026-05-30,Monitoring,script,Phase 180 logging and symbol diagnostics verification,Script run_phase180_logging_and_symbol_diagnostics_verification.py,research,none,active,inactive,observe,false,,kabu_native/results/reports/phase180_logging_and_symbol_diagnostics_verification.json,Report generated; no runtime adoption,research_complete
180,2026-05-30,Monitoring,script,Phase 180 symbol level trade diagnostics,Script run_phase180_symbol_level_trade_diagnostics.py,research,none,active,inactive,observe,false,,kabu_native/results/reports/phase180_logging_and_symbol_diagnostics_verification.json,Report generated; no runtime adoption,research_complete
181,2026-05-30,Entry,script,Phase 181 entry expectancy feature review,Script run_phase181_entry_expectancy_feature_review.py,research,none,active,inactive,observe,false,,kabu_native/results/reports/phase181_entry_expectancy_feature_review.json,Report generated; no runtime adoption,research_complete
182,2026-05-30,Entry,script,Phase 182 extended entry analysis,Script run_phase182_extended_entry_analysis.py,research,none,active,inactive,observe,false,,kabu_native/results/reports/phase182_extended_entry_analysis.json,Report generated; no runtime adoption,research_complete
183,2026-05-30,Entry,script,Phase 183 extended entry shadow logging verification,Script run_phase183_extended_entry_shadow_logging_verification.py,shadow,inactive,active,inactive,observe,false,,kabu_native/results/reports/phase183_extended_entry_shadow_logging_verification.json,Report generated; no runtime adoption,research_complete
184,2026-05-30,Entry,script,Phase 184 extended entry shadow impact review,Script run_phase184_extended_entry_shadow_impact_review.py,shadow,inactive,active,inactive,observe,false,,kabu_native/results/reports/phase184_extended_entry_shadow_impact_review.json,Report generated; no runtime adoption,research_complete
185,2026-05-30,Monitoring,script,Phase 185 vwap dev shadow candidate multisession review,Script run_phase185_vwap_dev_shadow_candidate_multisession_review.py,shadow,inactive,active,inactive,observe,false,,kabu_native/results/reports/phase185_vwap_dev_shadow_candidate_multisession_review.json,Composite extended_entry_shadow_flag is out of scope; rolling_mfe-only exclusion is not evaluated.,Composite extended_entry_shadow_flag is out of scope; rolling_mfe-only exclusion is not evaluated.
186,2026-05-30,Monitoring,script,Phase 186 vwap shadow reject live observation,Script run_phase186_vwap_shadow_reject_live_observation.py,shadow,inactive,active,inactive,observe,false,,kabu_native/results/reports/phase186_vwap_shadow_reject_live_observation.json,Report generated; no runtime adoption,research_complete
187,2026-05-30,Monitoring,script,Phase 187 vwap adverse cluster analysis,Script run_phase187_vwap_adverse_cluster_analysis.py,research,none,active,inactive,rejected,false,,kabu_native/results/reports/phase187_vwap_adverse_cluster_analysis.json,Shadow/review only; no hard reject implemented.,Shadow/review only; no hard reject implemented.
188,2026-05-30,Entry,script,Phase 188 pre adverse entry feature review,Script run_phase188_pre_adverse_entry_feature_review.py,research,none,active,inactive,observe,false,,kabu_native/results/reports/phase188_pre_adverse_entry_feature_review.json,"r30 used only for cluster labeling; all ranked features are entry-time only. Moderate separation suggests partial pre-entry signal, not full predictability.","r30 used only for cluster labeling; all ranked features are entry-time only. Moderate separation suggests partial pre-entry signal, not full predictability."
213c,2026-05-31,Monitoring,script,Phase 213c board imbalance cohort stability review,Script run_phase213c_board_imbalance_cohort_stability_review.py,research,none,active,inactive,observe,false,,kabu_native/results/reports/phase213c_board_imbalance_cohort_stability_review.json,Report generated; no runtime adoption,research_complete
213d,2026-05-31,Position,script,Phase 213d session composition audit,Script run_phase213d_session_composition_audit.py,research,none,active,inactive,observe,false,,kabu_native/results/reports/phase213d_session_composition_audit.json,Report generated; no runtime adoption,research_complete
214,2026-05-31,Monitoring,script,Phase 214 board imbalance shadow verification,Script run_phase214_board_imbalance_shadow_verification.py,shadow,inactive,active,inactive,observe,false,,kabu_native/results/reports/phase214_board_imbalance_shadow_logging_verification.json,Report generated; no runtime adoption,research_complete
215,2026-05-31,Entry,script,Phase 215 pm entry timing attribution review,Script run_phase215_pm_entry_timing_attribution_review.py,research,none,active,inactive,observe,false,,kabu_native/results/reports/phase215_pm_entry_timing_attribution_review.json,Report generated; no runtime adoption,research_complete
216,2026-05-31,Monitoring,script,Phase 216 high mfe winner attribution review,Script run_phase216_high_mfe_winner_attribution_review.py,research,none,active,inactive,observe,false,,kabu_native/results/reports/phase216_high_mfe_winner_attribution_review.json,Report generated; no runtime adoption,research_complete
217,2026-05-31,Monitoring,script,Phase 217 stop hit root cause review,Script run_phase217_stop_hit_root_cause_review.py,research,none,active,inactive,observe,false,,kabu_native/results/reports/phase217_stop_hit_root_cause_review.json,Report generated; no runtime adoption,research_complete
218,2026-05-31,Monitoring,script,Phase 218 guard attribution audit,Script run_phase218_guard_attribution_audit.py,research,none,active,inactive,observe,false,,kabu_native/results/reports/phase218_guard_attribution_audit.json,Report generated; no runtime adoption,research_complete
219,2026-05-31,Entry,script,Phase 219 board entry gate counterfactual review,Script run_phase219_board_entry_gate_counterfactual_review.py,research,none,active,inactive,observe,false,,kabu_native/results/reports/phase219_board_entry_gate_counterfactual_review.json,Report generated; no runtime adoption,research_complete
220,2026-05-31,Monitoring,script,Phase 220 positive expectancy cohort discovery,Script run_phase220_positive_expectancy_cohort_discovery.py,research,none,active,inactive,observe,false,,kabu_native/results/reports/phase220_positive_expectancy_cohort_discovery.json,Report generated; no runtime adoption,research_complete
221,2026-05-31,Monitoring,script,Phase 221 early momentum discovery review,Script run_phase221_early_momentum_discovery_review.py,research,none,active,inactive,observe,false,,kabu_native/results/reports/phase221_early_momentum_discovery_review.json,Report generated; no runtime adoption,research_complete
222,2026-05-31,Monitoring,script,Phase 222 high break counterfactual review,Script run_phase222_high_break_counterfactual_review.py,research,none,active,inactive,observe,false,,kabu_native/results/reports/phase222_high_break_counterfactual_review.json,Report generated; no runtime adoption,research_complete
223,2026-05-31,Monitoring,script,Phase 223 high break coverage audit,Script run_phase223_high_break_coverage_audit.py,research,none,active,inactive,observe,false,,kabu_native/results/reports/phase223_high_break_coverage_audit.json,Report generated; no runtime adoption,research_complete
224,2026-05-31,Entry,script,Phase 224 early momentum entry cohort review,Script run_phase224_early_momentum_entry_cohort_review.py,research,none,active,inactive,observe,false,,kabu_native/results/reports/phase224_early_momentum_entry_cohort_review.json,Report generated; no runtime adoption,research_complete
225,2026-05-31,Entry,script,Phase 225 entry interaction discovery review,Script run_phase225_entry_interaction_discovery_review.py,research,none,active,inactive,observe,false,,kabu_native/results/reports/phase225_entry_interaction_discovery_review.json,Report generated; no runtime adoption,research_complete
226,2026-05-31,Monitoring,script,Phase 226 stop cluster counterfactual review,Script run_phase226_stop_cluster_counterfactual_review.py,research,none,active,inactive,observe,false,,kabu_native/results/reports/phase226_stop_cluster_counterfactual_review.json,Report generated; no runtime adoption,research_complete
227,2026-05-31,Entry,script,Phase 227 positive entry interaction discovery review,Script run_phase227_positive_entry_interaction_discovery_review.py,research,none,active,inactive,observe,false,,kabu_native/results/reports/phase227_positive_entry_interaction_discovery_review.json,Report generated; no runtime adoption,research_complete
228,2026-05-31,Entry,script,Phase 228 entry expectancy discovery,Script run_phase228_entry_expectancy_discovery.py,research,none,active,inactive,observe,false,,kabu_native/results/reports/phase228_entry_expectancy_discovery.json,Report generated; no runtime adoption,research_complete
229,2026-06-04,Entry,script,Phase 229 entry score discovery,Script run_phase229_entry_score_discovery.py,research,none,active,inactive,observe,false,,kabu_native/results/reports/phase229_entry_score_discovery.json,Report generated; no runtime adoption,research_complete
230,2026-05-31,Entry,script,Phase 230 entry expectancy shadow observation,Script run_phase230_entry_expectancy_shadow_observation.py,shadow,inactive,active,inactive,observe,false,,kabu_native/results/reports/phase230_entry_expectancy_shadow_observation.json,Report generated; no runtime adoption,research_complete
231,2026-05-31,Monitoring,script,Phase 231 score cohort expectancy discovery,Script run_phase231_score_cohort_expectancy_discovery.py,research,none,active,inactive,observe,false,,kabu_native/results/reports/phase231_score_cohort_expectancy_discovery.json,Report generated; no runtime adoption,research_complete
232,2026-05-31,Entry,script,Phase 232 entry feature leak audit,Script run_phase232_entry_feature_leak_audit.py,research,none,active,inactive,observe,false,,kabu_native/results/reports/phase232_entry_feature_leak_audit.json,Report generated; no runtime adoption,research_complete
233,2026-06-04,Entry,script,Phase 233 entry expectancy shadow validation,Script run_phase233_entry_expectancy_shadow_validation.py,shadow,inactive,active,inactive,observe,false,,kabu_native/results/reports/phase233_entry_expectancy_shadow_validation.json,Report generated; no runtime adoption,research_complete
234,2026-06-04,Monitoring,script,Phase 234 paper trade sim harness,Script run_phase234_paper_trade_sim_harness.py,research,none,active,inactive,observe,false,,kabu_native/results/reports/phase234_paper_trade_sim_harness_summary.json,Report generated; no runtime adoption,research_complete
235,2026-06-04,Entry,script,Phase 235 entry score attribution,Script run_phase235_entry_score_attribution.py,research,none,active,inactive,observe,false,,kabu_native/results/reports/phase235_entry_score_attribution.json,Report generated; no runtime adoption,research_complete
236,2026-06-04,Entry,script,Phase 236 entry score counterfactual repair,Script run_phase236_entry_score_counterfactual_repair.py,research,none,active,inactive,observe,false,,kabu_native/results/reports/phase236_entry_score_counterfactual_repair.json,Report generated; no runtime adoption,research_complete
238,2026-06-04,Entry,script,Phase 238 entry score v2 full history validation,Script run_phase238_entry_score_v2_full_history_validation.py,research,none,active,inactive,observe,false,,kabu_native/results/reports/phase238_entry_score_v2_full_history_validation.json,Report generated; no runtime adoption,research_complete
239,2026-06-04,Entry,script,Phase 239 entry score ge5 gate system comparison,Script run_phase239_entry_score_ge5_gate_system_comparison.py,research,none,active,inactive,observe,false,,kabu_native/results/reports/phase239_entry_score_ge5_gate_system_comparison.json,Report generated; no runtime adoption,research_complete
241,2026-06-04,Position,script,Phase 241 max concurrent review,Script run_phase241_max_concurrent_review.py,research,none,active,inactive,observe,false,,kabu_native/results/reports/phase241_max_concurrent_review.json,Report generated; no runtime adoption,research_complete
242,2026-06-04,Data,script,Phase 242 intraday refresh root cause,Script run_phase242_intraday_refresh_root_cause.py,research,none,active,inactive,observe,false,,kabu_native/results/reports/phase242_intraday_refresh_root_cause.json,Report generated; no runtime adoption,research_complete
242,2026-06-04,Position,script,Phase 242 max concurrent counterfactual,Script run_phase242_max_concurrent_counterfactual.py,research,none,active,inactive,observe,false,,kabu_native/results/reports/phase242_intraday_refresh_root_cause.json,Report generated; no runtime adoption,research_complete
242b,2026-06-04,Data,script,Phase 242b intraday refresh fix report,Script run_phase242b_intraday_refresh_fix_report.py,research,none,active,inactive,observe,false,,kabu_native/results/reports/phase242b_intraday_refresh_fix_report.json,Report generated; no runtime adoption,research_complete
243,2026-06-04,Monitoring,script,Phase 243 fast validation framework,Script run_phase243_fast_validation_framework.py,research,none,active,inactive,observe,false,,kabu_native/results/reports/phase243_fast_validation_framework.json,Report generated; no runtime adoption,research_complete
244,2026-06-04,Monitoring,script,Phase 244 fast validation coverage expansion,Script run_phase244_fast_validation_coverage_expansion.py,research,none,active,inactive,observe,false,,kabu_native/results/reports/phase244_fast_validation_coverage_expansion.json,Report generated; no runtime adoption,research_complete
245,2026-06-04,Position,script,Phase 245 max concurrent counterfactual,Script run_phase245_max_concurrent_counterfactual.py,research,none,active,inactive,observe,false,,kabu_native/results/reports/phase245_max_concurrent_counterfactual.json,Report generated; no runtime adoption,research_complete
246,2026-06-04,Monitoring,script,Phase 246 v2 priority simulation,Script run_phase246_v2_priority_simulation.py,research,none,active,inactive,observe,false,,kabu_native/results/reports/phase246_sector_heat_summary.json,Observation only: sector heat top3 is not applied to Universe or Entry. Compare predicted-sector PF/PnL vs all-trade baseline to assess next-day predictive power.,Observation only: sector heat top3 is not applied to Universe or Entry. Compare predicted-sector PF/PnL vs all-trade baseline to assess next-day predictive power.
246,2026-06-14,Data,script,Phase 246 sector heat observation,Script run_phase246_sector_heat_observation.py,research,none,active,inactive,observe,false,,kabu_native/results/reports/phase246_sector_heat_summary.json,Observation only: sector heat top3 is not applied to Universe or Entry. Compare predicted-sector PF/PnL vs all-trade baseline to assess next-day predictive power.,Observation only: sector heat top3 is not applied to Universe or Entry. Compare predicted-sector PF/PnL vs all-trade baseline to assess next-day predictive power.
247,2026-06-04,Monitoring,script,Phase 247 v2 gap analysis,Script run_phase247_v2_gap_analysis.py,research,none,active,inactive,observe,false,,kabu_native/results/reports/phase247_sector_heat_diagnostics.json,Report generated; no runtime adoption,research_complete
247,2026-06-14,Data,script,Phase 247 sector heat diagnostics,Script run_phase247_sector_heat_diagnostics.py,research,none,active,inactive,observe,false,,kabu_native/results/reports/phase247_sector_heat_diagnostics.json,Report generated; no runtime adoption,research_complete
248,2026-06-04,Monitoring,script,Phase 248 v2 adoption decision,Script run_phase248_v2_adoption_decision.py,research,none,active,inactive,observe,false,,kabu_native/results/reports/phase248_sector_heat_debias_summary.json,Report generated; no runtime adoption,research_complete
248,2026-06-14,Data,script,Phase 248 sector heat debias validation,Script run_phase248_sector_heat_debias_validation.py,research,none,active,inactive,observe,false,,kabu_native/results/reports/phase248_sector_heat_debias_summary.json,Report generated; no runtime adoption,research_complete
249,2026-06-14,Universe,script,Phase 249 sector heat universe shadow simulation,Script run_phase249_sector_heat_universe_shadow_simulation.py,shadow,inactive,active,inactive,observe,false,,kabu_native/results/reports/phase249_sector_heat_universe_shadow_summary.json,Shadow simulation only: Dynamic40 re-ranking applies sector heat bonus/penalty to features-based candidates while keeping Core10 fixed from the actual snapshot.,Shadow simulation only: Dynamic40 re-ranking applies sector heat bonus/penalty to features-based candidates while keeping Core10 fixed from the actual snapshot.
250,2026-06-14,Data,script,Phase 250 sector heat data alignment diagnostics,Script run_phase250_sector_heat_data_alignment_diagnostics.py,research,none,active,inactive,observe,false,,kabu_native/results/reports/phase250_sector_heat_data_alignment_summary.json,Report generated; no runtime adoption,research_complete
251,2026-06-04,Universe,script,Phase 251 universe discovery,Script run_phase251_universe_discovery.py,research,none,active,inactive,observe,false,,kabu_native/results/reports/phase251_phase249_rerun_summary.json,Report generated; no runtime adoption,research_complete
251,undated,Data,script,Phase 251 sector heat extend intraday data,Script run_phase251_sector_heat_extend_intraday_data.py,research,none,active,inactive,observe,false,,kabu_native/results/reports/phase251_phase249_rerun_summary.json,Report generated; no runtime adoption,research_complete
252,2026-06-04,Universe,script,Phase 252 universe counterfactual,Script run_phase252_universe_counterfactual.py,research,none,active,inactive,observe,false,,kabu_native/results/reports/phase252_sector_heat_trade_attribution_summary.json,Primary attribution driver across shadow patterns: avoided_loss.,Primary attribution driver across shadow patterns: avoided_loss.
252,2026-06-14,Data,script,Phase 252 sector heat trade attribution,Script run_phase252_sector_heat_trade_attribution.py,research,none,active,inactive,observe,false,,kabu_native/results/reports/phase252_sector_heat_trade_attribution_summary.json,Primary attribution driver across shadow patterns: avoided_loss.,Primary attribution driver across shadow patterns: avoided_loss.
253,2026-06-04,Monitoring,script,Phase 253 exclusion attribution,Script run_phase253_exclusion_attribution.py,research,none,active,inactive,observe,false,,kabu_native/results/reports/phase253_sector_heat_negative_filter_summary.json,Negative-filter shadow only: weak sectors excluded from Dynamic40 candidates before VL ranking. Core10 fixed from actual snapshot. Best trade-overlap delta: `top3_bonus_plus_bottom3_exclude` 12050.0 y,"Negative-filter shadow only: weak sectors excluded from Dynamic40 candidates before VL ranking. Core10 fixed from actual snapshot. Best trade-overlap delta: `top3_bonus_plus_bottom3_exclude` 12050.0 yen_100 (avoided losses 14700.0, added winners 10300.0)."
253,2026-06-14,Data,script,Phase 253 sector heat negative filter shadow,Script run_phase253_sector_heat_negative_filter_shadow.py,shadow,inactive,active,inactive,observe,false,,kabu_native/results/reports/phase253_sector_heat_negative_filter_summary.json,Negative-filter shadow only: weak sectors excluded from Dynamic40 candidates before VL ranking. Core10 fixed from actual snapshot. Best trade-overlap delta: `top3_bonus_plus_bottom3_exclude` 12050.0 y,"Negative-filter shadow only: weak sectors excluded from Dynamic40 candidates before VL ranking. Core10 fixed from actual snapshot. Best trade-overlap delta: `top3_bonus_plus_bottom3_exclude` 12050.0 yen_100 (avoided losses 14700.0, added winners 10300.0)."
254,2026-06-04,Monitoring,script,Phase 254 price floor adoption review,Script run_phase254_price_floor_adoption_review.py,research,none,active,inactive,adopted,false,,kabu_native/results/reports/phase254_sector_heat_negative_filter_robustness_summary.json,"Robustness observation only. Phase253 negative-filter patterns evaluated for day-level stability, entry-count impact, and exclusion severity. All patterns flagged adopt_not_allowed: trade_overlap_day_","Robustness observation only. Phase253 negative-filter patterns evaluated for day-level stability, entry-count impact, and exclusion severity. All patterns flagged adopt_not_allowed: trade_overlap_day_count=4 < 10 required for adoption assessment."
254,2026-06-14,Data,script,Phase 254 sector heat negative filter robustness,Script run_phase254_sector_heat_negative_filter_robustness.py,research,none,active,inactive,adopted,false,,kabu_native/results/reports/phase254_sector_heat_negative_filter_robustness_summary.json,"Robustness observation only. Phase253 negative-filter patterns evaluated for day-level stability, entry-count impact, and exclusion severity. All patterns flagged adopt_not_allowed: trade_overlap_day_","Robustness observation only. Phase253 negative-filter patterns evaluated for day-level stability, entry-count impact, and exclusion severity. All patterns flagged adopt_not_allowed: trade_overlap_day_count=4 < 10 required for adoption assessment."
255,2026-06-04,Monitoring,script,Sector heat forward shadow logger,Script run_phase255_price_floor_stability.py,shadow,active,active,active,superseded,false,"253,254,256",kabu_native/results/reports/phase255_sector_heat_forward_shadow_summary.json,Forward shadow logging only; actual Universe/Entry/Runtime unchanged. Adoption remains blocked until trade_overlap_day_count >= 10. Current sample: 4 days.,Superseded by sector heat forward shadow Phase255
256,undated,Data,script,Sector heat forward shadow auto hook,Script run_phase256_sector_heat_forward_shadow_auto.py,shadow,active,active,active,observe,false,255,,Script run_phase256_sector_heat_forward_shadow_auto.py,Forward shadow logging; no runtime trading change
257,2026-06-14,Position,script,Phase 257 core12 dynamic38 pricecap shadow review,Script run_phase257_core12_dynamic38_pricecap_shadow_review.py,shadow,inactive,active,inactive,adopted,false,,kabu_native/results/reports/phase257_core12_dynamic38_pricecap_shadow_summary.json,Observation only — Core12/Dynamic38 and price-cap variants are not adopted. MIN_CLOSE_PRICE=300.0 when price_cap_on=True.,Observation only — Core12/Dynamic38 and price-cap variants are not adopted. MIN_CLOSE_PRICE=300.0 when price_cap_on=True.
258,2026-06-14,Position,script,Phase 258 pricecap off attribution,Script run_phase258_pricecap_off_attribution.py,research,none,active,inactive,observe,false,,kabu_native/results/reports/phase258_pricecap_off_attribution_summary.json,insufficient_sample,insufficient_sample
259,2026-06-14,Monitoring,script,Phase 259 price band policy shadow,Script run_phase259_price_band_policy_shadow.py,shadow,inactive,active,inactive,observe,false,,kabu_native/results/reports/phase259_price_band_policy_shadow_summary.json,insufficient_sample,insufficient_sample
260,2026-06-04,Monitoring,script,Phase 260 priority analysis,Script run_phase260_priority_analysis.py,research,none,active,inactive,observe,false,,kabu_native/results/reports/phase260_priority_analysis.json,Report generated; no runtime adoption,research_complete
260a,2026-06-14,Position,script,Phase 260a position exposure audit,Script run_phase260a_position_exposure_audit.py,research,none,active,inactive,observe,false,,kabu_native/results/reports/phase260a_position_exposure_audit_summary.json,"At 1,000,000 yen equity, high-price entries often exceed 30% position ratio; high-price shadow edge is hard to reproduce at 100-share fixed sizing. At 5,000,000 yen and above, position sizing manageme","At 1,000,000 yen equity, high-price entries often exceed 30% position ratio; high-price shadow edge is hard to reproduce at 100-share fixed sizing. At 5,000,000 yen and above, position sizing management matters more than price-cap removal. Phase257-259 high-price uplift likely proxies a position-siz"
260b,2026-06-14,Position,script,Phase 260b equity position sizing shadow,Script run_phase260b_equity_position_sizing_shadow.py,shadow,inactive,active,inactive,observe,false,,kabu_native/results/reports/phase260b_equity_position_sizing_summary.json,"At 1,000,000 yen, high-price entries are largely skipped under equity-aware sizing; fixed-100-share shadow PnL overstates feasibility. At 3,000,000 yen, partial high-price PnL is recoverable with sizi","At 1,000,000 yen, high-price entries are largely skipped under equity-aware sizing; fixed-100-share shadow PnL overstates feasibility. At 3,000,000 yen, partial high-price PnL is recoverable with sizing caps. At 5,000,000 yen and above, high-price edge is largely reproducible with max_position_30pct"
261,2026-06-14,Risk,script,Phase 261 risk aware sizing shadow,Script run_phase261_risk_aware_sizing_shadow.py,shadow,inactive,active,inactive,observe,false,,kabu_native/results/reports/phase261_risk_aware_sizing_summary.json,Equity-only 30% caps still amplify low/mid-price losses; risk budgets reduce share inflation. hybrid_equity30_risk1 balances high-price access with per-trade risk limits on this sample. Risk-aware siz,Equity-only 30% caps still amplify low/mid-price losses; risk budgets reduce share inflation. hybrid_equity30_risk1 balances high-price access with per-trade risk limits on this sample. Risk-aware sizing is preferred over price-cap removal for exposure control.
262,2026-06-14,Risk,script,Risk-aware sizing forward shadow logger,Script run_phase262_risk_sizing_forward_shadow_auto.py,shadow,active,active,active,observe,false,261,kabu_native/results/reports/phase262_risk_sizing_forward_summary.json,Forward shadow logging only; Runtime/Universe/Entry/YAML unchanged. Adoption blocked until trade_overlap_day_count >= 10.,Forward shadow logging; no runtime trading change
263,2026-06-04,Position,script,Phase 263 max concurrent time concentration,Script run_phase263_max_concurrent_time_concentration.py,research,none,active,inactive,superseded,false,,kabu_native/results/reports/phase263_equity_dynamic_stop_summary.json,"At 5M yen, dynamic_stop_risk_0p5 improves total shadow PnL vs fixed -1.2%.","At 5M yen, dynamic_stop_risk_0p5 improves total shadow PnL vs fixed -1.2%."
263,2026-06-14,Sizing,script,Phase 263 equity dynamic stop shadow,Script run_phase263_equity_dynamic_stop_shadow.py,shadow,inactive,active,inactive,observe,false,,kabu_native/results/reports/phase263_equity_dynamic_stop_summary.json,"At 5M yen, dynamic_stop_risk_0p5 improves total shadow PnL vs fixed -1.2%.","At 5M yen, dynamic_stop_risk_0p5 improves total shadow PnL vs fixed -1.2%."
264,2026-06-04,Monitoring,script,Phase 264 replacement counterfactual,Script run_phase264_replacement_counterfactual.py,research,none,active,inactive,observe,false,,kabu_native/results/reports/phase264_replacement_counterfactual.json,Report generated; no runtime adoption,research_complete
265,2026-06-04,Entry,script,Phase 265 entry quality concentration window,Script run_phase265_entry_quality_concentration_window.py,research,none,active,inactive,observe,false,,kabu_native/results/reports/phase265_phase263_rerun_summary.json,"At 5M yen, dynamic_stop_risk_0p5 improves total shadow PnL vs fixed -1.2%.","At 5M yen, dynamic_stop_risk_0p5 improves total shadow PnL vs fixed -1.2%."
265,2026-06-14,Monitoring,script,Phase 265 structural trades backfill,Script run_phase265_structural_trades_backfill.py,research,none,active,inactive,observe,false,,kabu_native/results/reports/phase265_phase263_rerun_summary.json,"At 5M yen, dynamic_stop_risk_0p5 improves total shadow PnL vs fixed -1.2%.","At 5M yen, dynamic_stop_risk_0p5 improves total shadow PnL vs fixed -1.2%."
266,2026-06-03,Sizing,script,Equity dynamic stop forward shadow auto,Script run_phase266_equity_dynamic_stop_shadow_auto.py,shadow,active,active,active,observe,false,263,kabu_native/results/reports/phase266_quality_replacement_score_gate.json,Report generated; no runtime adoption,Forward shadow logging; no runtime trading change
266b,2026-06-04,Monitoring,script,Phase 266b adoption audit,Script run_phase266b_adoption_audit.py,research,none,active,inactive,observe,false,,kabu_native/results/reports/phase266b_adoption_audit.json,Report generated; no runtime adoption,research_complete
267,2026-06-14,Entry,script,entry_score_v2 gate (min=3); quality reject off,Script run_phase267_equity_curve_shadow.py,runtime,none,none,active,adopted,false,,kabu_native/results/reports/phase267_equity_curve_summary.json,Report generated; no runtime adoption,Production runtime (Stack C)
268,2026-06-04,Universe,script,Phase 268 daily runner default universe review,Script run_phase268_daily_runner_default_universe_review.py,research,none,active,inactive,superseded,false,,kabu_native/results/reports/phase268_reconciliation_summary.json,Report generated; no runtime adoption,research_complete
268,2026-06-14,Position,script,Phase 268 capital simulation reconciliation,Script run_phase268_capital_simulation_reconciliation.py,research,none,active,inactive,observe,false,,kabu_native/results/reports/phase268_reconciliation_summary.json,Report generated; no runtime adoption,research_complete
269,2026-06-04,Risk,script,Phase 269 daily runner default price risk implementation,Script run_phase269_daily_runner_default_price_risk_implementation.py,research,none,active,inactive,observe,false,,kabu_native/results/reports/phase269_portfolio_configuration_summary.json,Report generated; no runtime adoption,research_complete
269,2026-06-14,Config,script,Phase 269 portfolio configuration optimization,Script run_phase269_portfolio_configuration_optimization.py,research,none,active,inactive,observe,false,,kabu_native/results/reports/phase269_portfolio_configuration_summary.json,Report generated; no runtime adoption,research_complete
270,2026-06-14,Sizing,script,Equity bucket recommendation (mixed leverage),Script run_phase270_equity_bucket_live_configuration_recommendation.py,removed,none,active,removed,superseded,true,272,kabu_native/results/reports/phase270_equity_bucket_recommendation_summary.json,Report generated; no runtime adoption,Superseded by Phase 272
271,2026-06-14,Monitoring,script,Leverage 1.5 bucket recommendation,Script run_phase271_leverage_attribution_and_robustness.py,removed,none,active,removed,superseded,true,272,kabu_native/results/reports/phase271_summary.json,Report generated; no runtime adoption,Superseded by Phase 272
272,2026-06-14,Sizing,script,Phase 272 apply leverage robustness to equity bucket recommendation,Script run_phase272_apply_leverage_robustness_to_equity_bucket_recommendation.py,research,none,active,inactive,observe,false,,kabu_native/results/reports/phase272_equity_bucket_recommendation_lev2_fixed_summary.json,Report generated; no runtime adoption,research_complete
273,2026-06-04,Entry,script,Live config forward shadow (Phase272 configs),Script run_phase273_entry_score_v2_min5_implementation_report.py,shadow,active,active,active,superseded,false,"270,272",kabu_native/results/reports/phase273_live_config_shadow_summary.json,"Forward shadow logging only; Runtime/Universe/Entry/Exit/YAML unchanged. Adoption requires day_count>=10, final_equity>starting_equity, days_below_50pct=0; Research PF alone must not drive adoption.",Forward shadow logging; no runtime trading change
274,2026-06-14,Config,script,Live config auto-transition shadow (1.5M→2M band),Script run_phase274_live_config_auto_transition_shadow.py,shadow,active,active,active,observe,false,"272,273",kabu_native/results/reports/phase274_live_config_transition_summary.json,Forward shadow logging only; Runtime/Universe/Entry/Exit/YAML unchanged. Auto-transition policy: equity<2M → CAP3/fixed_stop; equity>=2M → CAP5/dynamic_stop.,Forward shadow logging; no runtime trading change
276,2026-06-04,Discord,script,Phase 276 discord notification ux implementation,Script run_phase276_discord_notification_ux_implementation.py,research,none,active,inactive,observe,false,,kabu_native/results/reports/phase276_discord_notification_ux_implementation.json,Report generated; no runtime adoption,research_complete
277,2026-06-04,Discord,script,Phase 277 discord notification ux completion,Script run_phase277_discord_notification_ux_completion.py,research,none,active,inactive,observe,false,,kabu_native/results/reports/phase277_discord_notification_ux_completion.json,Report generated; no runtime adoption,research_complete
278,2026-06-04,Discord,script,Phase 278 discord notification demo send,Script run_phase278_discord_notification_demo_send.py,research,none,active,inactive,observe,false,,kabu_native/results/reports/phase278_discord_notification_demo_send_report.json,Report generated; no runtime adoption,research_complete
279,2026-06-04,Discord,script,Phase 279 discord refresh summary polish,Script run_phase279_discord_refresh_summary_polish.py,research,none,active,inactive,observe,false,,kabu_native/results/reports/phase279_discord_refresh_summary_polish.json,Report generated; no runtime adoption,research_complete
280,2026-06-04,Universe,script,Phase 280 universe refresh readability fix,Script run_phase280_universe_refresh_readability_fix.py,research,none,active,inactive,observe,false,,kabu_native/results/reports/phase280_universe_refresh_readability_fix.json,Report generated; no runtime adoption,research_complete
281,2026-06-04,Discord,script,Discord channel split (trade vs cap-blocked),Script run_phase281_discord_channel_split.py,runtime,none,none,active,adopted,false,,kabu_native/results/reports/phase281_discord_channel_split.json,Report generated; no runtime adoption,Production runtime (Stack C)
282,2026-06-04,Discord,script,Phase 282 discord live flow validation,Script run_phase282_discord_live_flow_validation.py,research,none,active,inactive,observe,false,,kabu_native/results/reports/phase282_discord_live_flow_validation.json,Report generated; no runtime adoption,research_complete
283,2026-06-04,Replay,script,Phase 283 fast realtime replay discord flow,Script run_phase283_fast_realtime_replay_discord_flow.py,research,none,active,inactive,observe,false,,kabu_native/results/reports/phase283_fast_realtime_replay_discord_flow.json,Report generated; no runtime adoption,research_complete
284,2026-06-04,Replay,script,Phase 284 fast replay current system discord consistency,Script run_phase284_fast_replay_current_system_discord_consistency.py,research,none,active,inactive,observe,false,,kabu_native/results/reports/phase284_fast_replay_current_system_discord_consistency.json,Report generated; no runtime adoption,research_complete
285,2026-06-04,Monitoring,script,Phase 285 symbol concentration analysis,Script run_phase285_symbol_concentration_analysis.py,research,none,active,inactive,observe,false,,kabu_native/results/reports/phase285_symbol_concentration_analysis.json,Report generated; no runtime adoption,research_complete
287,2026-06-05,Monitoring,script,Phase 287 auxiliary filter relaxation,Script run_phase287_auxiliary_filter_relaxation.py,research,none,active,inactive,observe,false,,kabu_native/results/reports/phase287_auxiliary_filter_relaxation_review.json,Report generated; no runtime adoption,research_complete
287,2026-06-05,Universe,script,Phase 287 initial screening universe notify fix,Script run_phase287_initial_screening_universe_notify_fix.py,research,none,active,inactive,observe,false,,kabu_native/results/reports/phase287_auxiliary_filter_relaxation_review.json,Report generated; no runtime adoption,research_complete
288,2026-06-05,Monitoring,script,Phase 288 symbolspec subscript crash fix,Script run_phase288_symbolspec_subscript_crash_fix.py,research,none,active,inactive,observe,false,,kabu_native/results/reports/phase288_symbolspec_subscript_crash_fix.json,Report generated; no runtime adoption,research_complete
289,2026-06-07,Entry,script,Phase 289 entry score v2 factor attribution,Script run_phase289_entry_score_v2_factor_attribution.py,research,none,active,inactive,observe,false,,kabu_native/results/reports/phase289_entry_score_v2_factor_attribution.json,Report generated; no runtime adoption,research_complete
290,2026-06-07,Entry,script,Phase 290 entry score v2 reweight review,Script run_phase290_entry_score_v2_reweight_review.py,research,none,active,inactive,observe,false,,kabu_native/results/reports/phase290_entry_score_v2_reweight_review.json,Beats A when both profit_factor and total_pnl_pct exceed baseline A on replay with v2>=5 fixed.,Beats A when both profit_factor and total_pnl_pct exceed baseline A on replay with v2>=5 fixed.
291,2026-06-07,Monitoring,script,Phase 291 score4 profit source audit,Script run_phase291_score4_profit_source_audit.py,research,none,active,inactive,observe,false,,kabu_native/results/reports/phase291_score4_profit_source_audit.json,Report generated; no runtime adoption,research_complete
292,2026-06-07,Monitoring,script,Phase 292 score generation integrity audit,Script run_phase292_score_generation_integrity_audit.py,research,none,active,inactive,observe,false,,kabu_native/results/reports/phase292_score_generation_integrity_audit.json,Report generated; no runtime adoption,research_complete
293,2026-06-07,Monitoring,script,Phase 293 score pregate feature fix review,Script run_phase293_score_pregate_feature_fix_review.py,research,none,active,inactive,observe,false,,kabu_native/results/reports/phase293_score_pregate_feature_fix_review.json,Report generated; no runtime adoption,research_complete
294,2026-06-07,Monitoring,script,Phase 294 score fix with overtrade guard review,Script run_phase294_score_fix_with_overtrade_guard_review.py,research,none,active,inactive,observe,false,,kabu_native/results/reports/phase294_score_fix_with_overtrade_guard_review.json,Report generated; no runtime adoption,research_complete
295,2026-06-07,Monitoring,script,Phase 295 hbrecent pregate fix report,Script run_phase295_hbrecent_pregate_fix_report.py,research,none,active,inactive,observe,false,,kabu_native/results/reports/phase295_hbrecent_pregate_fix_report.json,Report generated; no runtime adoption,research_complete
296,2026-06-07,Monitoring,script,Phase 296 duration cutoff validation,Script run_phase296_duration_cutoff_validation.py,research,none,active,inactive,observe,false,,kabu_native/results/reports/phase296_duration_cutoff_validation.json,Report generated; no runtime adoption,research_complete
297,2026-06-07,Monitoring,script,Phase 297 score5 consistency audit,Script run_phase297_score5_consistency_audit.py,research,none,active,inactive,observe,false,,kabu_native/results/reports/phase297_score5_consistency_audit.json,Report generated; no runtime adoption,research_complete
299,2026-06-07,Monitoring,script,Phase 299 board pregate fix report,Script run_phase299_board_pregate_fix_report.py,research,none,active,inactive,observe,false,,kabu_native/results/reports/phase299_board_pregate_fix_report.json,Report generated; no runtime adoption,research_complete
300,2026-06-07,Monitoring,script,Phase 300 board live payload availability report,Script run_phase300_board_live_payload_availability_report.py,research,none,active,inactive,observe,false,,kabu_native/results/reports/phase300_board_live_payload_availability_report.json,Report generated; no runtime adoption,research_complete
301,2026-06-07,Monitoring,script,Phase 301 board live confirmation,Script run_phase301_board_live_confirmation.py,research,none,active,inactive,observe,false,,kabu_native/results/reports/phase301_board_live_confirmation.json,Report generated; no runtime adoption,research_complete
302,2026-06-07,Monitoring,script,Phase 302 duration bottleneck audit,Script run_phase302_duration_bottleneck_audit.py,research,none,active,inactive,observe,false,,kabu_native/results/reports/phase302_duration_bottleneck_audit.json,Report generated; no runtime adoption,research_complete
303,2026-06-07,Monitoring,script,Phase 303 duration cutoff origin audit,Script run_phase303_duration_cutoff_origin_audit.py,research,none,active,inactive,observe,false,,kabu_native/results/reports/phase303_duration_cutoff_origin_audit.json,Report generated; no runtime adoption,research_complete
304,2026-06-07,Monitoring,script,Phase 304 duration value review,Script run_phase304_duration_value_review.py,research,none,active,inactive,observe,false,,kabu_native/results/reports/phase304_duration_value_review.checkpoint.json,Report generated; no runtime adoption,research_complete
305,2026-06-07,Monitoring,script,Phase 305 duration weight review,Script run_phase305_duration_weight_review.py,research,none,active,inactive,observe,false,,kabu_native/results/reports/phase305_duration_weight_review.checkpoint.json,Report generated; no runtime adoption,research_complete
306,2026-06-07,Monitoring,script,Phase 306 token fire rate profit attribution,Script run_phase306_token_fire_rate_profit_attribution.py,research,none,active,inactive,observe,false,,kabu_native/results/reports/phase306_token_fire_rate_profit_attribution.checkpoint.json,Report generated; no runtime adoption,research_complete
307,2026-06-07,Monitoring,script,Phase 307 price token removal review,Script run_phase307_price_token_removal_review.py,research,none,active,inactive,observe,false,,kabu_native/results/reports/phase307_price_token_removal_review.checkpoint.json,Report generated; no runtime adoption,research_complete
308,2026-06-07,Entry,script,Phase 308 rebuilt entry score review,Script run_phase308_rebuilt_entry_score_review.py,research,none,active,inactive,observe,false,,kabu_native/results/reports/phase308_rebuilt_entry_score_review.checkpoint.json,Report generated; no runtime adoption,research_complete
309,2026-06-07,Monitoring,script,Phase 309 d outlier check,Script run_phase309_d_outlier_check.py,research,none,active,inactive,observe,false,,kabu_native/results/reports/phase309_d_outlier_check.json,Report generated; no runtime adoption,research_complete
310,2026-06-07,Monitoring,script,Phase 310 remove duration price tokens report,Script run_phase310_remove_duration_price_tokens_report.py,research,none,active,inactive,observe,false,,kabu_native/results/reports/phase310_remove_duration_price_tokens_report.json,Report generated; no runtime adoption,research_complete
311,2026-06-07,Monitoring,script,Phase 311 repoint score after token removal report,Script run_phase311_repoint_score_after_token_removal_report.py,research,none,active,inactive,observe,false,,kabu_native/results/reports/phase311_repoint_score_after_token_removal_report.json,Report generated; no runtime adoption,research_complete
312,2026-06-07,Monitoring,script,Phase 312 min threshold tv review,Script run_phase312_min_threshold_tv_review.py,research,none,active,inactive,observe,false,,kabu_native/results/reports/phase312_min_threshold_tv_review.checkpoint.json,Report generated; no runtime adoption,research_complete
313,2026-06-07,Monitoring,script,Phase 313 hbrecent necessity review,Script run_phase313_hbrecent_necessity_review.py,research,none,active,inactive,observe,false,,kabu_native/results/reports/phase313_hbrecent_necessity_review.checkpoint.json,Report generated; no runtime adoption,research_complete
313,2026-06-07,Monitoring,script,Phase 313 remove tv token report,Script run_phase313_remove_tv_token_report.py,research,none,active,inactive,observe,false,,kabu_native/results/reports/phase313_hbrecent_necessity_review.checkpoint.json,Report generated; no runtime adoption,research_complete
314,2026-06-07,Entry,script,Entry score v2 simplification (Momentum+Board only),Script run_phase314_final_entry_score_simplification_report.py,runtime,none,none,active,adopted,false,,kabu_native/results/reports/phase314_final_entry_score_simplification_report.json,Report generated; no runtime adoption,Production runtime (Stack C)
315,2026-06-07,Monitoring,script,Phase 315 100share yen expectancy report,Script run_phase315_100share_yen_expectancy_report.py,research,none,active,inactive,observe,false,,kabu_native/results/reports/phase315_100share_yen_expectancy_report.json,Report generated; no runtime adoption,research_complete
316,2026-06-07,Exit,script,Phase 316 exit discord 100share yen notification report,Script run_phase316_exit_discord_100share_yen_notification_report.py,research,none,active,inactive,observe,false,,kabu_native/results/reports/phase316_exit_discord_100share_yen_notification_report.json,Report generated; no runtime adoption,research_complete
317,2026-06-13,Monitoring,script,Phase 317 tomorrow paper trade preflight,Script run_phase317_tomorrow_paper_trade_preflight.py,research,none,active,inactive,observe,false,,kabu_native/results/reports/phase317_tomorrow_paper_trade_preflight.json,Report generated; no runtime adoption,research_complete
318,2026-06-13,Replay,script,Phase 318 current production logic replay,Script run_phase318_current_production_logic_replay.py,research,none,active,inactive,observe,false,,kabu_native/results/reports/phase318_current_production_logic_replay.checkpoint.json,Report generated; no runtime adoption,research_complete
319,2026-06-13,Exit,script,Phase 319 exit reason pnl diagnosis,Script run_phase319_exit_reason_pnl_diagnosis.py,research,none,active,inactive,observe,false,,kabu_native/results/reports/phase319_exit_reason_pnl_diagnosis.json,Report generated; no runtime adoption,research_complete
320,2026-06-13,Monitoring,script,Phase 320 board gate live effectiveness audit,Script run_phase320_board_gate_live_effectiveness_audit.py,research,none,active,inactive,observe,false,,kabu_native/results/reports/phase320_board_gate_live_effectiveness_audit.json,Report generated; no runtime adoption,research_complete
321,2026-06-13,Monitoring,script,Phase 321 stop hit mechanism review,Script run_phase321_stop_hit_mechanism_review.py,research,none,active,inactive,observe,false,,kabu_native/results/reports/phase321_stop_hit_mechanism_review.json,Report generated; no runtime adoption,research_complete
322,2026-06-13,Monitoring,script,Phase 322 trailing activation sensitivity review,Script run_phase322_trailing_activation_sensitivity_review.py,research,none,active,inactive,observe,false,,kabu_native/results/reports/phase322_trailing_activation_sensitivity_review.json,Report generated; no runtime adoption,research_complete
323,2026-06-13,Monitoring,script,Phase 323 trailing activation full day review,Script run_phase323_trailing_activation_full_day_review.py,research,none,active,inactive,observe,false,,kabu_native/results/reports/phase323_trailing_activation_full_day_review.json,Report generated; no runtime adoption,research_complete
324,2026-06-13,Exit,script,Phase 324 exit feature separation review,Script run_phase324_exit_feature_separation_review.py,research,none,active,inactive,observe,false,,kabu_native/results/reports/phase324_exit_feature_separation_review.json,Report generated; no runtime adoption,research_complete
325,2026-06-13,Exit,script,Phase 325 vwap exit discovery,Script run_phase325_vwap_exit_discovery.py,research,none,active,inactive,observe,false,,kabu_native/results/reports/phase325_vwap_exit_discovery.json,Report generated; no runtime adoption,research_complete
326,2026-06-13,Monitoring,script,Phase 326 vwap threshold distribution review,Script run_phase326_vwap_threshold_distribution_review.py,research,none,active,inactive,observe,false,,kabu_native/results/reports/phase326_vwap_threshold_distribution_review.json,Report generated; no runtime adoption,research_complete
327,2026-06-13,Monitoring,script,Phase 327 vwap contraction threshold review,Script run_phase327_vwap_contraction_threshold_review.py,research,none,active,inactive,observe,false,,kabu_native/results/reports/phase327_vwap_contraction_threshold_review.json,Report generated; no runtime adoption,research_complete
328,2026-06-13,Replay,script,Phase 328 vwap contraction full replay review,Script run_phase328_vwap_contraction_full_replay_review.py,research,none,active,inactive,observe,false,,kabu_native/results/reports/phase328_vwap_contraction_full_replay_review.json,Report generated; no runtime adoption,research_complete
329,2026-06-13,Monitoring,script,Phase 329 trailing context sensitivity review,Script run_phase329_trailing_context_sensitivity_review.py,research,none,active,inactive,observe,false,,kabu_native/results/reports/phase329_trailing_context_sensitivity_review.json,Report generated; no runtime adoption,research_complete
330,2026-06-13,Monitoring,script,Phase 330 board dynamic trailing review,Script run_phase330_board_dynamic_trailing_review.py,research,none,active,inactive,observe,false,,kabu_native/results/reports/phase330_board_dynamic_trailing_review.json,Report generated; no runtime adoption,research_complete
331,2026-06-13,Replay,script,Phase 331 board dynamic trailing full replay review,Script run_phase331_board_dynamic_trailing_full_replay_review.py,research,none,active,inactive,observe,false,,kabu_native/results/reports/phase331_board_dynamic_trailing_full_replay_review.json,Report generated; no runtime adoption,research_complete
332,2026-06-13,Exit,script,Board-dynamic trailing-MFE production EXIT,Script run_phase332_board_dynamic_shadow_implementation_report.py,runtime,counterfactual,none,active,adopted,false,,kabu_native/results/reports/phase332_board_dynamic_shadow_implementation_report.json,Report generated; no runtime adoption,Production runtime (Stack C)
333,2026-06-13,Discord,script,Canonical 100-share yen summary,Script run_phase333_summary_100share_yen_pnl_report.py,runtime,none,none,active,adopted,false,,kabu_native/results/reports/phase333_summary_100share_yen_pnl_report.json,Report generated; no runtime adoption,Production runtime (Stack C)
336,2026-06-13,Replay,script,Phase 336 realtime board full replay evaluation,Script run_phase336_realtime_board_full_replay_evaluation.py,research,none,active,inactive,observe,false,,kabu_native/results/reports/phase336_realtime_board_full_replay_summary.json,Report generated; no runtime adoption,research_complete
337,2026-06-13,Exit,script,Phase 337 exit candidate shadow evaluation,Script run_phase337_exit_candidate_shadow_evaluation.py,shadow,inactive,active,inactive,observe,false,,kabu_native/results/reports/phase337_exit_candidate_summary.json,Report generated; no runtime adoption,research_complete
338,2026-06-13,Exit,script,Phase 338 exit candidate validation,Script run_phase338_exit_candidate_validation.py,research,none,active,inactive,observe,false,,kabu_native/results/reports/phase338_exit_candidate_validation_summary.json,Report generated; no runtime adoption,research_complete
339,2026-06-13,Monitoring,script,Phase 339 vwap assisted loss tuning,Script run_phase339_vwap_assisted_loss_tuning.py,research,none,active,inactive,observe,false,,kabu_native/results/reports/phase339_vwap_tuning_summary.json,Report generated; no runtime adoption,research_complete
340,2026-06-13,Monitoring,script,Phase 340 vwap dev finetune,Script run_phase340_vwap_dev_finetune.py,research,none,active,inactive,observe,false,,kabu_native/results/reports/phase340_vwap_dev_finetune_summary.json,Report generated; no runtime adoption,research_complete
341,2026-06-13,Monitoring,script,Phase 341 vwap 0p4pct robustness,Script run_phase341_vwap_0p4pct_robustness.py,research,none,active,inactive,observe,false,,kabu_native/results/reports/phase341_vwap_0p4pct_robustness_summary.json,Report generated; no runtime adoption,research_complete
342,2026-06-13,Exit,script,Phase 342 board failure exit,Script run_phase342_board_failure_exit.py,research,none,active,inactive,observe,false,,kabu_native/results/reports/phase342_board_failure_exit_summary.json,Report generated; no runtime adoption,research_complete
343,2026-06-13,Monitoring,script,Phase 343 board failure mfe tuning,Script run_phase343_board_failure_mfe_tuning.py,research,none,active,inactive,observe,false,,kabu_native/results/reports/phase343_board_failure_mfe_tuning_summary.json,Report generated; no runtime adoption,research_complete
343pre_parallel_eval_benchmark,2026-06-13,Monitoring,script,Phase 343pre parallel eval benchmark,Script run_phase343pre_parallel_eval_benchmark.py,research,none,active,inactive,observe,false,,,Script run_phase343pre_parallel_eval_benchmark.py,Research / review artifact
344,2026-06-13,Monitoring,script,Phase 344 board failure mfe0p2 confirm5 robustness,Script run_phase344_board_failure_mfe0p2_confirm5_robustness.py,research,none,active,inactive,observe,false,,kabu_native/results/reports/phase344_board_failure_mfe0p2_confirm5_robustness_summary.json,Report generated; no runtime adoption,research_complete
345,2026-06-13,Monitoring,script,Phase 345 board failure forensic,Script run_phase345_board_failure_forensic.py,research,none,active,inactive,observe,false,,kabu_native/results/reports/phase345_forensic_review_summary.json,Report generated; no runtime adoption,research_complete
346,2026-06-13,Monitoring,script,Phase 346 board failure false positive guard,Script run_phase346_board_failure_false_positive_guard.py,research,none,active,inactive,observe,false,,kabu_native/results/reports/phase346_board_failure_false_positive_guard_summary.json,Report generated; no runtime adoption,research_complete
347,2026-06-13,Monitoring,script,Phase 347 board failure cooldown finetune,Script run_phase347_board_failure_cooldown_finetune.py,research,none,active,inactive,observe,false,,kabu_native/results/reports/phase347_board_failure_cooldown_finetune_summary.json,Report generated; no runtime adoption,research_complete
348,2026-06-13,Entry,script,Phase 348 20260612 entry failure review,Script run_phase348_20260612_entry_failure_review.py,research,none,active,inactive,observe,false,,kabu_native/results/reports/phase348_20260612_entry_failure_summary.json,Report generated; no runtime adoption,research_complete
349,2026-06-13,Monitoring,script,Phase 349 20260612 limit gap failure review,Script run_phase349_20260612_limit_gap_failure_review.py,research,none,active,inactive,observe,false,,kabu_native/results/reports/phase349_20260612_limit_gap_failure_summary.json,Report generated; no runtime adoption,research_complete
350,2026-06-13,Entry,script,Phase 350 recent3 entry guard validation,Script run_phase350_recent3_entry_guard_validation.py,research,none,active,inactive,observe,false,,kabu_native/results/reports/phase350_recent3_entry_guard_summary.json,Report generated; no runtime adoption,research_complete
351,2026-06-13,Entry,script,Limit-up proximity entry guard,Script run_phase351_limit_up_entry_guard_shadow.py,shadow,inactive,active,inactive,rejected,false,,kabu_native/results/reports/phase351_limit_up_entry_guard_shadow_summary.json,Report generated; no runtime adoption,Evaluated and rejected for production
352,2026-06-13,Monitoring,script,Phase 352 limit up guard historical validation,Script run_phase352_limit_up_guard_historical_validation.py,research,none,active,inactive,observe,false,,kabu_native/results/reports/phase352_limit_up_guard_historical_summary.json,Report generated; no runtime adoption,research_complete
353,2026-06-13,Monitoring,script,Phase 353 bad regime detection,Script run_phase353_bad_regime_detection.py,research,none,active,inactive,observe,false,,kabu_native/results/reports/phase353_bad_regime_detection_summary.json,Pilot shadow ENTRY throttle on flagged crash-regime mornings (live AM only).,Pilot shadow ENTRY throttle on flagged crash-regime mornings (live AM only).
353,2026-06-13,Monitoring,script,Phase 353 pullback misread historical validation,Script run_phase353_pullback_misread_historical_validation.py,research,none,active,inactive,observe,false,,kabu_native/results/reports/phase353_bad_regime_detection_summary.json,Pilot shadow ENTRY throttle on flagged crash-regime mornings (live AM only).,Pilot shadow ENTRY throttle on flagged crash-regime mornings (live AM only).
354,2026-06-13,Universe,script,Phase 354 pullback universe split validation,Script run_phase354_pullback_universe_split_validation.py,research,none,active,inactive,adopted,false,,kabu_native/results/reports/phase354_pullback_universe_split_summary.json,Proceed with production shadow pilot using A_all_symbols.,Proceed with production shadow pilot using A_all_symbols.
355,2026-06-13,Entry,script,Pullback misread Dynamic40 guard,Script run_phase355_post_612_am_accepted_entry_audit.py,runtime,none,none,active,adopted,false,,kabu_native/results/reports/phase355_post_612_am_accepted_entry_audit_summary.json,Report generated; no runtime adoption,Production runtime (Stack C)
356,2026-06-13,Exit,script,Phase 356 post phase355 exit rebaseline,Script run_phase356_post_phase355_exit_rebaseline.py,research,none,active,inactive,observe,false,,kabu_native/results/reports/phase356_post_phase355_exit_rebaseline_summary.json,Report generated; no runtime adoption,research_complete
357,2026-06-13,Exit,script,Phase 357 actual exit audit,Script run_phase357_actual_exit_audit.py,research,none,active,inactive,observe,false,,kabu_native/results/reports/phase357_actual_exit_audit_summary.json,Report generated; no runtime adoption,research_complete
358,2026-06-13,Monitoring,script,Phase 358 low mfe stophit forensic,Script run_phase358_low_mfe_stophit_forensic.py,research,none,active,inactive,observe,false,,kabu_native/results/reports/phase358_low_mfe_stophit_forensic_summary.json,Report generated; no runtime adoption,research_complete
359,2026-06-13,Entry,script,Gap-up fade entry guard,Script run_phase359_gap_up_fade_entry_guard_validation.py,research,none,active,inactive,rejected,false,,kabu_native/results/reports/phase359_gap_up_fade_entry_guard_summary.json,Production shadow pilot only; adoption bar not fully met.,Evaluated and rejected for production
360,2026-06-13,Monitoring,script,Phase 360 eother classification,Script run_phase360_eother_classification.py,research,none,active,inactive,observe,false,,kabu_native/results/reports/phase360_eother_classification_summary.json,Report generated; no runtime adoption,research_complete
361,2026-06-13,Monitoring,script,Phase 361 near day high low mom guard validation,Script run_phase361_near_day_high_low_mom_guard_validation.py,research,none,active,inactive,adopted,false,,kabu_native/results/reports/phase361_near_day_high_low_mom_guard_summary.json,Production shadow pilot only; adoption bar not fully met.,Production shadow pilot only; adoption bar not fully met.
362,2026-06-13,Monitoring,script,Phase 362 stack validation,Script run_phase362_stack_validation.py,research,none,active,inactive,observe,false,,kabu_native/results/reports/phase362_stack_validation_summary.json,Add Phase361 C03 guard as B_phase355_plus_c03_all; delta_vs_phase355=229380.0 yen.,Add Phase361 C03 guard as B_phase355_plus_c03_all; delta_vs_phase355=229380.0 yen.
363,2026-06-13,Monitoring,script,Phase 363 c03 robustness validation,Script run_phase363_c03_robustness_validation.py,research,none,active,inactive,adopted,false,,kabu_native/results/reports/phase363_c03_robustness_summary.json,Production candidate: C03 improvement survives 6/12 exclusion.,Production candidate: C03 improvement survives 6/12 exclusion.
365,2026-06-13,Monitoring,script,Phase 365 production stack validation,Script run_phase365_production_stack_validation.py,research,none,active,inactive,adopted,false,,kabu_native/results/reports/phase365_production_stack_validation_summary.json,Maintain Phase355 + Phase364 production stack.,Maintain Phase355 + Phase364 production stack.
366,2026-06-13,Monitoring,script,Phase 366 stophit reclassification,Script run_phase366_stophit_reclassification.py,research,none,active,inactive,observe,false,,kabu_native/results/reports/phase366_stophit_reclassification_summary.json,Report generated; no runtime adoption,research_complete
367,2026-06-13,Monitoring,script,Phase 367 low mfe residual forensic,Script run_phase367_low_mfe_residual_forensic.py,research,none,active,inactive,adopted,false,,kabu_native/results/reports/phase367_low_mfe_residual_forensic_summary.json,Shadow-validate A6_symbol_reentry_cluster before any production guard; counterfactual delta=121000.0 yen (analysis only).,Shadow-validate A6_symbol_reentry_cluster before any production guard; counterfactual delta=121000.0 yen (analysis only).
368,2026-06-13,Entry,script,Symbol reentry cluster guard,Script run_phase368_symbol_reentry_cluster_guard_validation.py,research,none,active,inactive,rejected,false,,kabu_native/results/reports/phase368_symbol_reentry_cluster_guard_summary.json,Do not adopt; shadow validation failed pass checks.,Evaluated and rejected for production
369,2026-06-13,Monitoring,script,Phase 369 a1 deep split,Script run_phase369_a1_deep_split.py,research,none,active,inactive,observe,false,,kabu_native/results/reports/phase369_a1_deep_split_summary.json,Shadow-validate K10_dyn40_stop_chain (delta=93100.0 yen).,Shadow-validate K10_dyn40_stop_chain (delta=93100.0 yen).
370,2026-06-13,Entry,script,K10 stop-chain A1 guard,Script run_phase370_k10_stop_chain_a1_guard_validation.py,research,none,active,inactive,rejected,false,,kabu_native/results/reports/phase370_k10_stop_chain_a1_guard_summary.json,Reject K10 guard; shadow validation failed pass checks.,Evaluated and rejected for production
371,2026-06-13,Exit,script,High-MFE stop_hit exit recovery,Script run_phase371_high_mfe_stophit_exit_recovery.py,research,none,active,inactive,rejected,false,,kabu_native/results/reports/phase371_high_mfe_stophit_exit_recovery_summary.json,mfe_0p3_profit_protect improves B/C losses but cuts 155 winners; continue shadow only.,Evaluated and rejected for production
372,2026-06-13,Monitoring,script,Phase 372 low mfe immediate death forensic,Script run_phase372_low_mfe_immediate_death_forensic.py,research,none,active,inactive,observe,false,,kabu_native/results/reports/phase372_low_mfe_immediate_death_summary.json,Shadow-validate ENTRY guard proxy for C09_dyn40_symbol_repeat (delta=87700.0 yen). Phase368 shadow failed for similar reentry logic; treat as forensic-only uplift. Immediate-death timing clusters (C01,Shadow-validate ENTRY guard proxy for C09_dyn40_symbol_repeat (delta=87700.0 yen). Phase368 shadow failed for similar reentry logic; treat as forensic-only uplift. Immediate-death timing clusters (C01-C03/C12) are forensic labels only.
373,2026-06-13,Monitoring,script,Phase 373 production monitoring,Script run_phase373_production_monitoring.py,research,none,active,inactive,observe,false,,kabu_native/results/reports/phase373_production_monitoring_summary.json,Report generated; no runtime adoption,research_complete
374,2026-06-13,Universe,script,Phase 374 dynamic40 universe quality review,Script run_phase374_dynamic40_universe_quality_review.py,research,none,active,inactive,observe,false,,kabu_native/results/reports/phase374_dynamic40_universe_quality_review_20260612.json,Report generated; no runtime adoption,research_complete
375,2026-06-13,Universe,script,Dynamic40 rank quality full replace,Script run_phase375_dynamic40_rank_quality_shadow.py,shadow,inactive,active,inactive,rejected,false,,kabu_native/results/reports/phase375_dynamic40_rank_quality_shadow_summary.json,Report generated; no runtime adoption,Evaluated and rejected for production
376,2026-06-13,Sizing,script,Phase 376 production daily pnl review,Script run_phase376_production_daily_pnl_review.py,research,none,active,inactive,observe,false,,kabu_native/results/reports/phase376_production_daily_pnl_summary.json,Report generated; no runtime adoption,research_complete
377,2026-06-13,Sizing,script,Phase 377 daily regime breakdown,Script run_phase377_daily_regime_breakdown.py,research,none,active,inactive,observe,false,,kabu_native/results/reports/phase377_daily_regime_breakdown_summary.json,Report generated; no runtime adoption,research_complete
378,2026-06-13,Sizing,script,Phase 378 period b loss concentration,Script run_phase378_period_b_loss_concentration.py,research,none,active,inactive,observe,false,,kabu_native/results/reports/phase378_period_b_loss_concentration_summary.json,Report generated; no runtime adoption,research_complete
379,2026-06-13,Sizing,script,Phase 379 low mfe stophit deep review,Script run_phase379_low_mfe_stophit_deep_review.py,research,none,active,inactive,observe,false,,kabu_native/results/reports/phase379_low_mfe_stophit_deep_review_summary.json,Report generated; no runtime adoption,research_complete
380,2026-06-13,Entry,script,Phase 380 board quality entry signal review,Script run_phase380_board_quality_entry_signal_review.py,research,none,active,inactive,observe,false,,kabu_native/results/reports/phase380_board_quality_entry_signal_summary.json,Report generated; no runtime adoption,research_complete
381,2026-06-14,Sizing,script,Phase 381 winner profile review,Script run_phase381_winner_profile_review.py,research,none,active,inactive,observe,false,,kabu_native/results/reports/phase381_winner_profile_summary.json,Report generated; no runtime adoption,research_complete
382,2026-06-13,Position,script,Phase 382 capital audit,Script run_phase382_capital_audit.py,research,none,active,inactive,observe,false,,kabu_native/results/reports/phase382_capital_constrained_summary.json,Report generated; no runtime adoption,research_complete
382,2026-06-13,Position,script,Phase 382 capital constrained backtest,Script run_phase382_capital_constrained_backtest.py,research,none,active,inactive,observe,false,,kabu_native/results/reports/phase382_capital_constrained_summary.json,Report generated; no runtime adoption,research_complete
382,2026-06-13,Sizing,script,Phase 382 profit driver preservation monitor,Script run_phase382_profit_driver_preservation_monitor.py,research,none,active,inactive,observe,false,,kabu_native/results/reports/phase382_capital_constrained_summary.json,Report generated; no runtime adoption,research_complete
383,2026-06-13,Sizing,script,Phase 383 realistic credit sizing backtest,Script run_phase383_realistic_credit_sizing_backtest.py,research,none,active,inactive,observe,false,,kabu_native/results/reports/phase383_realistic_credit_sizing_summary.json,Report generated; no runtime adoption,research_complete
384,2026-06-13,Position,script,Phase 384 capital scaling study,Script run_phase384_capital_scaling_study.py,research,none,active,inactive,observe,false,,kabu_native/results/reports/phase384_capital_scaling_summary.json,Report generated; no runtime adoption,research_complete
385,2026-06-14,Position,script,Phase 385 cap sensitivity study,Script run_phase385_cap_sensitivity_study.py,research,none,active,inactive,observe,false,,kabu_native/results/reports/phase385_cap_sensitivity_summary.json,Report generated; no runtime adoption,research_complete
386,2026-06-14,Position,script,Phase 386 third position quality review,Script run_phase386_third_position_quality_review.py,research,none,active,inactive,observe,false,,kabu_native/results/reports/phase386_third_position_quality_summary.json,Report generated; no runtime adoption,research_complete
387,2026-06-14,Position,script,Phase 387 cap2 shadow validation,Script run_phase387_cap2_shadow_validation.py,shadow,inactive,active,inactive,observe,false,,kabu_native/results/reports/phase387_cap2_shadow_summary.json,Report generated; no runtime adoption,research_complete
388,2026-06-14,Position,script,Phase 388 cap1500k live candidate validation,Script run_phase388_cap1500k_live_candidate_validation.py,research,none,active,inactive,observe,false,,kabu_native/results/reports/phase388_cap1500k_validation_summary.json,Report generated; no runtime adoption,Live capital candidate research; runtime CAP still 3
389,2026-06-14,Sizing,script,Phase 389 full regime live candidate validation,Script run_phase389_full_regime_live_candidate_validation.py,research,none,active,inactive,observe,false,,kabu_native/results/reports/phase389_full_regime_live_candidate_summary.json,150万円運用を推奨,Live capital candidate research; runtime CAP still 3
390,undated,Monitoring,script,Phase 390 system source of truth v3 expansion,Script run_phase390_system_source_of_truth_v3_expansion.py,research,none,active,inactive,observe,false,,,Script run_phase390_system_source_of_truth_v3_expansion.py,Research / review artifact
NP-canonical-summary,2026-06-13,Discord,reporting,Canonical summary builder,Discord/session summary from observer_exit only,runtime,none,none,active,adopted,false,333,phase333_summary_100share_yen_pnl_report.md,100-share yen primary metrics,Production reporting
NP-entry-scan,2026-06-13,Entry,freshness,Entry scan controller (freshness/batch),Stale price/board reject; max entries per scan,runtime,none,none,active,adopted,false,"348,355",,entry_scan_controller.py wired in pilot_runner,Production ENTRY path guard from kabutrade0612
