
=== run_watchdog_inner 2026/05/14  0:06:48.56 ===
ROOT=c:\Users\yhach\Documents\tradebotfile
PYTHON_EXE=C:\Users\yhach\AppData\Local\Programs\Python\Python314\python.exe
CD=c:\Users\yhach\Documents\tradebotfile
WATCHDOG_SCRIPT=c:\Users\yhach\Documents\tradebotfile\scripts\watchdog.py
CMD="C:\Users\yhach\AppData\Local\Programs\Python\Python314\python.exe" "c:\Users\yhach\Documents\tradebotfile\scripts\watchdog.py"
========================================
2026-05-14 00:06:48,782 [INFO] dotenv: loaded path=C:\Users\yhach\Documents\tradebotfile\.env exists=True
2026-05-14 00:06:48,783 [INFO] watchdog bootstrap: os.getcwd()=c:\Users\yhach\Documents\tradebotfile
2026-05-14 00:06:48,784 [INFO] watchdog bootstrap: sys.executable=C:\Users\yhach\AppData\Local\Programs\Python\Python314\python.exe
2026-05-14 00:06:48,784 [INFO] watchdog bootstrap: __file__=C:\Users\yhach\Documents\tradebotfile\scripts\watchdog.py
2026-05-14 00:06:48,784 [INFO] watchdog bootstrap: ROOT=C:\Users\yhach\Documents\tradebotfile
2026-05-14 00:06:48,784 [INFO] watchdog bootstrap: dotenv_path=C:\Users\yhach\Documents\tradebotfile\.env
2026-05-14 00:06:48,784 [INFO] watchdog bootstrap: issue_bot_bat=C:\Users\yhach\Documents\tradebotfile\scripts\start_issue_bot.bat
2026-05-14 00:06:48,784 [INFO] watchdog bootstrap: paper_trade_bat=C:\Users\yhach\Documents\tradebotfile\scripts\start_paper_trade.bat
2026-05-14 00:06:48,784 [INFO] watchdog started (interval=300s, root=C:\Users\yhach\Documents\tradebotfile)
Traceback (most recent call last):
  File "C:\Users\yhach\AppData\Local\Programs\Python\Python314\Lib\zoneinfo\_common.py", line 12, in load_tzdata
    path = resources.files(package_name).joinpath(resource_name)
           ~~~~~~~~~~~~~~~^^^^^^^^^^^^^^
  File "C:\Users\yhach\AppData\Local\Programs\Python\Python314\Lib\importlib\resources\_common.py", line 46, in wrapper
    return func(anchor)
  File "C:\Users\yhach\AppData\Local\Programs\Python\Python314\Lib\importlib\resources\_common.py", line 56, in files
    return from_package(resolve(anchor))
                        ~~~~~~~^^^^^^^^
  File "C:\Users\yhach\AppData\Local\Programs\Python\Python314\Lib\functools.py", line 982, in wrapper
    return dispatch(args[0].__class__)(*args, **kw)
           ~~~~~~~~~~~~~~~~~~~~~~~~~~~^^^^^^^^^^^^^
  File "C:\Users\yhach\AppData\Local\Programs\Python\Python314\Lib\importlib\resources\_common.py", line 82, in _
    return importlib.import_module(cand)
           ~~~~~~~~~~~~~~~~~~~~~~~^^^^^^
  File "C:\Users\yhach\AppData\Local\Programs\Python\Python314\Lib\importlib\__init__.py", line 88, in import_module
    return _bootstrap._gcd_import(name[level:], package, level)
           ~~~~~~~~~~~~~~~~~~~~~~^^^^^^^^^^^^^^^^^^^^^^^^^^^^^^
  File "<frozen importlib._bootstrap>", line 1398, in _gcd_import
  File "<frozen importlib._bootstrap>", line 1371, in _find_and_load
  File "<frozen importlib._bootstrap>", line 1314, in _find_and_load_unlocked
  File "<frozen importlib._bootstrap>", line 491, in _call_with_frames_removed
  File "<frozen importlib._bootstrap>", line 1398, in _gcd_import
  File "<frozen importlib._bootstrap>", line 1371, in _find_and_load
  File "<frozen importlib._bootstrap>", line 1314, in _find_and_load_unlocked
  File "<frozen importlib._bootstrap>", line 491, in _call_with_frames_removed
  File "<frozen importlib._bootstrap>", line 1398, in _gcd_import
  File "<frozen importlib._bootstrap>", line 1371, in _find_and_load
  File "<frozen importlib._bootstrap>", line 1335, in _find_and_load_unlocked
ModuleNotFoundError: No module named 'tzdata'

During handling of the above exception, another exception occurred:

Traceback (most recent call last):
  File "c:\Users\yhach\Documents\tradebotfile\scripts\watchdog.py", line 288, in <module>
    raise SystemExit(main())
                     ~~~~^^
  File "c:\Users\yhach\Documents\tradebotfile\scripts\watchdog.py", line 211, in main
    now = _now_jst()
  File "c:\Users\yhach\Documents\tradebotfile\scripts\watchdog.py", line 62, in _now_jst
    return datetime.now(ZoneInfo(JST_NAME))
                        ~~~~~~~~^^^^^^^^^^
  File "C:\Users\yhach\AppData\Local\Programs\Python\Python314\Lib\zoneinfo\_common.py", line 29, in load_tzdata
    raise ZoneInfoNotFoundError(f"No time zone found with key {key}")
zoneinfo._common.ZoneInfoNotFoundError: 'No time zone found with key Asia/Tokyo'
[2026/05/14  0:06:48.80] watchdog.py exited errorlevel=1

=== run_watchdog_inner 2026/05/14  0:08:22.36 ===
ROOT=C:\Users\yhach\Documents\tradebotfile
PYTHON_EXE=C:\Users\yhach\AppData\Local\Programs\Python\Python314\python.exe
CD=C:\Users\yhach\Documents\tradebotfile
WATCHDOG_SCRIPT=C:\Users\yhach\Documents\tradebotfile\scripts\watchdog.py
CMD="C:\Users\yhach\AppData\Local\Programs\Python\Python314\python.exe" "C:\Users\yhach\Documents\tradebotfile\scripts\watchdog.py"
========================================
2026-05-14 00:08:22,590 [INFO] dotenv: loaded path=C:\Users\yhach\Documents\tradebotfile\.env exists=True
2026-05-14 00:08:22,590 [INFO] watchdog bootstrap: os.getcwd()=C:\Users\yhach\Documents\tradebotfile
2026-05-14 00:08:22,591 [INFO] watchdog bootstrap: sys.executable=C:\Users\yhach\AppData\Local\Programs\Python\Python314\python.exe
2026-05-14 00:08:22,591 [INFO] watchdog bootstrap: __file__=C:\Users\yhach\Documents\tradebotfile\scripts\watchdog.py
2026-05-14 00:08:22,591 [INFO] watchdog bootstrap: ROOT=C:\Users\yhach\Documents\tradebotfile
2026-05-14 00:08:22,591 [INFO] watchdog bootstrap: dotenv_path=C:\Users\yhach\Documents\tradebotfile\.env
2026-05-14 00:08:22,591 [INFO] watchdog bootstrap: issue_bot_bat=C:\Users\yhach\Documents\tradebotfile\scripts\start_issue_bot.bat
2026-05-14 00:08:22,591 [INFO] watchdog bootstrap: paper_trade_bat=C:\Users\yhach\Documents\tradebotfile\scripts\start_paper_trade.bat
2026-05-14 00:08:22,598 [INFO] watchdog bootstrap: jst_tz=Asia/Tokyo (install tzdata package for IANA names on Windows)
2026-05-14 00:08:22,599 [INFO] watchdog started (interval=300s, root=C:\Users\yhach\Documents\tradebotfile)
2026-05-14 00:08:22,605 [INFO] tick jst=2026-05-14 00:08 paper_window=no issue_bot=ok paper_trade=idle
2026-05-14 00:13:22,610 [INFO] tick jst=2026-05-14 00:13 paper_window=no issue_bot=ok paper_trade=idle
2026-05-14 00:18:22,615 [INFO] tick jst=2026-05-14 00:18 paper_window=no issue_bot=ok paper_trade=idle
2026-05-14 00:23:22,618 [INFO] tick jst=2026-05-14 00:23 paper_window=no issue_bot=ok paper_trade=idle
2026-05-14 00:28:22,621 [INFO] tick jst=2026-05-14 00:28 paper_window=no issue_bot=ok paper_trade=idle
2026-05-14 00:33:22,626 [INFO] tick jst=2026-05-14 00:33 paper_window=no issue_bot=ok paper_trade=idle
2026-05-14 00:38:22,634 [WARNING] issue_bot: restart attempt (running=False bat=C:\Users\yhach\Documents\tradebotfile\scripts\start_issue_bot.bat cwd=C:\Users\yhach\Documents\tradebotfile)
2026-05-14 00:38:22,648 [INFO] spawned bat=start_issue_bot.bat abs=C:\Users\yhach\Documents\tradebotfile\scripts\start_issue_bot.bat cwd=C:\Users\yhach\Documents\tradebotfile child_pid=28068
2026-05-14 00:38:22,648 [INFO] issue_bot: start_issue_bot.bat spawn OK child_pid=28068
2026-05-14 00:38:26,649 [INFO] issue_bot: post-restart alive check after 4s running=True
2026-05-14 00:38:26,650 [INFO] [WATCHDOG] restarted issue_bot
2026-05-14 00:38:27,193 [INFO] tick jst=2026-05-14 00:38 paper_window=no issue_bot=restarted paper_trade=idle
2026-05-14 00:43:27,196 [INFO] tick jst=2026-05-14 00:43 paper_window=no issue_bot=ok paper_trade=idle
2026-05-14 00:48:27,200 [INFO] tick jst=2026-05-14 00:48 paper_window=no issue_bot=ok paper_trade=idle
2026-05-14 00:53:27,203 [INFO] tick jst=2026-05-14 00:53 paper_window=no issue_bot=ok paper_trade=idle
2026-05-14 00:58:27,207 [INFO] tick jst=2026-05-14 00:58 paper_window=no issue_bot=ok paper_trade=idle
2026-05-14 01:03:27,210 [INFO] tick jst=2026-05-14 01:03 paper_window=no issue_bot=ok paper_trade=idle
2026-05-14 01:08:27,214 [INFO] tick jst=2026-05-14 01:08 paper_window=no issue_bot=ok paper_trade=idle
2026-05-14 01:13:27,218 [INFO] tick jst=2026-05-14 01:13 paper_window=no issue_bot=ok paper_trade=idle
2026-05-14 01:18:27,221 [INFO] tick jst=2026-05-14 01:18 paper_window=no issue_bot=ok paper_trade=idle
2026-05-14 01:23:27,224 [INFO] tick jst=2026-05-14 01:23 paper_window=no issue_bot=ok paper_trade=idle
2026-05-14 01:28:27,227 [INFO] tick jst=2026-05-14 01:28 paper_window=no issue_bot=ok paper_trade=idle
2026-05-14 01:33:27,230 [INFO] tick jst=2026-05-14 01:33 paper_window=no issue_bot=ok paper_trade=idle
2026-05-14 01:38:27,233 [INFO] tick jst=2026-05-14 01:38 paper_window=no issue_bot=ok paper_trade=idle
2026-05-14 01:43:27,236 [INFO] tick jst=2026-05-14 01:43 paper_window=no issue_bot=ok paper_trade=idle
2026-05-14 01:48:27,239 [INFO] tick jst=2026-05-14 01:48 paper_window=no issue_bot=ok paper_trade=idle
2026-05-14 01:53:27,242 [INFO] tick jst=2026-05-14 01:53 paper_window=no issue_bot=ok paper_trade=idle
2026-05-14 01:58:27,256 [INFO] tick jst=2026-05-14 01:58 paper_window=no issue_bot=ok paper_trade=idle
2026-05-14 02:03:27,272 [INFO] tick jst=2026-05-14 02:03 paper_window=no issue_bot=ok paper_trade=idle
2026-05-14 02:08:27,288 [INFO] tick jst=2026-05-14 02:08 paper_window=no issue_bot=ok paper_trade=idle
2026-05-14 02:13:27,304 [WARNING] issue_bot: restart attempt (running=False bat=C:\Users\yhach\Documents\tradebotfile\scripts\start_issue_bot.bat cwd=C:\Users\yhach\Documents\tradebotfile)
2026-05-14 02:13:27,307 [INFO] spawned bat=start_issue_bot.bat abs=C:\Users\yhach\Documents\tradebotfile\scripts\start_issue_bot.bat cwd=C:\Users\yhach\Documents\tradebotfile child_pid=3572
2026-05-14 02:13:27,307 [INFO] issue_bot: start_issue_bot.bat spawn OK child_pid=3572
2026-05-14 02:13:31,307 [INFO] issue_bot: post-restart alive check after 4s running=True
2026-05-14 02:13:31,308 [INFO] [WATCHDOG] restarted issue_bot
2026-05-14 02:13:31,721 [INFO] tick jst=2026-05-14 02:13 paper_window=no issue_bot=restarted paper_trade=idle
2026-05-14 02:18:31,738 [INFO] tick jst=2026-05-14 02:18 paper_window=no issue_bot=ok paper_trade=idle
2026-05-14 02:23:31,754 [INFO] tick jst=2026-05-14 02:23 paper_window=no issue_bot=ok paper_trade=idle
2026-05-14 02:28:31,771 [INFO] tick jst=2026-05-14 02:28 paper_window=no issue_bot=ok paper_trade=idle
2026-05-14 02:33:31,781 [INFO] tick jst=2026-05-14 02:33 paper_window=no issue_bot=ok paper_trade=idle
2026-05-14 02:38:31,791 [INFO] tick jst=2026-05-14 02:38 paper_window=no issue_bot=ok paper_trade=idle
2026-05-14 02:43:31,802 [INFO] tick jst=2026-05-14 02:43 paper_window=no issue_bot=ok paper_trade=idle
2026-05-14 02:48:31,812 [INFO] tick jst=2026-05-14 02:48 paper_window=no issue_bot=ok paper_trade=idle
2026-05-14 02:53:31,821 [INFO] tick jst=2026-05-14 02:53 paper_window=no issue_bot=ok paper_trade=idle
2026-05-14 02:58:31,831 [INFO] tick jst=2026-05-14 02:58 paper_window=no issue_bot=ok paper_trade=idle
2026-05-14 03:03:31,840 [INFO] tick jst=2026-05-14 03:03 paper_window=no issue_bot=ok paper_trade=idle
2026-05-14 03:08:31,847 [INFO] tick jst=2026-05-14 03:08 paper_window=no issue_bot=ok paper_trade=idle
2026-05-14 03:13:31,854 [INFO] tick jst=2026-05-14 03:13 paper_window=no issue_bot=ok paper_trade=idle
2026-05-14 03:18:31,860 [INFO] tick jst=2026-05-14 03:18 paper_window=no issue_bot=ok paper_trade=idle
2026-05-14 03:23:31,868 [INFO] tick jst=2026-05-14 03:23 paper_window=no issue_bot=ok paper_trade=idle
2026-05-14 03:28:31,874 [INFO] tick jst=2026-05-14 03:28 paper_window=no issue_bot=ok paper_trade=idle
2026-05-14 03:33:31,881 [INFO] tick jst=2026-05-14 03:33 paper_window=no issue_bot=ok paper_trade=idle
2026-05-14 03:38:31,887 [INFO] tick jst=2026-05-14 03:38 paper_window=no issue_bot=ok paper_trade=idle
2026-05-14 03:43:31,893 [INFO] tick jst=2026-05-14 03:43 paper_window=no issue_bot=ok paper_trade=idle
2026-05-14 03:48:31,899 [INFO] tick jst=2026-05-14 03:48 paper_window=no issue_bot=ok paper_trade=idle
2026-05-14 03:53:31,904 [INFO] tick jst=2026-05-14 03:53 paper_window=no issue_bot=ok paper_trade=idle
2026-05-14 03:58:31,910 [INFO] tick jst=2026-05-14 03:58 paper_window=no issue_bot=ok paper_trade=idle
2026-05-14 04:03:31,916 [INFO] tick jst=2026-05-14 04:03 paper_window=no issue_bot=ok paper_trade=idle
2026-05-14 04:08:31,921 [INFO] tick jst=2026-05-14 04:08 paper_window=no issue_bot=ok paper_trade=idle
2026-05-14 04:13:31,927 [INFO] tick jst=2026-05-14 04:13 paper_window=no issue_bot=ok paper_trade=idle
2026-05-14 04:18:31,932 [INFO] tick jst=2026-05-14 04:18 paper_window=no issue_bot=ok paper_trade=idle
2026-05-14 04:23:31,938 [INFO] tick jst=2026-05-14 04:23 paper_window=no issue_bot=ok paper_trade=idle
2026-05-14 04:28:31,944 [INFO] tick jst=2026-05-14 04:28 paper_window=no issue_bot=ok paper_trade=idle
2026-05-14 04:33:31,949 [INFO] tick jst=2026-05-14 04:33 paper_window=no issue_bot=ok paper_trade=idle
2026-05-14 04:38:31,954 [INFO] tick jst=2026-05-14 04:38 paper_window=no issue_bot=ok paper_trade=idle
2026-05-14 04:43:31,959 [INFO] tick jst=2026-05-14 04:43 paper_window=no issue_bot=ok paper_trade=idle
2026-05-14 04:48:31,966 [INFO] tick jst=2026-05-14 04:48 paper_window=no issue_bot=ok paper_trade=idle
2026-05-14 04:53:31,970 [INFO] tick jst=2026-05-14 04:53 paper_window=no issue_bot=ok paper_trade=idle
2026-05-14 04:58:31,975 [INFO] tick jst=2026-05-14 04:58 paper_window=no issue_bot=ok paper_trade=idle
2026-05-14 05:03:31,980 [INFO] tick jst=2026-05-14 05:03 paper_window=no issue_bot=ok paper_trade=idle
2026-05-14 05:08:31,985 [INFO] tick jst=2026-05-14 05:08 paper_window=no issue_bot=ok paper_trade=idle
2026-05-14 05:13:31,990 [INFO] tick jst=2026-05-14 05:13 paper_window=no issue_bot=ok paper_trade=idle
2026-05-14 05:18:31,995 [INFO] tick jst=2026-05-14 05:18 paper_window=no issue_bot=ok paper_trade=idle
2026-05-14 05:23:32,000 [INFO] tick jst=2026-05-14 05:23 paper_window=no issue_bot=ok paper_trade=idle
2026-05-14 05:28:32,005 [INFO] tick jst=2026-05-14 05:28 paper_window=no issue_bot=ok paper_trade=idle
2026-05-14 05:33:32,010 [INFO] tick jst=2026-05-14 05:33 paper_window=no issue_bot=ok paper_trade=idle
2026-05-14 05:38:32,014 [INFO] tick jst=2026-05-14 05:38 paper_window=no issue_bot=ok paper_trade=idle
2026-05-14 05:43:32,018 [INFO] tick jst=2026-05-14 05:43 paper_window=no issue_bot=ok paper_trade=idle
2026-05-14 05:48:32,024 [INFO] tick jst=2026-05-14 05:48 paper_window=no issue_bot=ok paper_trade=idle
2026-05-14 05:53:32,028 [INFO] tick jst=2026-05-14 05:53 paper_window=no issue_bot=ok paper_trade=idle
2026-05-14 05:58:32,033 [INFO] tick jst=2026-05-14 05:58 paper_window=no issue_bot=ok paper_trade=idle
2026-05-14 06:03:32,038 [INFO] tick jst=2026-05-14 06:03 paper_window=no issue_bot=ok paper_trade=idle
2026-05-14 06:08:32,042 [INFO] tick jst=2026-05-14 06:08 paper_window=no issue_bot=ok paper_trade=idle
2026-05-14 06:13:32,047 [INFO] tick jst=2026-05-14 06:13 paper_window=no issue_bot=ok paper_trade=idle
2026-05-14 06:18:32,051 [INFO] tick jst=2026-05-14 06:18 paper_window=no issue_bot=ok paper_trade=idle
2026-05-14 06:23:32,055 [INFO] tick jst=2026-05-14 06:23 paper_window=no issue_bot=ok paper_trade=idle
2026-05-14 06:28:32,061 [INFO] tick jst=2026-05-14 06:28 paper_window=no issue_bot=ok paper_trade=idle
2026-05-14 06:33:32,074 [INFO] tick jst=2026-05-14 06:33 paper_window=no issue_bot=ok paper_trade=idle
2026-05-14 06:38:32,087 [INFO] tick jst=2026-05-14 06:38 paper_window=no issue_bot=ok paper_trade=idle
2026-05-14 06:43:32,101 [INFO] tick jst=2026-05-14 06:43 paper_window=no issue_bot=ok paper_trade=idle
2026-05-14 06:48:32,115 [INFO] tick jst=2026-05-14 06:48 paper_window=no issue_bot=ok paper_trade=idle
2026-05-14 06:53:32,128 [INFO] tick jst=2026-05-14 06:53 paper_window=no issue_bot=ok paper_trade=idle
2026-05-14 06:58:32,142 [INFO] tick jst=2026-05-14 06:58 paper_window=no issue_bot=ok paper_trade=idle
2026-05-14 07:03:32,154 [INFO] tick jst=2026-05-14 07:03 paper_window=no issue_bot=ok paper_trade=idle
2026-05-14 07:08:32,163 [INFO] tick jst=2026-05-14 07:08 paper_window=no issue_bot=ok paper_trade=idle
2026-05-14 07:13:32,171 [INFO] tick jst=2026-05-14 07:13 paper_window=no issue_bot=ok paper_trade=idle
2026-05-14 07:18:32,179 [INFO] tick jst=2026-05-14 07:18 paper_window=no issue_bot=ok paper_trade=idle
2026-05-14 07:23:32,187 [INFO] tick jst=2026-05-14 07:23 paper_window=no issue_bot=ok paper_trade=idle
2026-05-14 07:28:32,194 [INFO] tick jst=2026-05-14 07:28 paper_window=no issue_bot=ok paper_trade=idle
2026-05-14 07:33:32,204 [INFO] tick jst=2026-05-14 07:33 paper_window=no issue_bot=ok paper_trade=idle
2026-05-14 07:38:32,212 [INFO] tick jst=2026-05-14 07:38 paper_window=no issue_bot=ok paper_trade=idle
2026-05-14 07:43:32,219 [INFO] tick jst=2026-05-14 07:43 paper_window=no issue_bot=ok paper_trade=idle
2026-05-14 07:48:32,225 [INFO] tick jst=2026-05-14 07:48 paper_window=no issue_bot=ok paper_trade=idle
2026-05-14 07:53:32,231 [INFO] tick jst=2026-05-14 07:53 paper_window=no issue_bot=ok paper_trade=idle
2026-05-14 07:58:32,238 [INFO] tick jst=2026-05-14 07:58 paper_window=no issue_bot=ok paper_trade=idle
2026-05-14 08:03:32,245 [INFO] tick jst=2026-05-14 08:03 paper_window=no issue_bot=ok paper_trade=idle
2026-05-14 08:08:32,250 [INFO] tick jst=2026-05-14 08:08 paper_window=no issue_bot=ok paper_trade=idle
2026-05-14 08:13:32,255 [INFO] tick jst=2026-05-14 08:13 paper_window=no issue_bot=ok paper_trade=idle
2026-05-14 08:18:32,261 [INFO] tick jst=2026-05-14 08:18 paper_window=no issue_bot=ok paper_trade=idle
2026-05-14 08:23:32,265 [INFO] tick jst=2026-05-14 08:23 paper_window=no issue_bot=ok paper_trade=idle
2026-05-14 08:28:32,269 [INFO] tick jst=2026-05-14 08:28 paper_window=no issue_bot=ok paper_trade=idle
2026-05-14 08:33:32,275 [INFO] tick jst=2026-05-14 08:33 paper_window=no issue_bot=ok paper_trade=idle
2026-05-14 08:38:32,279 [INFO] tick jst=2026-05-14 08:38 paper_window=no issue_bot=ok paper_trade=idle
2026-05-14 08:43:32,284 [INFO] tick jst=2026-05-14 08:43 paper_window=no issue_bot=ok paper_trade=idle
2026-05-14 08:48:32,289 [INFO] tick jst=2026-05-14 08:48 paper_window=yes issue_bot=ok paper_trade=ok
2026-05-14 08:53:32,295 [INFO] tick jst=2026-05-14 08:53 paper_window=yes issue_bot=ok paper_trade=ok
2026-05-14 08:58:32,299 [INFO] tick jst=2026-05-14 08:58 paper_window=yes issue_bot=ok paper_trade=ok
2026-05-14 09:03:32,304 [INFO] tick jst=2026-05-14 09:03 paper_window=yes issue_bot=ok paper_trade=ok
2026-05-14 09:08:32,308 [INFO] tick jst=2026-05-14 09:08 paper_window=yes issue_bot=ok paper_trade=ok
2026-05-14 09:13:32,312 [INFO] tick jst=2026-05-14 09:13 paper_window=yes issue_bot=ok paper_trade=ok
2026-05-14 09:18:32,317 [INFO] tick jst=2026-05-14 09:18 paper_window=yes issue_bot=ok paper_trade=ok
2026-05-14 09:23:32,321 [INFO] tick jst=2026-05-14 09:23 paper_window=yes issue_bot=ok paper_trade=ok
2026-05-14 09:28:32,326 [INFO] tick jst=2026-05-14 09:28 paper_window=yes issue_bot=ok paper_trade=ok
2026-05-14 09:33:32,330 [INFO] tick jst=2026-05-14 09:33 paper_window=yes issue_bot=ok paper_trade=ok
2026-05-14 09:38:32,335 [INFO] tick jst=2026-05-14 09:38 paper_window=yes issue_bot=ok paper_trade=ok
2026-05-14 09:43:32,340 [INFO] tick jst=2026-05-14 09:43 paper_window=yes issue_bot=ok paper_trade=ok
2026-05-14 09:48:32,344 [INFO] tick jst=2026-05-14 09:48 paper_window=yes issue_bot=ok paper_trade=ok
2026-05-14 09:53:32,349 [INFO] tick jst=2026-05-14 09:53 paper_window=yes issue_bot=ok paper_trade=ok
2026-05-14 09:58:32,353 [INFO] tick jst=2026-05-14 09:58 paper_window=yes issue_bot=ok paper_trade=ok
2026-05-14 10:03:32,358 [INFO] tick jst=2026-05-14 10:03 paper_window=yes issue_bot=ok paper_trade=ok
2026-05-14 10:08:32,363 [INFO] tick jst=2026-05-14 10:08 paper_window=yes issue_bot=ok paper_trade=ok
2026-05-14 10:13:32,367 [INFO] tick jst=2026-05-14 10:13 paper_window=yes issue_bot=ok paper_trade=ok
2026-05-14 10:18:32,373 [INFO] tick jst=2026-05-14 10:18 paper_window=yes issue_bot=ok paper_trade=ok
2026-05-14 10:23:32,377 [INFO] tick jst=2026-05-14 10:23 paper_window=yes issue_bot=ok paper_trade=ok
2026-05-14 10:28:32,381 [INFO] tick jst=2026-05-14 10:28 paper_window=yes issue_bot=ok paper_trade=ok
2026-05-14 10:33:32,387 [INFO] tick jst=2026-05-14 10:33 paper_window=yes issue_bot=ok paper_trade=ok
2026-05-14 10:38:32,391 [INFO] tick jst=2026-05-14 10:38 paper_window=yes issue_bot=ok paper_trade=ok
2026-05-14 10:43:32,396 [INFO] tick jst=2026-05-14 10:43 paper_window=yes issue_bot=ok paper_trade=ok
2026-05-14 10:48:32,401 [INFO] tick jst=2026-05-14 10:48 paper_window=yes issue_bot=ok paper_trade=ok
2026-05-14 10:53:32,405 [INFO] tick jst=2026-05-14 10:53 paper_window=yes issue_bot=ok paper_trade=ok
2026-05-14 10:58:32,410 [INFO] tick jst=2026-05-14 10:58 paper_window=yes issue_bot=ok paper_trade=ok
2026-05-14 11:03:32,419 [INFO] tick jst=2026-05-14 11:03 paper_window=yes issue_bot=ok paper_trade=ok
2026-05-14 11:08:32,431 [INFO] tick jst=2026-05-14 11:08 paper_window=yes issue_bot=ok paper_trade=ok
2026-05-14 11:13:32,444 [INFO] tick jst=2026-05-14 11:13 paper_window=yes issue_bot=ok paper_trade=ok
2026-05-14 11:18:32,456 [INFO] tick jst=2026-05-14 11:18 paper_window=yes issue_bot=ok paper_trade=ok
2026-05-14 11:23:32,468 [INFO] tick jst=2026-05-14 11:23 paper_window=yes issue_bot=ok paper_trade=ok
2026-05-14 11:28:32,480 [INFO] tick jst=2026-05-14 11:28 paper_window=yes issue_bot=ok paper_trade=ok
2026-05-14 11:33:32,493 [INFO] tick jst=2026-05-14 11:33 paper_window=yes issue_bot=ok paper_trade=ok
2026-05-14 11:38:32,502 [INFO] tick jst=2026-05-14 11:38 paper_window=yes issue_bot=ok paper_trade=ok
2026-05-14 11:43:32,510 [INFO] tick jst=2026-05-14 11:43 paper_window=yes issue_bot=ok paper_trade=ok
2026-05-14 11:48:32,517 [INFO] tick jst=2026-05-14 11:48 paper_window=yes issue_bot=ok paper_trade=ok
2026-05-14 11:53:32,525 [INFO] tick jst=2026-05-14 11:53 paper_window=yes issue_bot=ok paper_trade=ok
2026-05-14 11:58:32,533 [INFO] tick jst=2026-05-14 11:58 paper_window=yes issue_bot=ok paper_trade=ok
2026-05-14 12:03:32,540 [INFO] tick jst=2026-05-14 12:03 paper_window=yes issue_bot=ok paper_trade=ok
2026-05-14 12:08:32,548 [INFO] tick jst=2026-05-14 12:08 paper_window=yes issue_bot=ok paper_trade=ok
2026-05-14 12:13:32,554 [INFO] tick jst=2026-05-14 12:13 paper_window=yes issue_bot=ok paper_trade=ok
2026-05-14 12:18:32,560 [INFO] tick jst=2026-05-14 12:18 paper_window=yes issue_bot=ok paper_trade=ok
2026-05-14 12:23:32,565 [INFO] tick jst=2026-05-14 12:23 paper_window=yes issue_bot=ok paper_trade=ok
2026-05-14 12:28:32,570 [INFO] tick jst=2026-05-14 12:28 paper_window=yes issue_bot=ok paper_trade=ok
2026-05-14 12:33:32,575 [INFO] tick jst=2026-05-14 12:33 paper_window=yes issue_bot=ok paper_trade=ok
2026-05-14 12:38:32,581 [INFO] tick jst=2026-05-14 12:38 paper_window=yes issue_bot=ok paper_trade=ok
2026-05-14 12:43:32,586 [INFO] tick jst=2026-05-14 12:43 paper_window=yes issue_bot=ok paper_trade=ok
2026-05-14 12:48:32,590 [INFO] tick jst=2026-05-14 12:48 paper_window=yes issue_bot=ok paper_trade=ok
2026-05-14 12:53:32,595 [INFO] tick jst=2026-05-14 12:53 paper_window=yes issue_bot=ok paper_trade=ok
2026-05-14 12:58:32,599 [INFO] tick jst=2026-05-14 12:58 paper_window=yes issue_bot=ok paper_trade=ok
2026-05-14 13:03:32,604 [INFO] tick jst=2026-05-14 13:03 paper_window=yes issue_bot=ok paper_trade=ok
2026-05-14 13:08:32,608 [INFO] tick jst=2026-05-14 13:08 paper_window=yes issue_bot=ok paper_trade=ok
2026-05-14 13:13:32,613 [INFO] tick jst=2026-05-14 13:13 paper_window=yes issue_bot=ok paper_trade=ok
2026-05-14 13:18:32,617 [INFO] tick jst=2026-05-14 13:18 paper_window=yes issue_bot=ok paper_trade=ok
2026-05-14 13:23:32,622 [INFO] tick jst=2026-05-14 13:23 paper_window=yes issue_bot=ok paper_trade=ok
2026-05-14 13:28:32,626 [INFO] tick jst=2026-05-14 13:28 paper_window=yes issue_bot=ok paper_trade=ok
2026-05-14 13:33:32,630 [INFO] tick jst=2026-05-14 13:33 paper_window=yes issue_bot=ok paper_trade=ok
2026-05-14 13:38:32,634 [INFO] tick jst=2026-05-14 13:38 paper_window=yes issue_bot=ok paper_trade=ok
2026-05-14 13:43:32,639 [INFO] tick jst=2026-05-14 13:43 paper_window=yes issue_bot=ok paper_trade=ok
2026-05-14 13:48:32,643 [INFO] tick jst=2026-05-14 13:48 paper_window=yes issue_bot=ok paper_trade=ok
2026-05-14 13:53:32,648 [INFO] tick jst=2026-05-14 13:53 paper_window=yes issue_bot=ok paper_trade=ok
2026-05-14 13:58:32,652 [INFO] tick jst=2026-05-14 13:58 paper_window=yes issue_bot=ok paper_trade=ok
2026-05-14 14:03:32,656 [INFO] tick jst=2026-05-14 14:03 paper_window=yes issue_bot=ok paper_trade=ok
2026-05-14 14:08:32,660 [INFO] tick jst=2026-05-14 14:08 paper_window=yes issue_bot=ok paper_trade=ok
2026-05-14 14:13:32,664 [INFO] tick jst=2026-05-14 14:13 paper_window=yes issue_bot=ok paper_trade=ok
2026-05-14 14:18:32,667 [INFO] tick jst=2026-05-14 14:18 paper_window=yes issue_bot=ok paper_trade=ok
2026-05-14 14:23:32,671 [INFO] tick jst=2026-05-14 14:23 paper_window=yes issue_bot=ok paper_trade=ok
2026-05-14 14:28:32,675 [INFO] tick jst=2026-05-14 14:28 paper_window=yes issue_bot=ok paper_trade=ok
2026-05-14 14:33:32,679 [INFO] tick jst=2026-05-14 14:33 paper_window=yes issue_bot=ok paper_trade=ok
2026-05-14 14:38:32,683 [INFO] tick jst=2026-05-14 14:38 paper_window=yes issue_bot=ok paper_trade=ok
2026-05-14 14:43:32,687 [INFO] tick jst=2026-05-14 14:43 paper_window=yes issue_bot=ok paper_trade=ok
2026-05-14 14:48:32,691 [INFO] tick jst=2026-05-14 14:48 paper_window=yes issue_bot=ok paper_trade=ok
2026-05-14 14:53:32,695 [INFO] tick jst=2026-05-14 14:53 paper_window=yes issue_bot=ok paper_trade=ok
2026-05-14 14:58:32,699 [INFO] tick jst=2026-05-14 14:58 paper_window=yes issue_bot=ok paper_trade=ok
2026-05-14 15:03:32,703 [INFO] tick jst=2026-05-14 15:03 paper_window=yes issue_bot=ok paper_trade=ok
2026-05-14 15:08:32,707 [INFO] tick jst=2026-05-14 15:08 paper_window=yes issue_bot=ok paper_trade=ok
2026-05-14 15:13:32,711 [INFO] tick jst=2026-05-14 15:13 paper_window=yes issue_bot=ok paper_trade=ok
2026-05-14 15:18:32,715 [INFO] tick jst=2026-05-14 15:18 paper_window=yes issue_bot=ok paper_trade=ok
2026-05-14 15:23:32,719 [INFO] tick jst=2026-05-14 15:23 paper_window=yes issue_bot=ok paper_trade=ok
2026-05-14 15:28:32,723 [INFO] tick jst=2026-05-14 15:28 paper_window=yes issue_bot=ok paper_trade=ok
2026-05-14 15:33:32,727 [INFO] tick jst=2026-05-14 15:33 paper_window=yes issue_bot=ok paper_trade=ok
2026-05-14 15:38:32,738 [INFO] tick jst=2026-05-14 15:38 paper_window=yes issue_bot=ok paper_trade=ok
2026-05-14 15:43:32,749 [INFO] tick jst=2026-05-14 15:43 paper_window=no issue_bot=ok paper_trade=idle
2026-05-14 15:48:32,761 [INFO] tick jst=2026-05-14 15:48 paper_window=no issue_bot=ok paper_trade=idle
2026-05-14 15:53:32,772 [INFO] tick jst=2026-05-14 15:53 paper_window=no issue_bot=ok paper_trade=idle
2026-05-14 15:58:32,783 [INFO] tick jst=2026-05-14 15:58 paper_window=no issue_bot=ok paper_trade=idle
2026-05-14 16:03:32,794 [INFO] tick jst=2026-05-14 16:03 paper_window=no issue_bot=ok paper_trade=idle
2026-05-14 16:08:32,804 [INFO] tick jst=2026-05-14 16:08 paper_window=no issue_bot=ok paper_trade=idle
2026-05-14 16:13:32,812 [INFO] tick jst=2026-05-14 16:13 paper_window=no issue_bot=ok paper_trade=idle
2026-05-14 16:18:32,819 [INFO] tick jst=2026-05-14 16:18 paper_window=no issue_bot=ok paper_trade=idle
2026-05-14 16:23:32,826 [INFO] tick jst=2026-05-14 16:23 paper_window=no issue_bot=ok paper_trade=idle
2026-05-14 16:28:32,833 [INFO] tick jst=2026-05-14 16:28 paper_window=no issue_bot=ok paper_trade=idle
2026-05-14 16:33:32,840 [INFO] tick jst=2026-05-14 16:33 paper_window=no issue_bot=ok paper_trade=idle
2026-05-14 16:38:32,847 [INFO] tick jst=2026-05-14 16:38 paper_window=no issue_bot=ok paper_trade=idle
2026-05-14 16:43:32,854 [INFO] tick jst=2026-05-14 16:43 paper_window=no issue_bot=ok paper_trade=idle
2026-05-14 16:48:32,859 [INFO] tick jst=2026-05-14 16:48 paper_window=no issue_bot=ok paper_trade=idle
2026-05-14 16:53:32,865 [INFO] tick jst=2026-05-14 16:53 paper_window=no issue_bot=ok paper_trade=idle
2026-05-14 16:58:32,870 [INFO] tick jst=2026-05-14 16:58 paper_window=no issue_bot=ok paper_trade=idle
2026-05-14 17:03:32,876 [INFO] tick jst=2026-05-14 17:03 paper_window=no issue_bot=ok paper_trade=idle
2026-05-14 17:08:32,881 [INFO] tick jst=2026-05-14 17:08 paper_window=no issue_bot=ok paper_trade=idle
2026-05-14 17:13:32,887 [INFO] tick jst=2026-05-14 17:13 paper_window=no issue_bot=ok paper_trade=idle
2026-05-14 17:18:32,892 [INFO] tick jst=2026-05-14 17:18 paper_window=no issue_bot=ok paper_trade=idle
2026-05-14 17:23:32,897 [INFO] tick jst=2026-05-14 17:23 paper_window=no issue_bot=ok paper_trade=idle
2026-05-14 17:28:32,902 [INFO] tick jst=2026-05-14 17:28 paper_window=no issue_bot=ok paper_trade=idle
2026-05-14 17:33:32,907 [INFO] tick jst=2026-05-14 17:33 paper_window=no issue_bot=ok paper_trade=idle
2026-05-14 17:38:32,912 [INFO] tick jst=2026-05-14 17:38 paper_window=no issue_bot=ok paper_trade=idle
2026-05-14 17:43:32,917 [INFO] tick jst=2026-05-14 17:43 paper_window=no issue_bot=ok paper_trade=idle
2026-05-14 17:48:32,922 [INFO] tick jst=2026-05-14 17:48 paper_window=no issue_bot=ok paper_trade=idle
2026-05-14 17:53:32,928 [INFO] tick jst=2026-05-14 17:53 paper_window=no issue_bot=ok paper_trade=idle
2026-05-14 17:58:32,932 [INFO] tick jst=2026-05-14 17:58 paper_window=no issue_bot=ok paper_trade=idle
2026-05-14 18:03:32,937 [INFO] tick jst=2026-05-14 18:03 paper_window=no issue_bot=ok paper_trade=idle
2026-05-14 18:08:32,941 [INFO] tick jst=2026-05-14 18:08 paper_window=no issue_bot=ok paper_trade=idle
2026-05-14 18:13:32,946 [INFO] tick jst=2026-05-14 18:13 paper_window=no issue_bot=ok paper_trade=idle
2026-05-14 18:18:32,950 [INFO] tick jst=2026-05-14 18:18 paper_window=no issue_bot=ok paper_trade=idle
2026-05-14 18:23:32,956 [INFO] tick jst=2026-05-14 18:23 paper_window=no issue_bot=ok paper_trade=idle
2026-05-14 18:28:32,960 [INFO] tick jst=2026-05-14 18:28 paper_window=no issue_bot=ok paper_trade=idle
2026-05-14 18:33:32,965 [INFO] tick jst=2026-05-14 18:33 paper_window=no issue_bot=ok paper_trade=idle
2026-05-14 18:38:32,970 [INFO] tick jst=2026-05-14 18:38 paper_window=no issue_bot=ok paper_trade=idle
2026-05-14 18:43:32,974 [INFO] tick jst=2026-05-14 18:43 paper_window=no issue_bot=ok paper_trade=idle
2026-05-14 18:48:32,979 [INFO] tick jst=2026-05-14 18:48 paper_window=no issue_bot=ok paper_trade=idle
2026-05-14 18:53:32,984 [INFO] tick jst=2026-05-14 18:53 paper_window=no issue_bot=ok paper_trade=idle
2026-05-14 18:58:32,988 [INFO] tick jst=2026-05-14 18:58 paper_window=no issue_bot=ok paper_trade=idle
2026-05-14 19:03:32,993 [INFO] tick jst=2026-05-14 19:03 paper_window=no issue_bot=ok paper_trade=idle
2026-05-14 19:08:32,997 [INFO] tick jst=2026-05-14 19:08 paper_window=no issue_bot=ok paper_trade=idle
2026-05-14 19:13:33,002 [INFO] tick jst=2026-05-14 19:13 paper_window=no issue_bot=ok paper_trade=idle
2026-05-14 19:18:33,007 [INFO] tick jst=2026-05-14 19:18 paper_window=no issue_bot=ok paper_trade=idle
2026-05-14 19:23:33,011 [INFO] tick jst=2026-05-14 19:23 paper_window=no issue_bot=ok paper_trade=idle
2026-05-14 19:28:33,016 [INFO] tick jst=2026-05-14 19:28 paper_window=no issue_bot=ok paper_trade=idle
2026-05-14 19:33:33,021 [INFO] tick jst=2026-05-14 19:33 paper_window=no issue_bot=ok paper_trade=idle
2026-05-14 19:38:33,025 [INFO] tick jst=2026-05-14 19:38 paper_window=no issue_bot=ok paper_trade=idle
2026-05-14 19:43:33,029 [INFO] tick jst=2026-05-14 19:43 paper_window=no issue_bot=ok paper_trade=idle
2026-05-14 19:48:33,034 [INFO] tick jst=2026-05-14 19:48 paper_window=no issue_bot=ok paper_trade=idle
2026-05-14 19:53:33,038 [INFO] tick jst=2026-05-14 19:53 paper_window=no issue_bot=ok paper_trade=idle
2026-05-14 19:58:33,042 [INFO] tick jst=2026-05-14 19:58 paper_window=no issue_bot=ok paper_trade=idle
2026-05-14 20:03:33,047 [INFO] tick jst=2026-05-14 20:03 paper_window=no issue_bot=ok paper_trade=idle
2026-05-14 20:08:33,053 [INFO] tick jst=2026-05-14 20:08 paper_window=no issue_bot=ok paper_trade=idle
2026-05-14 20:13:33,064 [INFO] tick jst=2026-05-14 20:13 paper_window=no issue_bot=ok paper_trade=idle
2026-05-14 20:18:33,075 [INFO] tick jst=2026-05-14 20:18 paper_window=no issue_bot=ok paper_trade=idle
2026-05-14 20:23:33,086 [INFO] tick jst=2026-05-14 20:23 paper_window=no issue_bot=ok paper_trade=idle
2026-05-14 20:28:33,097 [INFO] tick jst=2026-05-14 20:28 paper_window=no issue_bot=ok paper_trade=idle
2026-05-14 20:33:33,108 [INFO] tick jst=2026-05-14 20:33 paper_window=no issue_bot=ok paper_trade=idle
2026-05-14 20:38:33,119 [INFO] tick jst=2026-05-14 20:38 paper_window=no issue_bot=ok paper_trade=idle
2026-05-14 20:43:33,130 [INFO] tick jst=2026-05-14 20:43 paper_window=no issue_bot=ok paper_trade=idle
2026-05-14 20:48:33,141 [INFO] tick jst=2026-05-14 20:48 paper_window=no issue_bot=ok paper_trade=idle
2026-05-14 20:53:33,153 [INFO] tick jst=2026-05-14 20:53 paper_window=no issue_bot=ok paper_trade=idle
2026-05-14 20:58:33,165 [INFO] tick jst=2026-05-14 20:58 paper_window=no issue_bot=ok paper_trade=idle
2026-05-14 21:03:33,177 [INFO] tick jst=2026-05-14 21:03 paper_window=no issue_bot=ok paper_trade=idle
2026-05-14 21:08:33,185 [INFO] tick jst=2026-05-14 21:08 paper_window=no issue_bot=ok paper_trade=idle
2026-05-14 21:13:33,190 [INFO] tick jst=2026-05-14 21:13 paper_window=no issue_bot=ok paper_trade=idle
2026-05-14 21:18:33,194 [INFO] tick jst=2026-05-14 21:18 paper_window=no issue_bot=ok paper_trade=idle
2026-05-14 21:23:33,198 [INFO] tick jst=2026-05-14 21:23 paper_window=no issue_bot=ok paper_trade=idle
2026-05-14 21:28:33,203 [INFO] tick jst=2026-05-14 21:28 paper_window=no issue_bot=ok paper_trade=idle
2026-05-14 21:33:33,208 [INFO] tick jst=2026-05-14 21:33 paper_window=no issue_bot=ok paper_trade=idle
2026-05-14 21:38:33,215 [INFO] tick jst=2026-05-14 21:38 paper_window=no issue_bot=ok paper_trade=idle
2026-05-14 21:43:33,219 [INFO] tick jst=2026-05-14 21:43 paper_window=no issue_bot=ok paper_trade=idle
2026-05-14 21:48:33,225 [INFO] tick jst=2026-05-14 21:48 paper_window=no issue_bot=ok paper_trade=idle
2026-05-14 21:53:33,230 [INFO] tick jst=2026-05-14 21:53 paper_window=no issue_bot=ok paper_trade=idle
2026-05-14 21:58:33,234 [INFO] tick jst=2026-05-14 21:58 paper_window=no issue_bot=ok paper_trade=idle
2026-05-14 22:03:33,239 [INFO] tick jst=2026-05-14 22:03 paper_window=no issue_bot=ok paper_trade=idle
2026-05-14 22:08:33,244 [INFO] tick jst=2026-05-14 22:08 paper_window=no issue_bot=ok paper_trade=idle
2026-05-14 22:13:33,248 [INFO] tick jst=2026-05-14 22:13 paper_window=no issue_bot=ok paper_trade=idle
2026-05-14 22:18:33,253 [INFO] tick jst=2026-05-14 22:18 paper_window=no issue_bot=ok paper_trade=idle
2026-05-14 22:23:33,258 [INFO] tick jst=2026-05-14 22:23 paper_window=no issue_bot=ok paper_trade=idle
2026-05-14 22:28:33,262 [INFO] tick jst=2026-05-14 22:28 paper_window=no issue_bot=ok paper_trade=idle
2026-05-14 22:33:33,267 [INFO] tick jst=2026-05-14 22:33 paper_window=no issue_bot=ok paper_trade=idle
2026-05-14 22:38:33,271 [INFO] tick jst=2026-05-14 22:38 paper_window=no issue_bot=ok paper_trade=idle
2026-05-14 22:43:33,277 [INFO] tick jst=2026-05-14 22:43 paper_window=no issue_bot=ok paper_trade=idle
2026-05-14 22:48:33,281 [INFO] tick jst=2026-05-14 22:48 paper_window=no issue_bot=ok paper_trade=idle
2026-05-14 22:53:33,287 [INFO] tick jst=2026-05-14 22:53 paper_window=no issue_bot=ok paper_trade=idle
2026-05-14 22:58:33,293 [INFO] tick jst=2026-05-14 22:58 paper_window=no issue_bot=ok paper_trade=idle
2026-05-14 23:03:33,298 [INFO] tick jst=2026-05-14 23:03 paper_window=no issue_bot=ok paper_trade=idle
2026-05-14 23:08:33,302 [INFO] tick jst=2026-05-14 23:08 paper_window=no issue_bot=ok paper_trade=idle
2026-05-14 23:13:33,307 [INFO] tick jst=2026-05-14 23:13 paper_window=no issue_bot=ok paper_trade=idle
2026-05-14 23:18:33,312 [INFO] tick jst=2026-05-14 23:18 paper_window=no issue_bot=ok paper_trade=idle
2026-05-14 23:23:33,317 [INFO] tick jst=2026-05-14 23:23 paper_window=no issue_bot=ok paper_trade=idle
2026-05-14 23:28:33,321 [INFO] tick jst=2026-05-14 23:28 paper_window=no issue_bot=ok paper_trade=idle
2026-05-14 23:33:33,326 [INFO] tick jst=2026-05-14 23:33 paper_window=no issue_bot=ok paper_trade=idle
2026-05-14 23:38:33,330 [INFO] tick jst=2026-05-14 23:38 paper_window=no issue_bot=ok paper_trade=idle
2026-05-14 23:43:33,335 [INFO] tick jst=2026-05-14 23:43 paper_window=no issue_bot=ok paper_trade=idle
2026-05-14 23:48:33,340 [INFO] tick jst=2026-05-14 23:48 paper_window=no issue_bot=ok paper_trade=idle
2026-05-14 23:53:33,345 [INFO] tick jst=2026-05-14 23:53 paper_window=no issue_bot=ok paper_trade=idle
2026-05-14 23:58:33,349 [INFO] tick jst=2026-05-14 23:58 paper_window=no issue_bot=ok paper_trade=idle
2026-05-15 00:03:33,354 [INFO] tick jst=2026-05-15 00:03 paper_window=no issue_bot=ok paper_trade=idle
2026-05-15 00:08:33,358 [INFO] tick jst=2026-05-15 00:08 paper_window=no issue_bot=ok paper_trade=idle
2026-05-15 00:13:33,362 [INFO] tick jst=2026-05-15 00:13 paper_window=no issue_bot=ok paper_trade=idle
2026-05-15 00:18:33,367 [INFO] tick jst=2026-05-15 00:18 paper_window=no issue_bot=ok paper_trade=idle
2026-05-15 00:23:33,371 [INFO] tick jst=2026-05-15 00:23 paper_window=no issue_bot=ok paper_trade=idle
2026-05-15 00:28:33,376 [INFO] tick jst=2026-05-15 00:28 paper_window=no issue_bot=ok paper_trade=idle
2026-05-15 00:33:33,381 [INFO] tick jst=2026-05-15 00:33 paper_window=no issue_bot=ok paper_trade=idle
2026-05-15 00:38:33,385 [INFO] tick jst=2026-05-15 00:38 paper_window=no issue_bot=ok paper_trade=idle
2026-05-15 00:43:33,395 [INFO] tick jst=2026-05-15 00:43 paper_window=no issue_bot=ok paper_trade=idle
2026-05-15 00:48:33,405 [INFO] tick jst=2026-05-15 00:48 paper_window=no issue_bot=ok paper_trade=idle
2026-05-15 00:53:33,415 [INFO] tick jst=2026-05-15 00:53 paper_window=no issue_bot=ok paper_trade=idle
2026-05-15 00:58:33,426 [INFO] tick jst=2026-05-15 00:58 paper_window=no issue_bot=ok paper_trade=idle
2026-05-15 01:03:33,436 [INFO] tick jst=2026-05-15 01:03 paper_window=no issue_bot=ok paper_trade=idle
2026-05-15 01:08:33,446 [INFO] tick jst=2026-05-15 01:08 paper_window=no issue_bot=ok paper_trade=idle
2026-05-15 01:13:33,456 [INFO] tick jst=2026-05-15 01:13 paper_window=no issue_bot=ok paper_trade=idle
2026-05-15 01:18:33,467 [INFO] tick jst=2026-05-15 01:18 paper_window=no issue_bot=ok paper_trade=idle
2026-05-15 01:23:33,476 [INFO] tick jst=2026-05-15 01:23 paper_window=no issue_bot=ok paper_trade=idle
2026-05-15 01:28:33,486 [INFO] tick jst=2026-05-15 01:28 paper_window=no issue_bot=ok paper_trade=idle
2026-05-15 01:33:33,495 [INFO] tick jst=2026-05-15 01:33 paper_window=no issue_bot=ok paper_trade=idle
2026-05-15 01:38:33,504 [INFO] tick jst=2026-05-15 01:38 paper_window=no issue_bot=ok paper_trade=idle
2026-05-15 01:43:33,513 [INFO] tick jst=2026-05-15 01:43 paper_window=no issue_bot=ok paper_trade=idle
2026-05-15 01:48:33,517 [INFO] tick jst=2026-05-15 01:48 paper_window=no issue_bot=ok paper_trade=idle
2026-05-15 01:53:33,522 [INFO] tick jst=2026-05-15 01:53 paper_window=no issue_bot=ok paper_trade=idle
2026-05-15 01:58:33,528 [INFO] tick jst=2026-05-15 01:58 paper_window=no issue_bot=ok paper_trade=idle
2026-05-15 02:03:33,533 [INFO] tick jst=2026-05-15 02:03 paper_window=no issue_bot=ok paper_trade=idle
2026-05-15 02:08:33,538 [INFO] tick jst=2026-05-15 02:08 paper_window=no issue_bot=ok paper_trade=idle
2026-05-15 02:13:33,543 [INFO] tick jst=2026-05-15 02:13 paper_window=no issue_bot=ok paper_trade=idle
2026-05-15 02:18:33,548 [INFO] tick jst=2026-05-15 02:18 paper_window=no issue_bot=ok paper_trade=idle
2026-05-15 02:23:33,554 [INFO] tick jst=2026-05-15 02:23 paper_window=no issue_bot=ok paper_trade=idle
2026-05-15 02:28:33,561 [INFO] tick jst=2026-05-15 02:28 paper_window=no issue_bot=ok paper_trade=idle
2026-05-15 02:33:33,566 [INFO] tick jst=2026-05-15 02:33 paper_window=no issue_bot=ok paper_trade=idle
2026-05-15 02:38:33,571 [INFO] tick jst=2026-05-15 02:38 paper_window=no issue_bot=ok paper_trade=idle
2026-05-15 02:43:33,578 [INFO] tick jst=2026-05-15 02:43 paper_window=no issue_bot=ok paper_trade=idle
2026-05-15 02:48:33,584 [INFO] tick jst=2026-05-15 02:48 paper_window=no issue_bot=ok paper_trade=idle
2026-05-15 02:53:33,590 [INFO] tick jst=2026-05-15 02:53 paper_window=no issue_bot=ok paper_trade=idle
2026-05-15 02:58:33,595 [INFO] tick jst=2026-05-15 02:58 paper_window=no issue_bot=ok paper_trade=idle
2026-05-15 03:03:33,601 [INFO] tick jst=2026-05-15 03:03 paper_window=no issue_bot=ok paper_trade=idle
2026-05-15 03:08:33,606 [INFO] tick jst=2026-05-15 03:08 paper_window=no issue_bot=ok paper_trade=idle
2026-05-15 03:13:33,611 [INFO] tick jst=2026-05-15 03:13 paper_window=no issue_bot=ok paper_trade=idle
2026-05-15 03:18:33,616 [INFO] tick jst=2026-05-15 03:18 paper_window=no issue_bot=ok paper_trade=idle
2026-05-15 03:23:33,621 [INFO] tick jst=2026-05-15 03:23 paper_window=no issue_bot=ok paper_trade=idle
2026-05-15 03:28:33,626 [INFO] tick jst=2026-05-15 03:28 paper_window=no issue_bot=ok paper_trade=idle
2026-05-15 03:33:33,631 [INFO] tick jst=2026-05-15 03:33 paper_window=no issue_bot=ok paper_trade=idle
2026-05-15 03:38:33,636 [INFO] tick jst=2026-05-15 03:38 paper_window=no issue_bot=ok paper_trade=idle
2026-05-15 03:43:33,641 [INFO] tick jst=2026-05-15 03:43 paper_window=no issue_bot=ok paper_trade=idle
2026-05-15 03:48:33,647 [INFO] tick jst=2026-05-15 03:48 paper_window=no issue_bot=ok paper_trade=idle
2026-05-15 03:53:33,651 [INFO] tick jst=2026-05-15 03:53 paper_window=no issue_bot=ok paper_trade=idle
2026-05-15 03:58:33,656 [INFO] tick jst=2026-05-15 03:58 paper_window=no issue_bot=ok paper_trade=idle
2026-05-15 04:03:33,662 [INFO] tick jst=2026-05-15 04:03 paper_window=no issue_bot=ok paper_trade=idle
2026-05-15 04:08:33,668 [INFO] tick jst=2026-05-15 04:08 paper_window=no issue_bot=ok paper_trade=idle
2026-05-15 04:13:33,672 [INFO] tick jst=2026-05-15 04:13 paper_window=no issue_bot=ok paper_trade=idle
2026-05-15 04:18:33,678 [INFO] tick jst=2026-05-15 04:18 paper_window=no issue_bot=ok paper_trade=idle
2026-05-15 04:23:33,682 [INFO] tick jst=2026-05-15 04:23 paper_window=no issue_bot=ok paper_trade=idle
2026-05-15 04:28:33,688 [INFO] tick jst=2026-05-15 04:28 paper_window=no issue_bot=ok paper_trade=idle
2026-05-15 04:33:33,694 [INFO] tick jst=2026-05-15 04:33 paper_window=no issue_bot=ok paper_trade=idle
2026-05-15 04:38:33,700 [INFO] tick jst=2026-05-15 04:38 paper_window=no issue_bot=ok paper_trade=idle
2026-05-15 04:43:33,705 [INFO] tick jst=2026-05-15 04:43 paper_window=no issue_bot=ok paper_trade=idle
2026-05-15 04:48:33,711 [INFO] tick jst=2026-05-15 04:48 paper_window=no issue_bot=ok paper_trade=idle
2026-05-15 04:53:33,717 [INFO] tick jst=2026-05-15 04:53 paper_window=no issue_bot=ok paper_trade=idle
2026-05-15 04:58:33,723 [INFO] tick jst=2026-05-15 04:58 paper_window=no issue_bot=ok paper_trade=idle
2026-05-15 05:03:33,728 [INFO] tick jst=2026-05-15 05:03 paper_window=no issue_bot=ok paper_trade=idle
2026-05-15 05:08:33,733 [INFO] tick jst=2026-05-15 05:08 paper_window=no issue_bot=ok paper_trade=idle
2026-05-15 05:13:33,740 [INFO] tick jst=2026-05-15 05:13 paper_window=no issue_bot=ok paper_trade=idle
2026-05-15 05:18:33,749 [INFO] tick jst=2026-05-15 05:18 paper_window=no issue_bot=ok paper_trade=idle
2026-05-15 05:23:33,758 [INFO] tick jst=2026-05-15 05:23 paper_window=no issue_bot=ok paper_trade=idle
2026-05-15 05:28:33,766 [INFO] tick jst=2026-05-15 05:28 paper_window=no issue_bot=ok paper_trade=idle
2026-05-15 05:33:33,775 [INFO] tick jst=2026-05-15 05:33 paper_window=no issue_bot=ok paper_trade=idle
2026-05-15 05:38:33,784 [INFO] tick jst=2026-05-15 05:38 paper_window=no issue_bot=ok paper_trade=idle
2026-05-15 05:43:33,793 [INFO] tick jst=2026-05-15 05:43 paper_window=no issue_bot=ok paper_trade=idle
2026-05-15 05:48:33,802 [INFO] tick jst=2026-05-15 05:48 paper_window=no issue_bot=ok paper_trade=idle
2026-05-15 05:53:33,811 [INFO] tick jst=2026-05-15 05:53 paper_window=no issue_bot=ok paper_trade=idle
2026-05-15 05:58:33,820 [INFO] tick jst=2026-05-15 05:58 paper_window=no issue_bot=ok paper_trade=idle
2026-05-15 06:03:33,829 [INFO] tick jst=2026-05-15 06:03 paper_window=no issue_bot=ok paper_trade=idle
2026-05-15 06:08:33,837 [INFO] tick jst=2026-05-15 06:08 paper_window=no issue_bot=ok paper_trade=idle
2026-05-15 06:13:33,845 [INFO] tick jst=2026-05-15 06:13 paper_window=no issue_bot=ok paper_trade=idle
2026-05-15 06:18:33,850 [INFO] tick jst=2026-05-15 06:18 paper_window=no issue_bot=ok paper_trade=idle
2026-05-15 06:23:33,854 [INFO] tick jst=2026-05-15 06:23 paper_window=no issue_bot=ok paper_trade=idle
2026-05-15 06:28:33,859 [INFO] tick jst=2026-05-15 06:28 paper_window=no issue_bot=ok paper_trade=idle
2026-05-15 06:33:33,864 [INFO] tick jst=2026-05-15 06:33 paper_window=no issue_bot=ok paper_trade=idle
2026-05-15 06:38:33,869 [INFO] tick jst=2026-05-15 06:38 paper_window=no issue_bot=ok paper_trade=idle
2026-05-15 06:43:33,873 [INFO] tick jst=2026-05-15 06:43 paper_window=no issue_bot=ok paper_trade=idle
2026-05-15 06:48:33,878 [INFO] tick jst=2026-05-15 06:48 paper_window=no issue_bot=ok paper_trade=idle
2026-05-15 06:53:33,882 [INFO] tick jst=2026-05-15 06:53 paper_window=no issue_bot=ok paper_trade=idle
2026-05-15 06:58:33,887 [INFO] tick jst=2026-05-15 06:58 paper_window=no issue_bot=ok paper_trade=idle
2026-05-15 07:03:33,892 [INFO] tick jst=2026-05-15 07:03 paper_window=no issue_bot=ok paper_trade=idle
2026-05-15 07:08:33,897 [INFO] tick jst=2026-05-15 07:08 paper_window=no issue_bot=ok paper_trade=idle
2026-05-15 07:13:33,902 [INFO] tick jst=2026-05-15 07:13 paper_window=no issue_bot=ok paper_trade=idle
2026-05-15 07:18:33,906 [INFO] tick jst=2026-05-15 07:18 paper_window=no issue_bot=ok paper_trade=idle
2026-05-15 07:23:33,911 [INFO] tick jst=2026-05-15 07:23 paper_window=no issue_bot=ok paper_trade=idle
2026-05-15 07:28:33,915 [INFO] tick jst=2026-05-15 07:28 paper_window=no issue_bot=ok paper_trade=idle
2026-05-15 07:33:33,920 [INFO] tick jst=2026-05-15 07:33 paper_window=no issue_bot=ok paper_trade=idle
2026-05-15 07:38:33,925 [INFO] tick jst=2026-05-15 07:38 paper_window=no issue_bot=ok paper_trade=idle
2026-05-15 07:43:33,929 [INFO] tick jst=2026-05-15 07:43 paper_window=no issue_bot=ok paper_trade=idle
2026-05-15 07:48:33,933 [INFO] tick jst=2026-05-15 07:48 paper_window=no issue_bot=ok paper_trade=idle
2026-05-15 07:53:33,939 [INFO] tick jst=2026-05-15 07:53 paper_window=no issue_bot=ok paper_trade=idle
2026-05-15 07:58:33,944 [INFO] tick jst=2026-05-15 07:58 paper_window=no issue_bot=ok paper_trade=idle
2026-05-15 08:03:33,950 [INFO] tick jst=2026-05-15 08:03 paper_window=no issue_bot=ok paper_trade=idle
2026-05-15 08:08:33,955 [INFO] tick jst=2026-05-15 08:08 paper_window=no issue_bot=ok paper_trade=idle
2026-05-15 08:13:33,960 [INFO] tick jst=2026-05-15 08:13 paper_window=no issue_bot=ok paper_trade=idle
2026-05-15 08:18:33,966 [INFO] tick jst=2026-05-15 08:18 paper_window=no issue_bot=ok paper_trade=idle
2026-05-15 08:23:33,970 [INFO] tick jst=2026-05-15 08:23 paper_window=no issue_bot=ok paper_trade=idle
2026-05-15 08:28:33,976 [INFO] tick jst=2026-05-15 08:28 paper_window=no issue_bot=ok paper_trade=idle
2026-05-15 08:33:33,981 [INFO] tick jst=2026-05-15 08:33 paper_window=no issue_bot=ok paper_trade=idle
2026-05-15 08:38:33,987 [INFO] tick jst=2026-05-15 08:38 paper_window=no issue_bot=ok paper_trade=idle
2026-05-15 08:43:33,992 [INFO] tick jst=2026-05-15 08:43 paper_window=no issue_bot=ok paper_trade=idle
2026-05-15 08:48:33,999 [INFO] tick jst=2026-05-15 08:48 paper_window=yes issue_bot=ok paper_trade=ok
2026-05-15 08:53:34,005 [INFO] tick jst=2026-05-15 08:53 paper_window=yes issue_bot=ok paper_trade=ok
2026-05-15 08:58:34,011 [INFO] tick jst=2026-05-15 08:58 paper_window=yes issue_bot=ok paper_trade=ok
2026-05-15 09:03:34,016 [INFO] tick jst=2026-05-15 09:03 paper_window=yes issue_bot=ok paper_trade=ok
2026-05-15 09:08:34,023 [INFO] tick jst=2026-05-15 09:08 paper_window=yes issue_bot=ok paper_trade=ok
2026-05-15 09:13:34,030 [INFO] tick jst=2026-05-15 09:13 paper_window=yes issue_bot=ok paper_trade=ok
2026-05-15 09:18:34,035 [INFO] tick jst=2026-05-15 09:18 paper_window=yes issue_bot=ok paper_trade=ok
2026-05-15 09:23:34,042 [INFO] tick jst=2026-05-15 09:23 paper_window=yes issue_bot=ok paper_trade=ok
2026-05-15 09:28:34,049 [INFO] tick jst=2026-05-15 09:28 paper_window=yes issue_bot=ok paper_trade=ok
2026-05-15 09:33:34,054 [INFO] tick jst=2026-05-15 09:33 paper_window=yes issue_bot=ok paper_trade=ok
2026-05-15 09:38:34,059 [INFO] tick jst=2026-05-15 09:38 paper_window=yes issue_bot=ok paper_trade=ok
2026-05-15 09:43:34,065 [INFO] tick jst=2026-05-15 09:43 paper_window=yes issue_bot=ok paper_trade=ok
2026-05-15 09:48:34,073 [INFO] tick jst=2026-05-15 09:48 paper_window=yes issue_bot=ok paper_trade=ok
2026-05-15 09:53:34,081 [INFO] tick jst=2026-05-15 09:53 paper_window=yes issue_bot=ok paper_trade=ok
2026-05-15 09:58:34,090 [INFO] tick jst=2026-05-15 09:58 paper_window=yes issue_bot=ok paper_trade=ok
2026-05-15 10:03:34,099 [INFO] tick jst=2026-05-15 10:03 paper_window=yes issue_bot=ok paper_trade=ok
2026-05-15 10:08:34,107 [INFO] tick jst=2026-05-15 10:08 paper_window=yes issue_bot=ok paper_trade=ok
2026-05-15 10:13:34,115 [INFO] tick jst=2026-05-15 10:13 paper_window=yes issue_bot=ok paper_trade=ok
2026-05-15 10:18:34,124 [INFO] tick jst=2026-05-15 10:18 paper_window=yes issue_bot=ok paper_trade=ok
2026-05-15 10:23:34,135 [INFO] tick jst=2026-05-15 10:23 paper_window=yes issue_bot=ok paper_trade=ok
2026-05-15 10:28:34,144 [INFO] tick jst=2026-05-15 10:28 paper_window=yes issue_bot=ok paper_trade=ok
2026-05-15 10:33:34,153 [INFO] tick jst=2026-05-15 10:33 paper_window=yes issue_bot=ok paper_trade=ok
2026-05-15 10:38:34,163 [INFO] tick jst=2026-05-15 10:38 paper_window=yes issue_bot=ok paper_trade=ok
2026-05-15 10:43:34,173 [INFO] tick jst=2026-05-15 10:43 paper_window=yes issue_bot=ok paper_trade=ok
2026-05-15 10:48:34,182 [INFO] tick jst=2026-05-15 10:48 paper_window=yes issue_bot=ok paper_trade=ok
2026-05-15 10:53:34,188 [INFO] tick jst=2026-05-15 10:53 paper_window=yes issue_bot=ok paper_trade=ok
2026-05-15 10:58:34,193 [INFO] tick jst=2026-05-15 10:58 paper_window=yes issue_bot=ok paper_trade=ok
2026-05-15 11:03:34,199 [INFO] tick jst=2026-05-15 11:03 paper_window=yes issue_bot=ok paper_trade=ok
2026-05-15 11:08:34,206 [INFO] tick jst=2026-05-15 11:08 paper_window=yes issue_bot=ok paper_trade=ok
2026-05-15 11:13:34,211 [INFO] tick jst=2026-05-15 11:13 paper_window=yes issue_bot=ok paper_trade=ok
2026-05-15 11:18:34,216 [INFO] tick jst=2026-05-15 11:18 paper_window=yes issue_bot=ok paper_trade=ok
2026-05-15 11:23:34,222 [INFO] tick jst=2026-05-15 11:23 paper_window=yes issue_bot=ok paper_trade=ok
2026-05-15 11:28:34,228 [INFO] tick jst=2026-05-15 11:28 paper_window=yes issue_bot=ok paper_trade=ok
2026-05-15 11:33:34,233 [INFO] tick jst=2026-05-15 11:33 paper_window=yes issue_bot=ok paper_trade=ok
2026-05-15 11:38:34,239 [INFO] tick jst=2026-05-15 11:38 paper_window=yes issue_bot=ok paper_trade=ok
2026-05-15 11:43:34,243 [INFO] tick jst=2026-05-15 11:43 paper_window=yes issue_bot=ok paper_trade=ok
2026-05-15 11:48:34,249 [INFO] tick jst=2026-05-15 11:48 paper_window=yes issue_bot=ok paper_trade=ok
2026-05-15 11:53:34,254 [INFO] tick jst=2026-05-15 11:53 paper_window=yes issue_bot=ok paper_trade=ok
2026-05-15 11:58:34,259 [INFO] tick jst=2026-05-15 11:58 paper_window=yes issue_bot=ok paper_trade=ok
2026-05-15 12:03:34,265 [INFO] tick jst=2026-05-15 12:03 paper_window=yes issue_bot=ok paper_trade=ok
2026-05-15 12:08:34,270 [INFO] tick jst=2026-05-15 12:08 paper_window=yes issue_bot=ok paper_trade=ok
2026-05-15 12:13:34,275 [INFO] tick jst=2026-05-15 12:13 paper_window=yes issue_bot=ok paper_trade=ok
2026-05-15 12:18:34,280 [INFO] tick jst=2026-05-15 12:18 paper_window=yes issue_bot=ok paper_trade=ok
2026-05-15 12:23:34,285 [INFO] tick jst=2026-05-15 12:23 paper_window=yes issue_bot=ok paper_trade=ok
2026-05-15 12:28:34,291 [INFO] tick jst=2026-05-15 12:28 paper_window=yes issue_bot=ok paper_trade=ok
2026-05-15 12:33:34,296 [INFO] tick jst=2026-05-15 12:33 paper_window=yes issue_bot=ok paper_trade=ok
2026-05-15 12:38:34,303 [INFO] tick jst=2026-05-15 12:38 paper_window=yes issue_bot=ok paper_trade=ok
2026-05-15 12:43:34,309 [INFO] tick jst=2026-05-15 12:43 paper_window=yes issue_bot=ok paper_trade=ok
2026-05-15 12:48:34,315 [INFO] tick jst=2026-05-15 12:48 paper_window=yes issue_bot=ok paper_trade=ok
2026-05-15 12:53:34,320 [INFO] tick jst=2026-05-15 12:53 paper_window=yes issue_bot=ok paper_trade=ok
2026-05-15 12:58:34,324 [INFO] tick jst=2026-05-15 12:58 paper_window=yes issue_bot=ok paper_trade=ok
2026-05-15 13:03:34,329 [INFO] tick jst=2026-05-15 13:03 paper_window=yes issue_bot=ok paper_trade=ok
2026-05-15 13:08:34,334 [INFO] tick jst=2026-05-15 13:08 paper_window=yes issue_bot=ok paper_trade=ok
2026-05-15 13:13:34,338 [INFO] tick jst=2026-05-15 13:13 paper_window=yes issue_bot=ok paper_trade=ok
2026-05-15 13:18:34,343 [INFO] tick jst=2026-05-15 13:18 paper_window=yes issue_bot=ok paper_trade=ok
2026-05-15 13:23:34,349 [INFO] tick jst=2026-05-15 13:23 paper_window=yes issue_bot=ok paper_trade=ok
2026-05-15 13:28:34,356 [INFO] tick jst=2026-05-15 13:28 paper_window=yes issue_bot=ok paper_trade=ok
2026-05-15 13:33:34,360 [INFO] tick jst=2026-05-15 13:33 paper_window=yes issue_bot=ok paper_trade=ok
2026-05-15 13:38:34,366 [INFO] tick jst=2026-05-15 13:38 paper_window=yes issue_bot=ok paper_trade=ok
2026-05-15 13:43:34,371 [INFO] tick jst=2026-05-15 13:43 paper_window=yes issue_bot=ok paper_trade=ok
2026-05-15 13:48:34,378 [INFO] tick jst=2026-05-15 13:48 paper_window=yes issue_bot=ok paper_trade=ok
2026-05-15 13:53:34,388 [INFO] tick jst=2026-05-15 13:53 paper_window=yes issue_bot=ok paper_trade=ok
2026-05-15 13:58:34,393 [INFO] tick jst=2026-05-15 13:58 paper_window=yes issue_bot=ok paper_trade=ok
2026-05-15 14:03:34,398 [INFO] tick jst=2026-05-15 14:03 paper_window=yes issue_bot=ok paper_trade=ok
2026-05-15 14:08:34,403 [INFO] tick jst=2026-05-15 14:08 paper_window=yes issue_bot=ok paper_trade=ok
2026-05-15 14:13:34,407 [INFO] tick jst=2026-05-15 14:13 paper_window=yes issue_bot=ok paper_trade=ok
2026-05-15 14:18:34,412 [INFO] tick jst=2026-05-15 14:18 paper_window=yes issue_bot=ok paper_trade=ok
2026-05-15 14:23:34,420 [INFO] tick jst=2026-05-15 14:23 paper_window=yes issue_bot=ok paper_trade=ok
2026-05-15 14:28:34,427 [INFO] tick jst=2026-05-15 14:28 paper_window=yes issue_bot=ok paper_trade=ok
2026-05-15 14:33:34,435 [INFO] tick jst=2026-05-15 14:33 paper_window=yes issue_bot=ok paper_trade=ok
2026-05-15 14:38:34,443 [INFO] tick jst=2026-05-15 14:38 paper_window=yes issue_bot=ok paper_trade=ok
2026-05-15 14:43:34,451 [INFO] tick jst=2026-05-15 14:43 paper_window=yes issue_bot=ok paper_trade=ok
2026-05-15 14:48:34,459 [INFO] tick jst=2026-05-15 14:48 paper_window=yes issue_bot=ok paper_trade=ok
2026-05-15 14:53:34,466 [INFO] tick jst=2026-05-15 14:53 paper_window=yes issue_bot=ok paper_trade=ok
2026-05-15 14:58:34,475 [INFO] tick jst=2026-05-15 14:58 paper_window=yes issue_bot=ok paper_trade=ok
2026-05-15 15:03:34,483 [INFO] tick jst=2026-05-15 15:03 paper_window=yes issue_bot=ok paper_trade=ok
2026-05-15 15:08:34,491 [INFO] tick jst=2026-05-15 15:08 paper_window=yes issue_bot=ok paper_trade=ok
2026-05-15 15:13:34,499 [INFO] tick jst=2026-05-15 15:13 paper_window=yes issue_bot=ok paper_trade=ok
2026-05-15 15:18:34,506 [INFO] tick jst=2026-05-15 15:18 paper_window=yes issue_bot=ok paper_trade=ok
2026-05-15 15:23:34,512 [INFO] tick jst=2026-05-15 15:23 paper_window=yes issue_bot=ok paper_trade=ok
2026-05-15 15:28:34,516 [INFO] tick jst=2026-05-15 15:28 paper_window=yes issue_bot=ok paper_trade=ok
2026-05-15 15:33:34,521 [INFO] tick jst=2026-05-15 15:33 paper_window=yes issue_bot=ok paper_trade=ok
2026-05-15 15:38:34,525 [INFO] tick jst=2026-05-15 15:38 paper_window=yes issue_bot=ok paper_trade=ok
2026-05-15 15:43:34,529 [INFO] tick jst=2026-05-15 15:43 paper_window=no issue_bot=ok paper_trade=idle
2026-05-15 15:48:34,534 [INFO] tick jst=2026-05-15 15:48 paper_window=no issue_bot=ok paper_trade=idle
2026-05-15 15:53:34,538 [INFO] tick jst=2026-05-15 15:53 paper_window=no issue_bot=ok paper_trade=idle
2026-05-15 15:58:34,543 [INFO] tick jst=2026-05-15 15:58 paper_window=no issue_bot=ok paper_trade=idle
2026-05-15 16:03:34,547 [INFO] tick jst=2026-05-15 16:03 paper_window=no issue_bot=ok paper_trade=idle
2026-05-15 16:08:34,551 [INFO] tick jst=2026-05-15 16:08 paper_window=no issue_bot=ok paper_trade=idle
2026-05-15 16:13:34,556 [INFO] tick jst=2026-05-15 16:13 paper_window=no issue_bot=ok paper_trade=idle
2026-05-15 16:18:34,561 [INFO] tick jst=2026-05-15 16:18 paper_window=no issue_bot=ok paper_trade=idle
2026-05-15 16:23:34,565 [INFO] tick jst=2026-05-15 16:23 paper_window=no issue_bot=ok paper_trade=idle
2026-05-15 16:28:34,570 [INFO] tick jst=2026-05-15 16:28 paper_window=no issue_bot=ok paper_trade=idle
2026-05-15 16:33:34,574 [INFO] tick jst=2026-05-15 16:33 paper_window=no issue_bot=ok paper_trade=idle
2026-05-15 16:38:34,579 [INFO] tick jst=2026-05-15 16:38 paper_window=no issue_bot=ok paper_trade=idle
2026-05-15 16:43:34,583 [INFO] tick jst=2026-05-15 16:43 paper_window=no issue_bot=ok paper_trade=idle
2026-05-15 16:48:34,587 [INFO] tick jst=2026-05-15 16:48 paper_window=no issue_bot=ok paper_trade=idle
2026-05-15 16:53:34,591 [INFO] tick jst=2026-05-15 16:53 paper_window=no issue_bot=ok paper_trade=idle
2026-05-15 16:58:34,595 [INFO] tick jst=2026-05-15 16:58 paper_window=no issue_bot=ok paper_trade=idle
2026-05-15 17:03:34,600 [INFO] tick jst=2026-05-15 17:03 paper_window=no issue_bot=ok paper_trade=idle
2026-05-15 17:08:34,604 [INFO] tick jst=2026-05-15 17:08 paper_window=no issue_bot=ok paper_trade=idle
2026-05-15 17:13:34,609 [INFO] tick jst=2026-05-15 17:13 paper_window=no issue_bot=ok paper_trade=idle
2026-05-15 17:18:34,613 [INFO] tick jst=2026-05-15 17:18 paper_window=no issue_bot=ok paper_trade=idle
2026-05-15 17:23:34,618 [INFO] tick jst=2026-05-15 17:23 paper_window=no issue_bot=ok paper_trade=idle
2026-05-15 17:28:34,622 [INFO] tick jst=2026-05-15 17:28 paper_window=no issue_bot=ok paper_trade=idle
2026-05-15 17:33:34,626 [INFO] tick jst=2026-05-15 17:33 paper_window=no issue_bot=ok paper_trade=idle
2026-05-15 17:38:34,631 [INFO] tick jst=2026-05-15 17:38 paper_window=no issue_bot=ok paper_trade=idle
2026-05-15 17:43:34,635 [INFO] tick jst=2026-05-15 17:43 paper_window=no issue_bot=ok paper_trade=idle
2026-05-15 17:48:34,640 [INFO] tick jst=2026-05-15 17:48 paper_window=no issue_bot=ok paper_trade=idle
2026-05-15 17:53:34,644 [INFO] tick jst=2026-05-15 17:53 paper_window=no issue_bot=ok paper_trade=idle
2026-05-15 17:58:34,648 [INFO] tick jst=2026-05-15 17:58 paper_window=no issue_bot=ok paper_trade=idle
2026-05-15 18:03:34,653 [INFO] tick jst=2026-05-15 18:03 paper_window=no issue_bot=ok paper_trade=idle
2026-05-15 18:08:34,657 [INFO] tick jst=2026-05-15 18:08 paper_window=no issue_bot=ok paper_trade=idle
2026-05-15 18:13:34,662 [INFO] tick jst=2026-05-15 18:13 paper_window=no issue_bot=ok paper_trade=idle
2026-05-15 18:18:34,666 [INFO] tick jst=2026-05-15 18:18 paper_window=no issue_bot=ok paper_trade=idle
2026-05-15 18:23:34,670 [INFO] tick jst=2026-05-15 18:23 paper_window=no issue_bot=ok paper_trade=idle
2026-05-15 18:28:34,674 [INFO] tick jst=2026-05-15 18:28 paper_window=no issue_bot=ok paper_trade=idle
2026-05-15 18:33:34,679 [INFO] tick jst=2026-05-15 18:33 paper_window=no issue_bot=ok paper_trade=idle
2026-05-15 18:38:34,684 [INFO] tick jst=2026-05-15 18:38 paper_window=no issue_bot=ok paper_trade=idle
2026-05-15 18:43:34,689 [INFO] tick jst=2026-05-15 18:43 paper_window=no issue_bot=ok paper_trade=idle
2026-05-15 18:48:34,694 [INFO] tick jst=2026-05-15 18:48 paper_window=no issue_bot=ok paper_trade=idle
2026-05-15 18:53:34,700 [INFO] tick jst=2026-05-15 18:53 paper_window=no issue_bot=ok paper_trade=idle
2026-05-15 18:58:34,709 [INFO] tick jst=2026-05-15 18:58 paper_window=no issue_bot=ok paper_trade=idle
2026-05-15 19:03:34,718 [INFO] tick jst=2026-05-15 19:03 paper_window=no issue_bot=ok paper_trade=idle
2026-05-15 19:08:34,727 [INFO] tick jst=2026-05-15 19:08 paper_window=no issue_bot=ok paper_trade=idle
2026-05-15 19:13:34,736 [INFO] tick jst=2026-05-15 19:13 paper_window=no issue_bot=ok paper_trade=idle
2026-05-15 19:18:34,745 [INFO] tick jst=2026-05-15 19:18 paper_window=no issue_bot=ok paper_trade=idle
2026-05-15 19:23:34,754 [INFO] tick jst=2026-05-15 19:23 paper_window=no issue_bot=ok paper_trade=idle
2026-05-15 19:28:34,764 [INFO] tick jst=2026-05-15 19:28 paper_window=no issue_bot=ok paper_trade=idle
2026-05-15 19:33:34,774 [INFO] tick jst=2026-05-15 19:33 paper_window=no issue_bot=ok paper_trade=idle
2026-05-15 19:38:34,783 [INFO] tick jst=2026-05-15 19:38 paper_window=no issue_bot=ok paper_trade=idle
2026-05-15 19:43:34,792 [INFO] tick jst=2026-05-15 19:43 paper_window=no issue_bot=ok paper_trade=idle
2026-05-15 19:48:34,802 [INFO] tick jst=2026-05-15 19:48 paper_window=no issue_bot=ok paper_trade=idle
2026-05-15 19:53:34,811 [INFO] tick jst=2026-05-15 19:53 paper_window=no issue_bot=ok paper_trade=idle
2026-05-15 19:58:34,816 [INFO] tick jst=2026-05-15 19:58 paper_window=no issue_bot=ok paper_trade=idle
2026-05-15 20:03:34,821 [INFO] tick jst=2026-05-15 20:03 paper_window=no issue_bot=ok paper_trade=idle
2026-05-15 20:08:34,827 [INFO] tick jst=2026-05-15 20:08 paper_window=no issue_bot=ok paper_trade=idle
2026-05-15 20:13:34,831 [INFO] tick jst=2026-05-15 20:13 paper_window=no issue_bot=ok paper_trade=idle
2026-05-15 20:18:34,835 [INFO] tick jst=2026-05-15 20:18 paper_window=no issue_bot=ok paper_trade=idle
2026-05-15 20:23:34,840 [INFO] tick jst=2026-05-15 20:23 paper_window=no issue_bot=ok paper_trade=idle
2026-05-15 20:28:34,844 [INFO] tick jst=2026-05-15 20:28 paper_window=no issue_bot=ok paper_trade=idle
2026-05-15 20:33:34,849 [INFO] tick jst=2026-05-15 20:33 paper_window=no issue_bot=ok paper_trade=idle
2026-05-15 20:38:34,854 [INFO] tick jst=2026-05-15 20:38 paper_window=no issue_bot=ok paper_trade=idle
2026-05-15 20:43:34,859 [INFO] tick jst=2026-05-15 20:43 paper_window=no issue_bot=ok paper_trade=idle
2026-05-15 20:48:34,863 [INFO] tick jst=2026-05-15 20:48 paper_window=no issue_bot=ok paper_trade=idle
2026-05-15 20:53:34,868 [INFO] tick jst=2026-05-15 20:53 paper_window=no issue_bot=ok paper_trade=idle
2026-05-15 20:58:34,872 [INFO] tick jst=2026-05-15 20:58 paper_window=no issue_bot=ok paper_trade=idle
2026-05-15 21:03:34,877 [INFO] tick jst=2026-05-15 21:03 paper_window=no issue_bot=ok paper_trade=idle
2026-05-15 21:08:34,882 [INFO] tick jst=2026-05-15 21:08 paper_window=no issue_bot=ok paper_trade=idle
2026-05-15 21:13:34,886 [INFO] tick jst=2026-05-15 21:13 paper_window=no issue_bot=ok paper_trade=idle
2026-05-15 21:18:34,892 [INFO] tick jst=2026-05-15 21:18 paper_window=no issue_bot=ok paper_trade=idle
2026-05-15 21:23:34,897 [INFO] tick jst=2026-05-15 21:23 paper_window=no issue_bot=ok paper_trade=idle
2026-05-15 21:28:34,901 [INFO] tick jst=2026-05-15 21:28 paper_window=no issue_bot=ok paper_trade=idle
2026-05-15 21:33:34,906 [INFO] tick jst=2026-05-15 21:33 paper_window=no issue_bot=ok paper_trade=idle
2026-05-15 21:38:34,910 [INFO] tick jst=2026-05-15 21:38 paper_window=no issue_bot=ok paper_trade=idle
2026-05-15 21:43:34,915 [INFO] tick jst=2026-05-15 21:43 paper_window=no issue_bot=ok paper_trade=idle
2026-05-15 21:48:34,921 [INFO] tick jst=2026-05-15 21:48 paper_window=no issue_bot=ok paper_trade=idle
2026-05-15 21:53:34,926 [INFO] tick jst=2026-05-15 21:53 paper_window=no issue_bot=ok paper_trade=idle
2026-05-15 21:58:34,931 [INFO] tick jst=2026-05-15 21:58 paper_window=no issue_bot=ok paper_trade=idle
2026-05-15 22:03:34,936 [INFO] tick jst=2026-05-15 22:03 paper_window=no issue_bot=ok paper_trade=idle
2026-05-15 22:08:34,941 [INFO] tick jst=2026-05-15 22:08 paper_window=no issue_bot=ok paper_trade=idle
2026-05-15 22:13:34,946 [INFO] tick jst=2026-05-15 22:13 paper_window=no issue_bot=ok paper_trade=idle
2026-05-15 22:18:34,952 [INFO] tick jst=2026-05-15 22:18 paper_window=no issue_bot=ok paper_trade=idle
2026-05-15 22:23:34,956 [INFO] tick jst=2026-05-15 22:23 paper_window=no issue_bot=ok paper_trade=idle
2026-05-15 22:28:34,963 [INFO] tick jst=2026-05-15 22:28 paper_window=no issue_bot=ok paper_trade=idle
2026-05-15 22:33:34,967 [INFO] tick jst=2026-05-15 22:33 paper_window=no issue_bot=ok paper_trade=idle
2026-05-15 22:38:34,972 [INFO] tick jst=2026-05-15 22:38 paper_window=no issue_bot=ok paper_trade=idle
2026-05-15 22:43:34,977 [INFO] tick jst=2026-05-15 22:43 paper_window=no issue_bot=ok paper_trade=idle
2026-05-15 22:48:34,982 [INFO] tick jst=2026-05-15 22:48 paper_window=no issue_bot=ok paper_trade=idle
2026-05-15 22:53:34,987 [INFO] tick jst=2026-05-15 22:53 paper_window=no issue_bot=ok paper_trade=idle
2026-05-15 22:58:34,992 [INFO] tick jst=2026-05-15 22:58 paper_window=no issue_bot=ok paper_trade=idle
2026-05-15 23:03:34,996 [INFO] tick jst=2026-05-15 23:03 paper_window=no issue_bot=ok paper_trade=idle
2026-05-15 23:08:35,001 [INFO] tick jst=2026-05-15 23:08 paper_window=no issue_bot=ok paper_trade=idle
2026-05-15 23:13:35,006 [INFO] tick jst=2026-05-15 23:13 paper_window=no issue_bot=ok paper_trade=idle
2026-05-15 23:18:35,010 [INFO] tick jst=2026-05-15 23:18 paper_window=no issue_bot=ok paper_trade=idle
2026-05-15 23:23:35,015 [INFO] tick jst=2026-05-15 23:23 paper_window=no issue_bot=ok paper_trade=idle
2026-05-15 23:28:35,022 [INFO] tick jst=2026-05-15 23:28 paper_window=no issue_bot=ok paper_trade=idle
2026-05-15 23:33:35,031 [INFO] tick jst=2026-05-15 23:33 paper_window=no issue_bot=ok paper_trade=idle
2026-05-15 23:38:35,040 [INFO] tick jst=2026-05-15 23:38 paper_window=no issue_bot=ok paper_trade=idle
2026-05-15 23:43:35,051 [INFO] tick jst=2026-05-15 23:43 paper_window=no issue_bot=ok paper_trade=idle
2026-05-15 23:48:35,059 [INFO] tick jst=2026-05-15 23:48 paper_window=no issue_bot=ok paper_trade=idle
2026-05-15 23:53:35,067 [INFO] tick jst=2026-05-15 23:53 paper_window=no issue_bot=ok paper_trade=idle
2026-05-15 23:58:35,076 [INFO] tick jst=2026-05-15 23:58 paper_window=no issue_bot=ok paper_trade=idle
2026-05-16 00:03:35,085 [INFO] tick jst=2026-05-16 00:03 paper_window=no issue_bot=ok paper_trade=idle
2026-05-16 00:08:35,093 [INFO] tick jst=2026-05-16 00:08 paper_window=no issue_bot=ok paper_trade=idle
2026-05-16 00:13:35,102 [INFO] tick jst=2026-05-16 00:13 paper_window=no issue_bot=ok paper_trade=idle
2026-05-16 00:18:35,111 [INFO] tick jst=2026-05-16 00:18 paper_window=no issue_bot=ok paper_trade=idle
2026-05-16 00:23:35,119 [INFO] tick jst=2026-05-16 00:23 paper_window=no issue_bot=ok paper_trade=idle
2026-05-16 00:28:35,125 [INFO] tick jst=2026-05-16 00:28 paper_window=no issue_bot=ok paper_trade=idle
2026-05-16 00:33:35,130 [INFO] tick jst=2026-05-16 00:33 paper_window=no issue_bot=ok paper_trade=idle
2026-05-16 00:38:35,134 [INFO] tick jst=2026-05-16 00:38 paper_window=no issue_bot=ok paper_trade=idle
2026-05-16 00:43:35,140 [INFO] tick jst=2026-05-16 00:43 paper_window=no issue_bot=ok paper_trade=idle
2026-05-16 00:48:35,146 [INFO] tick jst=2026-05-16 00:48 paper_window=no issue_bot=ok paper_trade=idle
2026-05-16 00:53:35,152 [INFO] tick jst=2026-05-16 00:53 paper_window=no issue_bot=ok paper_trade=idle
2026-05-16 00:58:35,157 [INFO] tick jst=2026-05-16 00:58 paper_window=no issue_bot=ok paper_trade=idle
2026-05-16 01:03:35,162 [INFO] tick jst=2026-05-16 01:03 paper_window=no issue_bot=ok paper_trade=idle
2026-05-16 01:08:35,167 [INFO] tick jst=2026-05-16 01:08 paper_window=no issue_bot=ok paper_trade=idle
2026-05-16 01:13:35,173 [INFO] tick jst=2026-05-16 01:13 paper_window=no issue_bot=ok paper_trade=idle
2026-05-16 01:18:35,177 [INFO] tick jst=2026-05-16 01:18 paper_window=no issue_bot=ok paper_trade=idle
2026-05-16 01:23:35,182 [INFO] tick jst=2026-05-16 01:23 paper_window=no issue_bot=ok paper_trade=idle
2026-05-16 01:28:35,187 [INFO] tick jst=2026-05-16 01:28 paper_window=no issue_bot=ok paper_trade=idle
2026-05-16 01:33:35,191 [INFO] tick jst=2026-05-16 01:33 paper_window=no issue_bot=ok paper_trade=idle
2026-05-16 01:38:35,198 [INFO] tick jst=2026-05-16 01:38 paper_window=no issue_bot=ok paper_trade=idle
2026-05-16 01:43:35,202 [INFO] tick jst=2026-05-16 01:43 paper_window=no issue_bot=ok paper_trade=idle
2026-05-16 01:48:35,208 [INFO] tick jst=2026-05-16 01:48 paper_window=no issue_bot=ok paper_trade=idle
2026-05-16 01:53:35,213 [INFO] tick jst=2026-05-16 01:53 paper_window=no issue_bot=ok paper_trade=idle
2026-05-16 01:58:35,219 [INFO] tick jst=2026-05-16 01:58 paper_window=no issue_bot=ok paper_trade=idle
2026-05-16 02:03:35,224 [INFO] tick jst=2026-05-16 02:03 paper_window=no issue_bot=ok paper_trade=idle
2026-05-16 02:08:35,229 [INFO] tick jst=2026-05-16 02:08 paper_window=no issue_bot=ok paper_trade=idle
2026-05-16 02:13:35,234 [INFO] tick jst=2026-05-16 02:13 paper_window=no issue_bot=ok paper_trade=idle
2026-05-16 02:18:35,239 [INFO] tick jst=2026-05-16 02:18 paper_window=no issue_bot=ok paper_trade=idle
2026-05-16 02:23:35,244 [INFO] tick jst=2026-05-16 02:23 paper_window=no issue_bot=ok paper_trade=idle
2026-05-16 02:28:35,249 [INFO] tick jst=2026-05-16 02:28 paper_window=no issue_bot=ok paper_trade=idle
2026-05-16 02:33:35,254 [INFO] tick jst=2026-05-16 02:33 paper_window=no issue_bot=ok paper_trade=idle
2026-05-16 02:38:35,258 [INFO] tick jst=2026-05-16 02:38 paper_window=no issue_bot=ok paper_trade=idle
2026-05-16 02:43:35,263 [INFO] tick jst=2026-05-16 02:43 paper_window=no issue_bot=ok paper_trade=idle
2026-05-16 02:48:35,269 [INFO] tick jst=2026-05-16 02:48 paper_window=no issue_bot=ok paper_trade=idle
2026-05-16 02:53:35,273 [INFO] tick jst=2026-05-16 02:53 paper_window=no issue_bot=ok paper_trade=idle
2026-05-16 02:58:35,277 [INFO] tick jst=2026-05-16 02:58 paper_window=no issue_bot=ok paper_trade=idle
2026-05-16 03:03:35,282 [INFO] tick jst=2026-05-16 03:03 paper_window=no issue_bot=ok paper_trade=idle
2026-05-16 03:08:35,287 [INFO] tick jst=2026-05-16 03:08 paper_window=no issue_bot=ok paper_trade=idle
2026-05-16 03:13:35,291 [INFO] tick jst=2026-05-16 03:13 paper_window=no issue_bot=ok paper_trade=idle
2026-05-16 03:18:35,296 [INFO] tick jst=2026-05-16 03:18 paper_window=no issue_bot=ok paper_trade=idle
2026-05-16 03:23:35,301 [INFO] tick jst=2026-05-16 03:23 paper_window=no issue_bot=ok paper_trade=idle
2026-05-16 03:28:35,305 [INFO] tick jst=2026-05-16 03:28 paper_window=no issue_bot=ok paper_trade=idle
2026-05-16 03:33:35,310 [INFO] tick jst=2026-05-16 03:33 paper_window=no issue_bot=ok paper_trade=idle
2026-05-16 03:38:35,315 [INFO] tick jst=2026-05-16 03:38 paper_window=no issue_bot=ok paper_trade=idle
2026-05-16 03:43:35,320 [INFO] tick jst=2026-05-16 03:43 paper_window=no issue_bot=ok paper_trade=idle
2026-05-16 03:48:35,324 [INFO] tick jst=2026-05-16 03:48 paper_window=no issue_bot=ok paper_trade=idle
2026-05-16 03:53:35,330 [INFO] tick jst=2026-05-16 03:53 paper_window=no issue_bot=ok paper_trade=idle
2026-05-16 03:58:35,335 [INFO] tick jst=2026-05-16 03:58 paper_window=no issue_bot=ok paper_trade=idle
2026-05-16 04:03:35,343 [INFO] tick jst=2026-05-16 04:03 paper_window=no issue_bot=ok paper_trade=idle
2026-05-16 04:08:35,350 [INFO] tick jst=2026-05-16 04:08 paper_window=no issue_bot=ok paper_trade=idle
2026-05-16 04:13:35,357 [INFO] tick jst=2026-05-16 04:13 paper_window=no issue_bot=ok paper_trade=idle
2026-05-16 04:18:35,364 [INFO] tick jst=2026-05-16 04:18 paper_window=no issue_bot=ok paper_trade=idle
2026-05-16 04:23:35,372 [INFO] tick jst=2026-05-16 04:23 paper_window=no issue_bot=ok paper_trade=idle
2026-05-16 04:28:35,380 [INFO] tick jst=2026-05-16 04:28 paper_window=no issue_bot=ok paper_trade=idle
2026-05-16 04:33:35,395 [INFO] tick jst=2026-05-16 04:33 paper_window=no issue_bot=ok paper_trade=idle
2026-05-16 04:38:35,430 [INFO] tick jst=2026-05-16 04:38 paper_window=no issue_bot=ok paper_trade=idle
2026-05-16 04:43:35,473 [INFO] tick jst=2026-05-16 04:43 paper_window=no issue_bot=ok paper_trade=idle
2026-05-16 04:48:35,480 [INFO] tick jst=2026-05-16 04:48 paper_window=no issue_bot=ok paper_trade=idle
2026-05-16 04:53:35,487 [INFO] tick jst=2026-05-16 04:53 paper_window=no issue_bot=ok paper_trade=idle
2026-05-16 04:58:35,495 [INFO] tick jst=2026-05-16 04:58 paper_window=no issue_bot=ok paper_trade=idle
2026-05-16 05:03:35,537 [INFO] tick jst=2026-05-16 05:03 paper_window=no issue_bot=ok paper_trade=idle
2026-05-16 05:08:35,865 [WARNING] issue_bot: restart attempt (running=False bat=C:\Users\yhach\Documents\tradebotfile\scripts\start_issue_bot.bat cwd=C:\Users\yhach\Documents\tradebotfile)
2026-05-16 05:08:35,940 [INFO] spawned bat=start_issue_bot.bat abs=C:\Users\yhach\Documents\tradebotfile\scripts\start_issue_bot.bat cwd=C:\Users\yhach\Documents\tradebotfile child_pid=100480
2026-05-16 05:08:35,961 [INFO] issue_bot: start_issue_bot.bat spawn OK child_pid=100480
2026-05-16 05:08:40,078 [INFO] issue_bot: post-restart alive check after 4s running=False
2026-05-16 05:08:40,079 [INFO] [WATCHDOG] restarted issue_bot
2026-05-16 05:08:40,959 [INFO] tick jst=2026-05-16 05:08 paper_window=no issue_bot=restarted paper_trade=idle
2026-05-16 05:13:41,102 [INFO] tick jst=2026-05-16 05:13 paper_window=no issue_bot=ok paper_trade=idle
2026-05-16 05:18:41,115 [INFO] tick jst=2026-05-16 05:18 paper_window=no issue_bot=ok paper_trade=idle
2026-05-16 05:23:41,120 [WARNING] issue_bot: restart attempt (running=False bat=C:\Users\yhach\Documents\tradebotfile\scripts\start_issue_bot.bat cwd=C:\Users\yhach\Documents\tradebotfile)
2026-05-16 05:23:41,129 [INFO] spawned bat=start_issue_bot.bat abs=C:\Users\yhach\Documents\tradebotfile\scripts\start_issue_bot.bat cwd=C:\Users\yhach\Documents\tradebotfile child_pid=112992
2026-05-16 05:23:41,129 [INFO] issue_bot: start_issue_bot.bat spawn OK child_pid=112992
2026-05-16 05:23:45,130 [INFO] issue_bot: post-restart alive check after 4s running=True
2026-05-16 05:23:45,130 [INFO] [WATCHDOG] restarted issue_bot
2026-05-16 05:23:45,663 [INFO] tick jst=2026-05-16 05:23 paper_window=no issue_bot=restarted paper_trade=idle
2026-05-16 05:28:45,667 [INFO] tick jst=2026-05-16 05:28 paper_window=no issue_bot=ok paper_trade=idle
2026-05-16 05:33:45,672 [INFO] tick jst=2026-05-16 05:33 paper_window=no issue_bot=ok paper_trade=idle
2026-05-16 05:38:45,677 [INFO] tick jst=2026-05-16 05:38 paper_window=no issue_bot=ok paper_trade=idle
2026-05-16 05:43:45,682 [INFO] tick jst=2026-05-16 05:43 paper_window=no issue_bot=ok paper_trade=idle
2026-05-16 05:48:45,687 [INFO] tick jst=2026-05-16 05:48 paper_window=no issue_bot=ok paper_trade=idle
2026-05-16 05:53:45,691 [INFO] tick jst=2026-05-16 05:53 paper_window=no issue_bot=ok paper_trade=idle
2026-05-16 05:58:45,696 [INFO] tick jst=2026-05-16 05:58 paper_window=no issue_bot=ok paper_trade=idle
2026-05-16 06:03:45,704 [INFO] tick jst=2026-05-16 06:03 paper_window=no issue_bot=ok paper_trade=idle
2026-05-16 06:08:45,710 [INFO] tick jst=2026-05-16 06:08 paper_window=no issue_bot=ok paper_trade=idle
2026-05-16 06:13:45,714 [INFO] tick jst=2026-05-16 06:13 paper_window=no issue_bot=ok paper_trade=idle
2026-05-16 06:18:45,719 [INFO] tick jst=2026-05-16 06:18 paper_window=no issue_bot=ok paper_trade=idle
2026-05-16 06:23:45,724 [INFO] tick jst=2026-05-16 06:23 paper_window=no issue_bot=ok paper_trade=idle
2026-05-16 06:28:45,729 [INFO] tick jst=2026-05-16 06:28 paper_window=no issue_bot=ok paper_trade=idle
2026-05-16 06:33:45,735 [INFO] tick jst=2026-05-16 06:33 paper_window=no issue_bot=ok paper_trade=idle
2026-05-16 06:38:45,741 [INFO] tick jst=2026-05-16 06:38 paper_window=no issue_bot=ok paper_trade=idle
2026-05-16 06:43:45,746 [INFO] tick jst=2026-05-16 06:43 paper_window=no issue_bot=ok paper_trade=idle
2026-05-16 06:48:45,751 [INFO] tick jst=2026-05-16 06:48 paper_window=no issue_bot=ok paper_trade=idle
2026-05-16 06:53:45,756 [INFO] tick jst=2026-05-16 06:53 paper_window=no issue_bot=ok paper_trade=idle
2026-05-16 06:58:45,762 [INFO] tick jst=2026-05-16 06:58 paper_window=no issue_bot=ok paper_trade=idle
2026-05-16 07:03:45,767 [INFO] tick jst=2026-05-16 07:03 paper_window=no issue_bot=ok paper_trade=idle
2026-05-16 07:08:45,773 [INFO] tick jst=2026-05-16 07:08 paper_window=no issue_bot=ok paper_trade=idle
2026-05-16 07:13:45,779 [INFO] tick jst=2026-05-16 07:13 paper_window=no issue_bot=ok paper_trade=idle
2026-05-16 07:18:45,784 [INFO] tick jst=2026-05-16 07:18 paper_window=no issue_bot=ok paper_trade=idle
2026-05-16 07:23:45,790 [INFO] tick jst=2026-05-16 07:23 paper_window=no issue_bot=ok paper_trade=idle
2026-05-16 07:28:45,795 [INFO] tick jst=2026-05-16 07:28 paper_window=no issue_bot=ok paper_trade=idle
2026-05-16 07:33:45,800 [INFO] tick jst=2026-05-16 07:33 paper_window=no issue_bot=ok paper_trade=idle
2026-05-16 07:38:45,805 [INFO] tick jst=2026-05-16 07:38 paper_window=no issue_bot=ok paper_trade=idle
2026-05-16 07:43:45,809 [INFO] tick jst=2026-05-16 07:43 paper_window=no issue_bot=ok paper_trade=idle
2026-05-16 07:48:45,816 [INFO] tick jst=2026-05-16 07:48 paper_window=no issue_bot=ok paper_trade=idle
2026-05-16 07:53:45,822 [INFO] tick jst=2026-05-16 07:53 paper_window=no issue_bot=ok paper_trade=idle
2026-05-16 07:58:45,828 [INFO] tick jst=2026-05-16 07:58 paper_window=no issue_bot=ok paper_trade=idle
2026-05-16 08:03:45,834 [INFO] tick jst=2026-05-16 08:03 paper_window=no issue_bot=ok paper_trade=idle
2026-05-16 08:08:45,840 [INFO] tick jst=2026-05-16 08:08 paper_window=no issue_bot=ok paper_trade=idle
2026-05-16 08:13:45,847 [INFO] tick jst=2026-05-16 08:13 paper_window=no issue_bot=ok paper_trade=idle
2026-05-16 08:18:45,852 [INFO] tick jst=2026-05-16 08:18 paper_window=no issue_bot=ok paper_trade=idle
2026-05-16 08:23:45,859 [INFO] tick jst=2026-05-16 08:23 paper_window=no issue_bot=ok paper_trade=idle
2026-05-16 08:28:45,865 [INFO] tick jst=2026-05-16 08:28 paper_window=no issue_bot=ok paper_trade=idle
2026-05-16 08:33:45,872 [INFO] tick jst=2026-05-16 08:33 paper_window=no issue_bot=ok paper_trade=idle
2026-05-16 08:38:45,880 [INFO] tick jst=2026-05-16 08:38 paper_window=no issue_bot=ok paper_trade=idle
2026-05-16 08:43:45,887 [INFO] tick jst=2026-05-16 08:43 paper_window=no issue_bot=ok paper_trade=idle
2026-05-16 08:48:45,897 [INFO] tick jst=2026-05-16 08:48 paper_window=no issue_bot=ok paper_trade=idle
2026-05-16 08:53:45,905 [INFO] tick jst=2026-05-16 08:53 paper_window=no issue_bot=ok paper_trade=idle
2026-05-16 08:58:45,913 [INFO] tick jst=2026-05-16 08:58 paper_window=no issue_bot=ok paper_trade=idle
2026-05-16 09:03:45,921 [INFO] tick jst=2026-05-16 09:03 paper_window=no issue_bot=ok paper_trade=idle
2026-05-16 09:08:45,928 [INFO] tick jst=2026-05-16 09:08 paper_window=no issue_bot=ok paper_trade=idle
2026-05-16 09:13:45,936 [INFO] tick jst=2026-05-16 09:13 paper_window=no issue_bot=ok paper_trade=idle
2026-05-16 09:18:45,944 [INFO] tick jst=2026-05-16 09:18 paper_window=no issue_bot=ok paper_trade=idle
2026-05-16 09:23:45,952 [INFO] tick jst=2026-05-16 09:23 paper_window=no issue_bot=ok paper_trade=idle
2026-05-16 09:28:45,960 [INFO] tick jst=2026-05-16 09:28 paper_window=no issue_bot=ok paper_trade=idle
2026-05-16 09:33:45,967 [INFO] tick jst=2026-05-16 09:33 paper_window=no issue_bot=ok paper_trade=idle
2026-05-16 09:38:45,972 [INFO] tick jst=2026-05-16 09:38 paper_window=no issue_bot=ok paper_trade=idle
2026-05-16 09:43:45,978 [INFO] tick jst=2026-05-16 09:43 paper_window=no issue_bot=ok paper_trade=idle
2026-05-16 09:48:45,985 [INFO] tick jst=2026-05-16 09:48 paper_window=no issue_bot=ok paper_trade=idle
2026-05-16 09:53:45,993 [INFO] tick jst=2026-05-16 09:53 paper_window=no issue_bot=ok paper_trade=idle
2026-05-16 09:58:46,000 [INFO] tick jst=2026-05-16 09:58 paper_window=no issue_bot=ok paper_trade=idle
2026-05-16 10:03:46,005 [INFO] tick jst=2026-05-16 10:03 paper_window=no issue_bot=ok paper_trade=idle
2026-05-16 10:08:46,011 [INFO] tick jst=2026-05-16 10:08 paper_window=no issue_bot=ok paper_trade=idle
2026-05-16 10:13:46,017 [INFO] tick jst=2026-05-16 10:13 paper_window=no issue_bot=ok paper_trade=idle
2026-05-16 10:18:46,023 [INFO] tick jst=2026-05-16 10:18 paper_window=no issue_bot=ok paper_trade=idle
2026-05-16 10:23:46,029 [INFO] tick jst=2026-05-16 10:23 paper_window=no issue_bot=ok paper_trade=idle
2026-05-16 10:28:46,034 [INFO] tick jst=2026-05-16 10:28 paper_window=no issue_bot=ok paper_trade=idle
2026-05-16 10:33:46,041 [INFO] tick jst=2026-05-16 10:33 paper_window=no issue_bot=ok paper_trade=idle
2026-05-16 10:38:46,047 [INFO] tick jst=2026-05-16 10:38 paper_window=no issue_bot=ok paper_trade=idle
2026-05-16 10:43:46,053 [INFO] tick jst=2026-05-16 10:43 paper_window=no issue_bot=ok paper_trade=idle
2026-05-16 10:48:46,057 [INFO] tick jst=2026-05-16 10:48 paper_window=no issue_bot=ok paper_trade=idle
2026-05-16 10:53:46,064 [INFO] tick jst=2026-05-16 10:53 paper_window=no issue_bot=ok paper_trade=idle
2026-05-16 10:58:46,068 [INFO] tick jst=2026-05-16 10:58 paper_window=no issue_bot=ok paper_trade=idle
2026-05-16 11:03:46,074 [INFO] tick jst=2026-05-16 11:03 paper_window=no issue_bot=ok paper_trade=idle
2026-05-16 11:08:46,082 [INFO] tick jst=2026-05-16 11:08 paper_window=no issue_bot=ok paper_trade=idle
2026-05-16 11:13:46,089 [INFO] tick jst=2026-05-16 11:13 paper_window=no issue_bot=ok paper_trade=idle
2026-05-16 11:18:46,094 [INFO] tick jst=2026-05-16 11:18 paper_window=no issue_bot=ok paper_trade=idle
2026-05-16 11:23:46,101 [INFO] tick jst=2026-05-16 11:23 paper_window=no issue_bot=ok paper_trade=idle
2026-05-16 11:28:46,107 [INFO] tick jst=2026-05-16 11:28 paper_window=no issue_bot=ok paper_trade=idle
2026-05-16 11:33:46,112 [INFO] tick jst=2026-05-16 11:33 paper_window=no issue_bot=ok paper_trade=idle
2026-05-16 11:38:46,117 [INFO] tick jst=2026-05-16 11:38 paper_window=no issue_bot=ok paper_trade=idle
2026-05-16 11:43:46,122 [INFO] tick jst=2026-05-16 11:43 paper_window=no issue_bot=ok paper_trade=idle
2026-05-16 11:48:46,127 [INFO] tick jst=2026-05-16 11:48 paper_window=no issue_bot=ok paper_trade=idle
2026-05-16 11:53:46,132 [INFO] tick jst=2026-05-16 11:53 paper_window=no issue_bot=ok paper_trade=idle
2026-05-16 11:58:46,139 [INFO] tick jst=2026-05-16 11:58 paper_window=no issue_bot=ok paper_trade=idle
2026-05-16 12:03:46,147 [INFO] tick jst=2026-05-16 12:03 paper_window=no issue_bot=ok paper_trade=idle
2026-05-16 12:08:46,152 [INFO] tick jst=2026-05-16 12:08 paper_window=no issue_bot=ok paper_trade=idle
2026-05-16 12:13:46,158 [INFO] tick jst=2026-05-16 12:13 paper_window=no issue_bot=ok paper_trade=idle
2026-05-16 12:18:46,162 [INFO] tick jst=2026-05-16 12:18 paper_window=no issue_bot=ok paper_trade=idle
2026-05-16 12:23:46,168 [INFO] tick jst=2026-05-16 12:23 paper_window=no issue_bot=ok paper_trade=idle
2026-05-16 12:28:46,173 [INFO] tick jst=2026-05-16 12:28 paper_window=no issue_bot=ok paper_trade=idle
2026-05-16 12:33:46,179 [INFO] tick jst=2026-05-16 12:33 paper_window=no issue_bot=ok paper_trade=idle
2026-05-16 12:38:46,185 [INFO] tick jst=2026-05-16 12:38 paper_window=no issue_bot=ok paper_trade=idle
2026-05-16 12:43:46,190 [INFO] tick jst=2026-05-16 12:43 paper_window=no issue_bot=ok paper_trade=idle
2026-05-16 12:48:46,195 [INFO] tick jst=2026-05-16 12:48 paper_window=no issue_bot=ok paper_trade=idle
2026-05-16 12:53:46,200 [INFO] tick jst=2026-05-16 12:53 paper_window=no issue_bot=ok paper_trade=idle
2026-05-16 12:58:46,205 [INFO] tick jst=2026-05-16 12:58 paper_window=no issue_bot=ok paper_trade=idle
2026-05-16 13:03:46,210 [INFO] tick jst=2026-05-16 13:03 paper_window=no issue_bot=ok paper_trade=idle
2026-05-16 13:08:46,218 [INFO] tick jst=2026-05-16 13:08 paper_window=no issue_bot=ok paper_trade=idle
2026-05-16 13:13:46,226 [INFO] tick jst=2026-05-16 13:13 paper_window=no issue_bot=ok paper_trade=idle
2026-05-16 13:18:46,234 [INFO] tick jst=2026-05-16 13:18 paper_window=no issue_bot=ok paper_trade=idle
2026-05-16 13:23:46,243 [INFO] tick jst=2026-05-16 13:23 paper_window=no issue_bot=ok paper_trade=idle
2026-05-16 13:28:46,250 [INFO] tick jst=2026-05-16 13:28 paper_window=no issue_bot=ok paper_trade=idle
2026-05-16 13:33:46,259 [INFO] tick jst=2026-05-16 13:33 paper_window=no issue_bot=ok paper_trade=idle
2026-05-16 13:38:46,267 [INFO] tick jst=2026-05-16 13:38 paper_window=no issue_bot=ok paper_trade=idle
2026-05-16 13:43:46,275 [INFO] tick jst=2026-05-16 13:43 paper_window=no issue_bot=ok paper_trade=idle
2026-05-16 13:48:46,283 [INFO] tick jst=2026-05-16 13:48 paper_window=no issue_bot=ok paper_trade=idle
2026-05-16 13:53:46,291 [INFO] tick jst=2026-05-16 13:53 paper_window=no issue_bot=ok paper_trade=idle
2026-05-16 13:58:46,299 [INFO] tick jst=2026-05-16 13:58 paper_window=no issue_bot=ok paper_trade=idle
2026-05-16 14:03:46,307 [INFO] tick jst=2026-05-16 14:03 paper_window=no issue_bot=ok paper_trade=idle
2026-05-16 14:08:46,313 [INFO] tick jst=2026-05-16 14:08 paper_window=no issue_bot=ok paper_trade=idle
2026-05-16 14:13:46,319 [INFO] tick jst=2026-05-16 14:13 paper_window=no issue_bot=ok paper_trade=idle
2026-05-16 14:18:46,325 [INFO] tick jst=2026-05-16 14:18 paper_window=no issue_bot=ok paper_trade=idle
2026-05-16 14:23:46,331 [INFO] tick jst=2026-05-16 14:23 paper_window=no issue_bot=ok paper_trade=idle
2026-05-16 14:28:46,337 [INFO] tick jst=2026-05-16 14:28 paper_window=no issue_bot=ok paper_trade=idle
2026-05-16 14:33:46,343 [INFO] tick jst=2026-05-16 14:33 paper_window=no issue_bot=ok paper_trade=idle
2026-05-16 14:38:46,349 [INFO] tick jst=2026-05-16 14:38 paper_window=no issue_bot=ok paper_trade=idle
2026-05-16 14:43:46,354 [INFO] tick jst=2026-05-16 14:43 paper_window=no issue_bot=ok paper_trade=idle
2026-05-16 14:48:46,360 [INFO] tick jst=2026-05-16 14:48 paper_window=no issue_bot=ok paper_trade=idle
2026-05-16 14:53:46,367 [INFO] tick jst=2026-05-16 14:53 paper_window=no issue_bot=ok paper_trade=idle
2026-05-16 14:58:46,373 [INFO] tick jst=2026-05-16 14:58 paper_window=no issue_bot=ok paper_trade=idle
2026-05-16 15:03:46,379 [INFO] tick jst=2026-05-16 15:03 paper_window=no issue_bot=ok paper_trade=idle
2026-05-16 15:08:46,384 [INFO] tick jst=2026-05-16 15:08 paper_window=no issue_bot=ok paper_trade=idle
2026-05-16 15:13:46,390 [INFO] tick jst=2026-05-16 15:13 paper_window=no issue_bot=ok paper_trade=idle
2026-05-16 15:18:46,396 [INFO] tick jst=2026-05-16 15:18 paper_window=no issue_bot=ok paper_trade=idle
2026-05-16 15:23:46,403 [INFO] tick jst=2026-05-16 15:23 paper_window=no issue_bot=ok paper_trade=idle
2026-05-16 15:28:46,408 [INFO] tick jst=2026-05-16 15:28 paper_window=no issue_bot=ok paper_trade=idle
2026-05-16 15:33:46,413 [INFO] tick jst=2026-05-16 15:33 paper_window=no issue_bot=ok paper_trade=idle
2026-05-16 15:38:46,419 [INFO] tick jst=2026-05-16 15:38 paper_window=no issue_bot=ok paper_trade=idle
2026-05-16 15:43:46,425 [INFO] tick jst=2026-05-16 15:43 paper_window=no issue_bot=ok paper_trade=idle
2026-05-16 15:48:46,430 [INFO] tick jst=2026-05-16 15:48 paper_window=no issue_bot=ok paper_trade=idle
2026-05-16 15:53:46,436 [INFO] tick jst=2026-05-16 15:53 paper_window=no issue_bot=ok paper_trade=idle
2026-05-16 15:58:46,442 [INFO] tick jst=2026-05-16 15:58 paper_window=no issue_bot=ok paper_trade=idle
2026-05-16 16:03:46,446 [INFO] tick jst=2026-05-16 16:03 paper_window=no issue_bot=ok paper_trade=idle
2026-05-16 16:08:46,451 [INFO] tick jst=2026-05-16 16:08 paper_window=no issue_bot=ok paper_trade=idle
2026-05-16 16:13:46,455 [INFO] tick jst=2026-05-16 16:13 paper_window=no issue_bot=ok paper_trade=idle
2026-05-16 16:18:46,460 [INFO] tick jst=2026-05-16 16:18 paper_window=no issue_bot=ok paper_trade=idle
2026-05-16 16:23:46,466 [INFO] tick jst=2026-05-16 16:23 paper_window=no issue_bot=ok paper_trade=idle
2026-05-16 16:28:46,471 [INFO] tick jst=2026-05-16 16:28 paper_window=no issue_bot=ok paper_trade=idle
2026-05-16 16:33:46,477 [INFO] tick jst=2026-05-16 16:33 paper_window=no issue_bot=ok paper_trade=idle
2026-05-16 16:38:46,483 [INFO] tick jst=2026-05-16 16:38 paper_window=no issue_bot=ok paper_trade=idle
2026-05-16 16:43:46,489 [INFO] tick jst=2026-05-16 16:43 paper_window=no issue_bot=ok paper_trade=idle
2026-05-16 16:48:46,497 [INFO] tick jst=2026-05-16 16:48 paper_window=no issue_bot=ok paper_trade=idle
2026-05-16 16:53:46,503 [INFO] tick jst=2026-05-16 16:53 paper_window=no issue_bot=ok paper_trade=idle
2026-05-16 16:58:46,507 [INFO] tick jst=2026-05-16 16:58 paper_window=no issue_bot=ok paper_trade=idle
2026-05-16 17:03:46,513 [INFO] tick jst=2026-05-16 17:03 paper_window=no issue_bot=ok paper_trade=idle
2026-05-16 17:08:46,518 [INFO] tick jst=2026-05-16 17:08 paper_window=no issue_bot=ok paper_trade=idle
2026-05-16 17:13:46,523 [INFO] tick jst=2026-05-16 17:13 paper_window=no issue_bot=ok paper_trade=idle
2026-05-16 17:18:46,530 [INFO] tick jst=2026-05-16 17:18 paper_window=no issue_bot=ok paper_trade=idle
2026-05-16 17:23:46,536 [INFO] tick jst=2026-05-16 17:23 paper_window=no issue_bot=ok paper_trade=idle
2026-05-16 17:28:46,541 [INFO] tick jst=2026-05-16 17:28 paper_window=no issue_bot=ok paper_trade=idle
2026-05-16 17:33:46,547 [INFO] tick jst=2026-05-16 17:33 paper_window=no issue_bot=ok paper_trade=idle
2026-05-16 17:38:46,554 [INFO] tick jst=2026-05-16 17:38 paper_window=no issue_bot=ok paper_trade=idle
2026-05-16 17:43:46,563 [INFO] tick jst=2026-05-16 17:43 paper_window=no issue_bot=ok paper_trade=idle
2026-05-16 17:48:46,572 [INFO] tick jst=2026-05-16 17:48 paper_window=no issue_bot=ok paper_trade=idle
2026-05-16 17:53:46,581 [INFO] tick jst=2026-05-16 17:53 paper_window=no issue_bot=ok paper_trade=idle
2026-05-16 17:58:46,590 [INFO] tick jst=2026-05-16 17:58 paper_window=no issue_bot=ok paper_trade=idle
2026-05-16 18:03:46,600 [INFO] tick jst=2026-05-16 18:03 paper_window=no issue_bot=ok paper_trade=idle
2026-05-16 18:08:46,609 [INFO] tick jst=2026-05-16 18:08 paper_window=no issue_bot=ok paper_trade=idle
2026-05-16 18:13:46,618 [INFO] tick jst=2026-05-16 18:13 paper_window=no issue_bot=ok paper_trade=idle
2026-05-16 18:18:46,628 [INFO] tick jst=2026-05-16 18:18 paper_window=no issue_bot=ok paper_trade=idle
2026-05-16 18:23:46,637 [INFO] tick jst=2026-05-16 18:23 paper_window=no issue_bot=ok paper_trade=idle
2026-05-16 18:28:46,646 [INFO] tick jst=2026-05-16 18:28 paper_window=no issue_bot=ok paper_trade=idle
2026-05-16 18:33:46,655 [INFO] tick jst=2026-05-16 18:33 paper_window=no issue_bot=ok paper_trade=idle
2026-05-16 18:38:46,663 [INFO] tick jst=2026-05-16 18:38 paper_window=no issue_bot=ok paper_trade=idle
2026-05-16 18:43:46,669 [INFO] tick jst=2026-05-16 18:43 paper_window=no issue_bot=ok paper_trade=idle
2026-05-16 18:48:46,675 [INFO] tick jst=2026-05-16 18:48 paper_window=no issue_bot=ok paper_trade=idle
2026-05-16 18:53:46,680 [INFO] tick jst=2026-05-16 18:53 paper_window=no issue_bot=ok paper_trade=idle
2026-05-16 18:58:46,685 [INFO] tick jst=2026-05-16 18:58 paper_window=no issue_bot=ok paper_trade=idle
2026-05-16 19:03:46,691 [INFO] tick jst=2026-05-16 19:03 paper_window=no issue_bot=ok paper_trade=idle
2026-05-16 19:08:46,696 [INFO] tick jst=2026-05-16 19:08 paper_window=no issue_bot=ok paper_trade=idle
2026-05-16 19:13:46,703 [INFO] tick jst=2026-05-16 19:13 paper_window=no issue_bot=ok paper_trade=idle
2026-05-16 19:18:46,709 [INFO] tick jst=2026-05-16 19:18 paper_window=no issue_bot=ok paper_trade=idle
2026-05-16 19:23:46,715 [INFO] tick jst=2026-05-16 19:23 paper_window=no issue_bot=ok paper_trade=idle
2026-05-16 19:28:46,721 [INFO] tick jst=2026-05-16 19:28 paper_window=no issue_bot=ok paper_trade=idle
2026-05-16 19:33:46,726 [INFO] tick jst=2026-05-16 19:33 paper_window=no issue_bot=ok paper_trade=idle
2026-05-16 19:38:46,733 [INFO] tick jst=2026-05-16 19:38 paper_window=no issue_bot=ok paper_trade=idle
2026-05-16 19:43:46,738 [INFO] tick jst=2026-05-16 19:43 paper_window=no issue_bot=ok paper_trade=idle
2026-05-16 19:48:46,745 [INFO] tick jst=2026-05-16 19:48 paper_window=no issue_bot=ok paper_trade=idle
2026-05-16 19:53:46,752 [INFO] tick jst=2026-05-16 19:53 paper_window=no issue_bot=ok paper_trade=idle
2026-05-16 19:58:46,757 [INFO] tick jst=2026-05-16 19:58 paper_window=no issue_bot=ok paper_trade=idle
2026-05-16 20:03:46,764 [INFO] tick jst=2026-05-16 20:03 paper_window=no issue_bot=ok paper_trade=idle
2026-05-16 20:08:46,769 [INFO] tick jst=2026-05-16 20:08 paper_window=no issue_bot=ok paper_trade=idle
2026-05-16 20:13:46,776 [INFO] tick jst=2026-05-16 20:13 paper_window=no issue_bot=ok paper_trade=idle
2026-05-16 20:18:46,783 [INFO] tick jst=2026-05-16 20:18 paper_window=no issue_bot=ok paper_trade=idle
2026-05-16 20:23:46,789 [INFO] tick jst=2026-05-16 20:23 paper_window=no issue_bot=ok paper_trade=idle
2026-05-16 20:28:46,795 [INFO] tick jst=2026-05-16 20:28 paper_window=no issue_bot=ok paper_trade=idle
2026-05-16 20:33:46,800 [INFO] tick jst=2026-05-16 20:33 paper_window=no issue_bot=ok paper_trade=idle
2026-05-16 20:38:46,805 [INFO] tick jst=2026-05-16 20:38 paper_window=no issue_bot=ok paper_trade=idle
2026-05-16 20:43:46,812 [INFO] tick jst=2026-05-16 20:43 paper_window=no issue_bot=ok paper_trade=idle
2026-05-16 20:48:46,817 [INFO] tick jst=2026-05-16 20:48 paper_window=no issue_bot=ok paper_trade=idle
2026-05-16 20:53:46,823 [INFO] tick jst=2026-05-16 20:53 paper_window=no issue_bot=ok paper_trade=idle
2026-05-16 20:58:46,828 [INFO] tick jst=2026-05-16 20:58 paper_window=no issue_bot=ok paper_trade=idle
2026-05-16 21:03:46,834 [INFO] tick jst=2026-05-16 21:03 paper_window=no issue_bot=ok paper_trade=idle
2026-05-16 21:08:46,841 [INFO] tick jst=2026-05-16 21:08 paper_window=no issue_bot=ok paper_trade=idle
2026-05-16 21:13:46,846 [INFO] tick jst=2026-05-16 21:13 paper_window=no issue_bot=ok paper_trade=idle
2026-05-16 21:18:46,853 [INFO] tick jst=2026-05-16 21:18 paper_window=no issue_bot=ok paper_trade=idle
2026-05-16 21:23:46,860 [INFO] tick jst=2026-05-16 21:23 paper_window=no issue_bot=ok paper_trade=idle
2026-05-16 21:28:46,865 [INFO] tick jst=2026-05-16 21:28 paper_window=no issue_bot=ok paper_trade=idle
2026-05-16 21:33:46,870 [INFO] tick jst=2026-05-16 21:33 paper_window=no issue_bot=ok paper_trade=idle
2026-05-16 21:38:46,876 [INFO] tick jst=2026-05-16 21:38 paper_window=no issue_bot=ok paper_trade=idle
2026-05-16 21:43:46,881 [INFO] tick jst=2026-05-16 21:43 paper_window=no issue_bot=ok paper_trade=idle
2026-05-16 21:48:46,888 [INFO] tick jst=2026-05-16 21:48 paper_window=no issue_bot=ok paper_trade=idle
2026-05-16 21:53:46,893 [INFO] tick jst=2026-05-16 21:53 paper_window=no issue_bot=ok paper_trade=idle
2026-05-16 21:58:46,900 [INFO] tick jst=2026-05-16 21:58 paper_window=no issue_bot=ok paper_trade=idle
2026-05-16 22:03:46,907 [INFO] tick jst=2026-05-16 22:03 paper_window=no issue_bot=ok paper_trade=idle
2026-05-16 22:08:46,912 [INFO] tick jst=2026-05-16 22:08 paper_window=no issue_bot=ok paper_trade=idle
2026-05-16 22:13:46,921 [INFO] tick jst=2026-05-16 22:13 paper_window=no issue_bot=ok paper_trade=idle
2026-05-16 22:18:46,929 [INFO] tick jst=2026-05-16 22:18 paper_window=no issue_bot=ok paper_trade=idle
2026-05-16 22:23:46,938 [INFO] tick jst=2026-05-16 22:23 paper_window=no issue_bot=ok paper_trade=idle
2026-05-16 22:28:46,946 [INFO] tick jst=2026-05-16 22:28 paper_window=no issue_bot=ok paper_trade=idle
2026-05-16 22:33:46,954 [INFO] tick jst=2026-05-16 22:33 paper_window=no issue_bot=ok paper_trade=idle
2026-05-16 22:38:46,962 [INFO] tick jst=2026-05-16 22:38 paper_window=no issue_bot=ok paper_trade=idle
2026-05-16 22:43:46,970 [INFO] tick jst=2026-05-16 22:43 paper_window=no issue_bot=ok paper_trade=idle
2026-05-16 22:48:46,979 [INFO] tick jst=2026-05-16 22:48 paper_window=no issue_bot=ok paper_trade=idle
2026-05-16 22:53:46,988 [INFO] tick jst=2026-05-16 22:53 paper_window=no issue_bot=ok paper_trade=idle
2026-05-16 22:58:46,996 [INFO] tick jst=2026-05-16 22:58 paper_window=no issue_bot=ok paper_trade=idle
2026-05-16 23:03:47,005 [INFO] tick jst=2026-05-16 23:03 paper_window=no issue_bot=ok paper_trade=idle
2026-05-16 23:08:47,013 [INFO] tick jst=2026-05-16 23:08 paper_window=no issue_bot=ok paper_trade=idle
2026-05-16 23:13:47,020 [INFO] tick jst=2026-05-16 23:13 paper_window=no issue_bot=ok paper_trade=idle
2026-05-16 23:18:47,025 [INFO] tick jst=2026-05-16 23:18 paper_window=no issue_bot=ok paper_trade=idle
2026-05-16 23:23:47,031 [INFO] tick jst=2026-05-16 23:23 paper_window=no issue_bot=ok paper_trade=idle
2026-05-16 23:28:47,036 [INFO] tick jst=2026-05-16 23:28 paper_window=no issue_bot=ok paper_trade=idle
2026-05-16 23:33:47,041 [INFO] tick jst=2026-05-16 23:33 paper_window=no issue_bot=ok paper_trade=idle
2026-05-16 23:38:47,046 [INFO] tick jst=2026-05-16 23:38 paper_window=no issue_bot=ok paper_trade=idle
2026-05-16 23:43:47,052 [INFO] tick jst=2026-05-16 23:43 paper_window=no issue_bot=ok paper_trade=idle
2026-05-16 23:48:47,057 [INFO] tick jst=2026-05-16 23:48 paper_window=no issue_bot=ok paper_trade=idle
2026-05-16 23:53:47,064 [INFO] tick jst=2026-05-16 23:53 paper_window=no issue_bot=ok paper_trade=idle
2026-05-16 23:58:47,069 [INFO] tick jst=2026-05-16 23:58 paper_window=no issue_bot=ok paper_trade=idle
2026-05-17 00:03:47,075 [INFO] tick jst=2026-05-17 00:03 paper_window=no issue_bot=ok paper_trade=idle
2026-05-17 00:08:47,081 [INFO] tick jst=2026-05-17 00:08 paper_window=no issue_bot=ok paper_trade=idle
2026-05-17 00:13:47,086 [INFO] tick jst=2026-05-17 00:13 paper_window=no issue_bot=ok paper_trade=idle
2026-05-17 00:18:47,091 [INFO] tick jst=2026-05-17 00:18 paper_window=no issue_bot=ok paper_trade=idle
2026-05-17 00:23:47,097 [INFO] tick jst=2026-05-17 00:23 paper_window=no issue_bot=ok paper_trade=idle
2026-05-17 00:28:47,101 [INFO] tick jst=2026-05-17 00:28 paper_window=no issue_bot=ok paper_trade=idle
2026-05-17 00:33:47,106 [INFO] tick jst=2026-05-17 00:33 paper_window=no issue_bot=ok paper_trade=idle
2026-05-17 00:38:47,111 [INFO] tick jst=2026-05-17 00:38 paper_window=no issue_bot=ok paper_trade=idle
2026-05-17 00:43:47,115 [INFO] tick jst=2026-05-17 00:43 paper_window=no issue_bot=ok paper_trade=idle
2026-05-17 00:48:47,120 [INFO] tick jst=2026-05-17 00:48 paper_window=no issue_bot=ok paper_trade=idle
2026-05-17 00:53:47,125 [INFO] tick jst=2026-05-17 00:53 paper_window=no issue_bot=ok paper_trade=idle
2026-05-17 00:58:47,129 [INFO] tick jst=2026-05-17 00:58 paper_window=no issue_bot=ok paper_trade=idle
2026-05-17 01:03:47,134 [INFO] tick jst=2026-05-17 01:03 paper_window=no issue_bot=ok paper_trade=idle
2026-05-17 01:08:47,139 [INFO] tick jst=2026-05-17 01:08 paper_window=no issue_bot=ok paper_trade=idle
2026-05-17 01:13:47,146 [INFO] tick jst=2026-05-17 01:13 paper_window=no issue_bot=ok paper_trade=idle
2026-05-17 01:18:47,151 [INFO] tick jst=2026-05-17 01:18 paper_window=no issue_bot=ok paper_trade=idle
2026-05-17 01:23:47,155 [INFO] tick jst=2026-05-17 01:23 paper_window=no issue_bot=ok paper_trade=idle
2026-05-17 01:28:47,160 [INFO] tick jst=2026-05-17 01:28 paper_window=no issue_bot=ok paper_trade=idle
2026-05-17 01:33:47,165 [INFO] tick jst=2026-05-17 01:33 paper_window=no issue_bot=ok paper_trade=idle
2026-05-17 01:38:47,170 [INFO] tick jst=2026-05-17 01:38 paper_window=no issue_bot=ok paper_trade=idle
2026-05-17 01:43:47,174 [INFO] tick jst=2026-05-17 01:43 paper_window=no issue_bot=ok paper_trade=idle
2026-05-17 01:48:47,179 [INFO] tick jst=2026-05-17 01:48 paper_window=no issue_bot=ok paper_trade=idle
2026-05-17 01:53:47,185 [INFO] tick jst=2026-05-17 01:53 paper_window=no issue_bot=ok paper_trade=idle
2026-05-17 01:58:47,190 [INFO] tick jst=2026-05-17 01:58 paper_window=no issue_bot=ok paper_trade=idle
2026-05-17 02:03:47,195 [INFO] tick jst=2026-05-17 02:03 paper_window=no issue_bot=ok paper_trade=idle
2026-05-17 02:08:47,201 [INFO] tick jst=2026-05-17 02:08 paper_window=no issue_bot=ok paper_trade=idle
2026-05-17 02:13:47,208 [INFO] tick jst=2026-05-17 02:13 paper_window=no issue_bot=ok paper_trade=idle
2026-05-17 02:18:47,213 [INFO] tick jst=2026-05-17 02:18 paper_window=no issue_bot=ok paper_trade=idle
2026-05-17 02:23:47,218 [INFO] tick jst=2026-05-17 02:23 paper_window=no issue_bot=ok paper_trade=idle
2026-05-17 02:28:47,224 [INFO] tick jst=2026-05-17 02:28 paper_window=no issue_bot=ok paper_trade=idle
2026-05-17 02:33:47,228 [INFO] tick jst=2026-05-17 02:33 paper_window=no issue_bot=ok paper_trade=idle
2026-05-17 02:38:47,233 [INFO] tick jst=2026-05-17 02:38 paper_window=no issue_bot=ok paper_trade=idle
2026-05-17 02:43:47,238 [INFO] tick jst=2026-05-17 02:43 paper_window=no issue_bot=ok paper_trade=idle
2026-05-17 02:48:47,247 [INFO] tick jst=2026-05-17 02:48 paper_window=no issue_bot=ok paper_trade=idle
2026-05-17 02:53:47,254 [INFO] tick jst=2026-05-17 02:53 paper_window=no issue_bot=ok paper_trade=idle
2026-05-17 02:58:47,262 [INFO] tick jst=2026-05-17 02:58 paper_window=no issue_bot=ok paper_trade=idle
2026-05-17 03:03:47,268 [INFO] tick jst=2026-05-17 03:03 paper_window=no issue_bot=ok paper_trade=idle
2026-05-17 03:08:47,276 [INFO] tick jst=2026-05-17 03:08 paper_window=no issue_bot=ok paper_trade=idle
2026-05-17 03:13:47,283 [INFO] tick jst=2026-05-17 03:13 paper_window=no issue_bot=ok paper_trade=idle
2026-05-17 03:18:47,291 [INFO] tick jst=2026-05-17 03:18 paper_window=no issue_bot=ok paper_trade=idle
2026-05-17 03:23:47,299 [INFO] tick jst=2026-05-17 03:23 paper_window=no issue_bot=ok paper_trade=idle
2026-05-17 03:28:47,308 [INFO] tick jst=2026-05-17 03:28 paper_window=no issue_bot=ok paper_trade=idle
2026-05-17 03:33:47,317 [INFO] tick jst=2026-05-17 03:33 paper_window=no issue_bot=ok paper_trade=idle
2026-05-17 03:38:47,324 [INFO] tick jst=2026-05-17 03:38 paper_window=no issue_bot=ok paper_trade=idle
2026-05-17 03:43:47,333 [INFO] tick jst=2026-05-17 03:43 paper_window=no issue_bot=ok paper_trade=idle
2026-05-17 03:48:47,338 [INFO] tick jst=2026-05-17 03:48 paper_window=no issue_bot=ok paper_trade=idle
2026-05-17 03:53:47,343 [INFO] tick jst=2026-05-17 03:53 paper_window=no issue_bot=ok paper_trade=idle
2026-05-17 03:58:47,347 [INFO] tick jst=2026-05-17 03:58 paper_window=no issue_bot=ok paper_trade=idle
2026-05-17 04:03:47,352 [INFO] tick jst=2026-05-17 04:03 paper_window=no issue_bot=ok paper_trade=idle
2026-05-17 04:08:47,357 [INFO] tick jst=2026-05-17 04:08 paper_window=no issue_bot=ok paper_trade=idle
2026-05-17 04:13:47,362 [INFO] tick jst=2026-05-17 04:13 paper_window=no issue_bot=ok paper_trade=idle
2026-05-17 04:18:47,367 [INFO] tick jst=2026-05-17 04:18 paper_window=no issue_bot=ok paper_trade=idle
2026-05-17 04:23:47,373 [INFO] tick jst=2026-05-17 04:23 paper_window=no issue_bot=ok paper_trade=idle
2026-05-17 04:28:47,378 [INFO] tick jst=2026-05-17 04:28 paper_window=no issue_bot=ok paper_trade=idle
2026-05-17 04:33:47,386 [INFO] tick jst=2026-05-17 04:33 paper_window=no issue_bot=ok paper_trade=idle
2026-05-17 04:38:47,392 [INFO] tick jst=2026-05-17 04:38 paper_window=no issue_bot=ok paper_trade=idle
2026-05-17 04:43:47,400 [INFO] tick jst=2026-05-17 04:43 paper_window=no issue_bot=ok paper_trade=idle
2026-05-17 04:48:47,405 [INFO] tick jst=2026-05-17 04:48 paper_window=no issue_bot=ok paper_trade=idle
2026-05-17 04:53:47,410 [INFO] tick jst=2026-05-17 04:53 paper_window=no issue_bot=ok paper_trade=idle
2026-05-17 04:58:47,415 [INFO] tick jst=2026-05-17 04:58 paper_window=no issue_bot=ok paper_trade=idle
2026-05-17 05:03:47,420 [INFO] tick jst=2026-05-17 05:03 paper_window=no issue_bot=ok paper_trade=idle
2026-05-17 05:08:47,424 [INFO] tick jst=2026-05-17 05:08 paper_window=no issue_bot=ok paper_trade=idle
2026-05-17 05:13:47,429 [INFO] tick jst=2026-05-17 05:13 paper_window=no issue_bot=ok paper_trade=idle
2026-05-17 05:18:47,434 [INFO] tick jst=2026-05-17 05:18 paper_window=no issue_bot=ok paper_trade=idle
2026-05-17 05:23:47,439 [INFO] tick jst=2026-05-17 05:23 paper_window=no issue_bot=ok paper_trade=idle
2026-05-17 05:28:47,444 [INFO] tick jst=2026-05-17 05:28 paper_window=no issue_bot=ok paper_trade=idle
2026-05-17 05:33:47,449 [INFO] tick jst=2026-05-17 05:33 paper_window=no issue_bot=ok paper_trade=idle
2026-05-17 05:38:47,454 [INFO] tick jst=2026-05-17 05:38 paper_window=no issue_bot=ok paper_trade=idle
2026-05-17 05:43:47,459 [INFO] tick jst=2026-05-17 05:43 paper_window=no issue_bot=ok paper_trade=idle
2026-05-17 05:48:47,464 [INFO] tick jst=2026-05-17 05:48 paper_window=no issue_bot=ok paper_trade=idle
2026-05-17 05:53:47,469 [INFO] tick jst=2026-05-17 05:53 paper_window=no issue_bot=ok paper_trade=idle
2026-05-17 05:58:47,474 [INFO] tick jst=2026-05-17 05:58 paper_window=no issue_bot=ok paper_trade=idle
2026-05-17 06:03:47,479 [INFO] tick jst=2026-05-17 06:03 paper_window=no issue_bot=ok paper_trade=idle
2026-05-17 06:08:47,484 [INFO] tick jst=2026-05-17 06:08 paper_window=no issue_bot=ok paper_trade=idle
2026-05-17 06:13:47,490 [INFO] tick jst=2026-05-17 06:13 paper_window=no issue_bot=ok paper_trade=idle
2026-05-17 06:18:47,495 [INFO] tick jst=2026-05-17 06:18 paper_window=no issue_bot=ok paper_trade=idle
2026-05-17 06:23:47,500 [INFO] tick jst=2026-05-17 06:23 paper_window=no issue_bot=ok paper_trade=idle
2026-05-17 06:28:47,504 [INFO] tick jst=2026-05-17 06:28 paper_window=no issue_bot=ok paper_trade=idle
2026-05-17 06:33:47,508 [INFO] tick jst=2026-05-17 06:33 paper_window=no issue_bot=ok paper_trade=idle
2026-05-17 06:38:47,513 [INFO] tick jst=2026-05-17 06:38 paper_window=no issue_bot=ok paper_trade=idle
2026-05-17 06:43:47,518 [INFO] tick jst=2026-05-17 06:43 paper_window=no issue_bot=ok paper_trade=idle
2026-05-17 06:48:47,523 [INFO] tick jst=2026-05-17 06:48 paper_window=no issue_bot=ok paper_trade=idle
2026-05-17 06:53:47,528 [INFO] tick jst=2026-05-17 06:53 paper_window=no issue_bot=ok paper_trade=idle
2026-05-17 06:58:47,532 [INFO] tick jst=2026-05-17 06:58 paper_window=no issue_bot=ok paper_trade=idle
2026-05-17 07:03:47,537 [INFO] tick jst=2026-05-17 07:03 paper_window=no issue_bot=ok paper_trade=idle
2026-05-17 07:08:47,542 [INFO] tick jst=2026-05-17 07:08 paper_window=no issue_bot=ok paper_trade=idle
2026-05-17 07:13:47,546 [INFO] tick jst=2026-05-17 07:13 paper_window=no issue_bot=ok paper_trade=idle
2026-05-17 07:18:47,551 [INFO] tick jst=2026-05-17 07:18 paper_window=no issue_bot=ok paper_trade=idle
2026-05-17 07:23:47,557 [INFO] tick jst=2026-05-17 07:23 paper_window=no issue_bot=ok paper_trade=idle
2026-05-17 07:28:47,563 [INFO] tick jst=2026-05-17 07:28 paper_window=no issue_bot=ok paper_trade=idle
2026-05-17 07:33:47,569 [INFO] tick jst=2026-05-17 07:33 paper_window=no issue_bot=ok paper_trade=idle
2026-05-17 07:38:47,574 [INFO] tick jst=2026-05-17 07:38 paper_window=no issue_bot=ok paper_trade=idle
2026-05-17 07:43:47,580 [INFO] tick jst=2026-05-17 07:43 paper_window=no issue_bot=ok paper_trade=idle
2026-05-17 07:48:47,586 [INFO] tick jst=2026-05-17 07:48 paper_window=no issue_bot=ok paper_trade=idle
2026-05-17 07:53:47,593 [INFO] tick jst=2026-05-17 07:53 paper_window=no issue_bot=ok paper_trade=idle
2026-05-17 07:58:47,598 [INFO] tick jst=2026-05-17 07:58 paper_window=no issue_bot=ok paper_trade=idle
2026-05-17 08:03:47,604 [INFO] tick jst=2026-05-17 08:03 paper_window=no issue_bot=ok paper_trade=idle
2026-05-17 08:08:47,611 [INFO] tick jst=2026-05-17 08:08 paper_window=no issue_bot=ok paper_trade=idle
2026-05-17 08:13:47,617 [INFO] tick jst=2026-05-17 08:13 paper_window=no issue_bot=ok paper_trade=idle
2026-05-17 08:18:47,624 [INFO] tick jst=2026-05-17 08:18 paper_window=no issue_bot=ok paper_trade=idle
2026-05-17 08:23:47,630 [INFO] tick jst=2026-05-17 08:23 paper_window=no issue_bot=ok paper_trade=idle
2026-05-17 08:28:47,636 [INFO] tick jst=2026-05-17 08:28 paper_window=no issue_bot=ok paper_trade=idle
2026-05-17 08:33:47,642 [INFO] tick jst=2026-05-17 08:33 paper_window=no issue_bot=ok paper_trade=idle
2026-05-17 08:38:47,648 [INFO] tick jst=2026-05-17 08:38 paper_window=no issue_bot=ok paper_trade=idle
2026-05-17 08:43:47,653 [INFO] tick jst=2026-05-17 08:43 paper_window=no issue_bot=ok paper_trade=idle
2026-05-17 08:48:47,659 [INFO] tick jst=2026-05-17 08:48 paper_window=no issue_bot=ok paper_trade=idle
2026-05-17 08:53:47,665 [INFO] tick jst=2026-05-17 08:53 paper_window=no issue_bot=ok paper_trade=idle
2026-05-17 08:58:47,670 [INFO] tick jst=2026-05-17 08:58 paper_window=no issue_bot=ok paper_trade=idle
2026-05-17 09:03:47,676 [INFO] tick jst=2026-05-17 09:03 paper_window=no issue_bot=ok paper_trade=idle
2026-05-17 09:08:47,680 [INFO] tick jst=2026-05-17 09:08 paper_window=no issue_bot=ok paper_trade=idle
2026-05-17 09:13:47,685 [INFO] tick jst=2026-05-17 09:13 paper_window=no issue_bot=ok paper_trade=idle
2026-05-17 09:18:47,691 [INFO] tick jst=2026-05-17 09:18 paper_window=no issue_bot=ok paper_trade=idle
2026-05-17 09:23:47,696 [INFO] tick jst=2026-05-17 09:23 paper_window=no issue_bot=ok paper_trade=idle
2026-05-17 09:28:47,701 [INFO] tick jst=2026-05-17 09:28 paper_window=no issue_bot=ok paper_trade=idle
2026-05-17 09:33:47,706 [INFO] tick jst=2026-05-17 09:33 paper_window=no issue_bot=ok paper_trade=idle
2026-05-17 09:38:47,710 [INFO] tick jst=2026-05-17 09:38 paper_window=no issue_bot=ok paper_trade=idle
2026-05-17 09:43:47,715 [INFO] tick jst=2026-05-17 09:43 paper_window=no issue_bot=ok paper_trade=idle
2026-05-17 09:48:47,720 [INFO] tick jst=2026-05-17 09:48 paper_window=no issue_bot=ok paper_trade=idle
2026-05-17 09:53:47,725 [INFO] tick jst=2026-05-17 09:53 paper_window=no issue_bot=ok paper_trade=idle
2026-05-17 09:58:47,730 [INFO] tick jst=2026-05-17 09:58 paper_window=no issue_bot=ok paper_trade=idle
2026-05-17 10:03:47,736 [INFO] tick jst=2026-05-17 10:03 paper_window=no issue_bot=ok paper_trade=idle
2026-05-17 10:08:47,741 [INFO] tick jst=2026-05-17 10:08 paper_window=no issue_bot=ok paper_trade=idle
2026-05-17 10:13:47,745 [INFO] tick jst=2026-05-17 10:13 paper_window=no issue_bot=ok paper_trade=idle
2026-05-17 10:18:47,751 [INFO] tick jst=2026-05-17 10:18 paper_window=no issue_bot=ok paper_trade=idle
2026-05-17 10:23:47,756 [INFO] tick jst=2026-05-17 10:23 paper_window=no issue_bot=ok paper_trade=idle
2026-05-17 10:28:47,762 [INFO] tick jst=2026-05-17 10:28 paper_window=no issue_bot=ok paper_trade=idle
2026-05-17 10:33:47,767 [INFO] tick jst=2026-05-17 10:33 paper_window=no issue_bot=ok paper_trade=idle
2026-05-17 10:38:47,772 [INFO] tick jst=2026-05-17 10:38 paper_window=no issue_bot=ok paper_trade=idle
2026-05-17 10:43:47,778 [INFO] tick jst=2026-05-17 10:43 paper_window=no issue_bot=ok paper_trade=idle
2026-05-17 10:48:47,782 [INFO] tick jst=2026-05-17 10:48 paper_window=no issue_bot=ok paper_trade=idle
2026-05-17 10:53:47,788 [INFO] tick jst=2026-05-17 10:53 paper_window=no issue_bot=ok paper_trade=idle
2026-05-17 10:58:47,793 [INFO] tick jst=2026-05-17 10:58 paper_window=no issue_bot=ok paper_trade=idle
2026-05-17 11:03:47,798 [INFO] tick jst=2026-05-17 11:03 paper_window=no issue_bot=ok paper_trade=idle
2026-05-17 11:08:47,804 [INFO] tick jst=2026-05-17 11:08 paper_window=no issue_bot=ok paper_trade=idle
2026-05-17 11:13:47,809 [INFO] tick jst=2026-05-17 11:13 paper_window=no issue_bot=ok paper_trade=idle
2026-05-17 11:18:47,814 [INFO] tick jst=2026-05-17 11:18 paper_window=no issue_bot=ok paper_trade=idle
2026-05-17 11:23:47,821 [INFO] tick jst=2026-05-17 11:23 paper_window=no issue_bot=ok paper_trade=idle
2026-05-17 11:28:47,828 [INFO] tick jst=2026-05-17 11:28 paper_window=no issue_bot=ok paper_trade=idle
2026-05-17 11:33:47,833 [INFO] tick jst=2026-05-17 11:33 paper_window=no issue_bot=ok paper_trade=idle
2026-05-17 11:38:47,838 [INFO] tick jst=2026-05-17 11:38 paper_window=no issue_bot=ok paper_trade=idle
2026-05-17 11:43:47,845 [INFO] tick jst=2026-05-17 11:43 paper_window=no issue_bot=ok paper_trade=idle
2026-05-17 11:48:47,851 [INFO] tick jst=2026-05-17 11:48 paper_window=no issue_bot=ok paper_trade=idle
2026-05-17 11:53:47,858 [INFO] tick jst=2026-05-17 11:53 paper_window=no issue_bot=ok paper_trade=idle
2026-05-17 11:58:47,865 [INFO] tick jst=2026-05-17 11:58 paper_window=no issue_bot=ok paper_trade=idle
2026-05-17 12:03:47,872 [INFO] tick jst=2026-05-17 12:03 paper_window=no issue_bot=ok paper_trade=idle
2026-05-17 12:08:47,879 [INFO] tick jst=2026-05-17 12:08 paper_window=no issue_bot=ok paper_trade=idle
2026-05-17 12:13:47,886 [INFO] tick jst=2026-05-17 12:13 paper_window=no issue_bot=ok paper_trade=idle
2026-05-17 12:18:47,893 [INFO] tick jst=2026-05-17 12:18 paper_window=no issue_bot=ok paper_trade=idle
2026-05-17 12:23:47,899 [INFO] tick jst=2026-05-17 12:23 paper_window=no issue_bot=ok paper_trade=idle
2026-05-17 12:28:47,906 [INFO] tick jst=2026-05-17 12:28 paper_window=no issue_bot=ok paper_trade=idle
2026-05-17 12:33:47,913 [INFO] tick jst=2026-05-17 12:33 paper_window=no issue_bot=ok paper_trade=idle
2026-05-17 12:38:47,920 [INFO] tick jst=2026-05-17 12:38 paper_window=no issue_bot=ok paper_trade=idle
2026-05-17 12:43:47,928 [INFO] tick jst=2026-05-17 12:43 paper_window=no issue_bot=ok paper_trade=idle
2026-05-17 12:48:47,937 [INFO] tick jst=2026-05-17 12:48 paper_window=no issue_bot=ok paper_trade=idle
2026-05-17 12:53:47,946 [INFO] tick jst=2026-05-17 12:53 paper_window=no issue_bot=ok paper_trade=idle
2026-05-17 12:58:47,953 [INFO] tick jst=2026-05-17 12:58 paper_window=no issue_bot=ok paper_trade=idle
2026-05-17 13:03:47,959 [INFO] tick jst=2026-05-17 13:03 paper_window=no issue_bot=ok paper_trade=idle
2026-05-17 13:08:47,965 [INFO] tick jst=2026-05-17 13:08 paper_window=no issue_bot=ok paper_trade=idle
2026-05-17 13:13:47,971 [INFO] tick jst=2026-05-17 13:13 paper_window=no issue_bot=ok paper_trade=idle
2026-05-17 13:18:47,977 [INFO] tick jst=2026-05-17 13:18 paper_window=no issue_bot=ok paper_trade=idle
2026-05-17 13:23:47,983 [INFO] tick jst=2026-05-17 13:23 paper_window=no issue_bot=ok paper_trade=idle
2026-05-17 13:28:47,988 [INFO] tick jst=2026-05-17 13:28 paper_window=no issue_bot=ok paper_trade=idle
2026-05-17 13:33:47,994 [INFO] tick jst=2026-05-17 13:33 paper_window=no issue_bot=ok paper_trade=idle
2026-05-17 13:38:48,000 [INFO] tick jst=2026-05-17 13:38 paper_window=no issue_bot=ok paper_trade=idle
2026-05-17 13:43:48,006 [INFO] tick jst=2026-05-17 13:43 paper_window=no issue_bot=ok paper_trade=idle
2026-05-17 13:48:48,011 [INFO] tick jst=2026-05-17 13:48 paper_window=no issue_bot=ok paper_trade=idle
2026-05-17 13:53:48,016 [INFO] tick jst=2026-05-17 13:53 paper_window=no issue_bot=ok paper_trade=idle
2026-05-17 13:58:48,021 [INFO] tick jst=2026-05-17 13:58 paper_window=no issue_bot=ok paper_trade=idle
2026-05-17 14:03:48,028 [INFO] tick jst=2026-05-17 14:03 paper_window=no issue_bot=ok paper_trade=idle
2026-05-17 14:08:48,032 [INFO] tick jst=2026-05-17 14:08 paper_window=no issue_bot=ok paper_trade=idle
2026-05-17 14:13:48,038 [INFO] tick jst=2026-05-17 14:13 paper_window=no issue_bot=ok paper_trade=idle
2026-05-17 14:18:48,043 [INFO] tick jst=2026-05-17 14:18 paper_window=no issue_bot=ok paper_trade=idle
2026-05-17 14:23:48,048 [INFO] tick jst=2026-05-17 14:23 paper_window=no issue_bot=ok paper_trade=idle
2026-05-17 14:28:48,054 [INFO] tick jst=2026-05-17 14:28 paper_window=no issue_bot=ok paper_trade=idle
2026-05-17 14:33:48,059 [INFO] tick jst=2026-05-17 14:33 paper_window=no issue_bot=ok paper_trade=idle
2026-05-17 14:38:48,065 [INFO] tick jst=2026-05-17 14:38 paper_window=no issue_bot=ok paper_trade=idle
2026-05-17 14:43:48,070 [INFO] tick jst=2026-05-17 14:43 paper_window=no issue_bot=ok paper_trade=idle
2026-05-17 14:48:48,076 [INFO] tick jst=2026-05-17 14:48 paper_window=no issue_bot=ok paper_trade=idle
2026-05-17 14:53:48,081 [INFO] tick jst=2026-05-17 14:53 paper_window=no issue_bot=ok paper_trade=idle
2026-05-17 14:58:48,086 [INFO] tick jst=2026-05-17 14:58 paper_window=no issue_bot=ok paper_trade=idle
2026-05-17 15:03:48,091 [INFO] tick jst=2026-05-17 15:03 paper_window=no issue_bot=ok paper_trade=idle
2026-05-17 15:08:48,096 [INFO] tick jst=2026-05-17 15:08 paper_window=no issue_bot=ok paper_trade=idle
2026-05-17 15:13:48,101 [INFO] tick jst=2026-05-17 15:13 paper_window=no issue_bot=ok paper_trade=idle
2026-05-17 15:18:48,106 [INFO] tick jst=2026-05-17 15:18 paper_window=no issue_bot=ok paper_trade=idle
2026-05-17 15:23:48,112 [INFO] tick jst=2026-05-17 15:23 paper_window=no issue_bot=ok paper_trade=idle
2026-05-17 15:28:48,117 [INFO] tick jst=2026-05-17 15:28 paper_window=no issue_bot=ok paper_trade=idle
2026-05-17 15:33:48,121 [INFO] tick jst=2026-05-17 15:33 paper_window=no issue_bot=ok paper_trade=idle
2026-05-17 15:38:48,126 [INFO] tick jst=2026-05-17 15:38 paper_window=no issue_bot=ok paper_trade=idle
2026-05-17 15:43:48,132 [INFO] tick jst=2026-05-17 15:43 paper_window=no issue_bot=ok paper_trade=idle
2026-05-17 15:48:48,137 [INFO] tick jst=2026-05-17 15:48 paper_window=no issue_bot=ok paper_trade=idle
2026-05-17 15:53:48,142 [INFO] tick jst=2026-05-17 15:53 paper_window=no issue_bot=ok paper_trade=idle
2026-05-17 15:58:48,148 [INFO] tick jst=2026-05-17 15:58 paper_window=no issue_bot=ok paper_trade=idle
2026-05-17 16:03:48,153 [INFO] tick jst=2026-05-17 16:03 paper_window=no issue_bot=ok paper_trade=idle
2026-05-17 16:08:48,158 [INFO] tick jst=2026-05-17 16:08 paper_window=no issue_bot=ok paper_trade=idle
2026-05-17 16:13:48,163 [INFO] tick jst=2026-05-17 16:13 paper_window=no issue_bot=ok paper_trade=idle
2026-05-17 16:18:48,169 [INFO] tick jst=2026-05-17 16:18 paper_window=no issue_bot=ok paper_trade=idle
2026-05-17 16:23:48,175 [INFO] tick jst=2026-05-17 16:23 paper_window=no issue_bot=ok paper_trade=idle
2026-05-17 16:28:48,182 [INFO] tick jst=2026-05-17 16:28 paper_window=no issue_bot=ok paper_trade=idle
2026-05-17 16:33:48,188 [INFO] tick jst=2026-05-17 16:33 paper_window=no issue_bot=ok paper_trade=idle
2026-05-17 16:38:48,195 [INFO] tick jst=2026-05-17 16:38 paper_window=no issue_bot=ok paper_trade=idle
2026-05-17 16:43:48,202 [INFO] tick jst=2026-05-17 16:43 paper_window=no issue_bot=ok paper_trade=idle
2026-05-17 16:48:48,209 [INFO] tick jst=2026-05-17 16:48 paper_window=no issue_bot=ok paper_trade=idle
2026-05-17 16:53:48,216 [INFO] tick jst=2026-05-17 16:53 paper_window=no issue_bot=ok paper_trade=idle
2026-05-17 16:58:48,223 [INFO] tick jst=2026-05-17 16:58 paper_window=no issue_bot=ok paper_trade=idle
2026-05-17 17:03:48,230 [INFO] tick jst=2026-05-17 17:03 paper_window=no issue_bot=ok paper_trade=idle
2026-05-17 17:08:48,237 [INFO] tick jst=2026-05-17 17:08 paper_window=no issue_bot=ok paper_trade=idle
2026-05-17 17:13:48,245 [INFO] tick jst=2026-05-17 17:13 paper_window=no issue_bot=ok paper_trade=idle
2026-05-17 17:18:48,253 [INFO] tick jst=2026-05-17 17:18 paper_window=no issue_bot=ok paper_trade=idle
2026-05-17 17:23:48,259 [INFO] tick jst=2026-05-17 17:23 paper_window=no issue_bot=ok paper_trade=idle
2026-05-17 17:28:48,266 [INFO] tick jst=2026-05-17 17:28 paper_window=no issue_bot=ok paper_trade=idle
2026-05-17 17:33:48,273 [INFO] tick jst=2026-05-17 17:33 paper_window=no issue_bot=ok paper_trade=idle
2026-05-17 17:38:48,278 [INFO] tick jst=2026-05-17 17:38 paper_window=no issue_bot=ok paper_trade=idle
2026-05-17 17:43:48,285 [INFO] tick jst=2026-05-17 17:43 paper_window=no issue_bot=ok paper_trade=idle
2026-05-17 17:48:48,292 [INFO] tick jst=2026-05-17 17:48 paper_window=no issue_bot=ok paper_trade=idle
2026-05-17 17:53:48,299 [INFO] tick jst=2026-05-17 17:53 paper_window=no issue_bot=ok paper_trade=idle
2026-05-17 17:58:48,305 [INFO] tick jst=2026-05-17 17:58 paper_window=no issue_bot=ok paper_trade=idle
2026-05-17 18:03:48,312 [INFO] tick jst=2026-05-17 18:03 paper_window=no issue_bot=ok paper_trade=idle
2026-05-17 18:08:48,320 [INFO] tick jst=2026-05-17 18:08 paper_window=no issue_bot=ok paper_trade=idle
2026-05-17 18:13:48,327 [INFO] tick jst=2026-05-17 18:13 paper_window=no issue_bot=ok paper_trade=idle
2026-05-17 18:18:48,334 [INFO] tick jst=2026-05-17 18:18 paper_window=no issue_bot=ok paper_trade=idle
2026-05-17 18:23:48,340 [INFO] tick jst=2026-05-17 18:23 paper_window=no issue_bot=ok paper_trade=idle
2026-05-17 18:28:48,347 [INFO] tick jst=2026-05-17 18:28 paper_window=no issue_bot=ok paper_trade=idle
2026-05-17 18:33:48,352 [INFO] tick jst=2026-05-17 18:33 paper_window=no issue_bot=ok paper_trade=idle
2026-05-17 18:38:48,358 [INFO] tick jst=2026-05-17 18:38 paper_window=no issue_bot=ok paper_trade=idle
2026-05-17 18:43:48,365 [INFO] tick jst=2026-05-17 18:43 paper_window=no issue_bot=ok paper_trade=idle
2026-05-17 18:48:48,370 [INFO] tick jst=2026-05-17 18:48 paper_window=no issue_bot=ok paper_trade=idle
2026-05-17 18:53:48,376 [INFO] tick jst=2026-05-17 18:53 paper_window=no issue_bot=ok paper_trade=idle
2026-05-17 18:58:48,381 [INFO] tick jst=2026-05-17 18:58 paper_window=no issue_bot=ok paper_trade=idle
2026-05-17 19:03:48,386 [INFO] tick jst=2026-05-17 19:03 paper_window=no issue_bot=ok paper_trade=idle
2026-05-17 19:08:48,391 [INFO] tick jst=2026-05-17 19:08 paper_window=no issue_bot=ok paper_trade=idle
2026-05-17 19:13:48,395 [INFO] tick jst=2026-05-17 19:13 paper_window=no issue_bot=ok paper_trade=idle
2026-05-17 19:18:48,401 [INFO] tick jst=2026-05-17 19:18 paper_window=no issue_bot=ok paper_trade=idle
2026-05-17 19:23:48,406 [INFO] tick jst=2026-05-17 19:23 paper_window=no issue_bot=ok paper_trade=idle
2026-05-17 19:28:48,411 [INFO] tick jst=2026-05-17 19:28 paper_window=no issue_bot=ok paper_trade=idle
2026-05-17 19:33:48,417 [INFO] tick jst=2026-05-17 19:33 paper_window=no issue_bot=ok paper_trade=idle
2026-05-17 19:38:48,422 [INFO] tick jst=2026-05-17 19:38 paper_window=no issue_bot=ok paper_trade=idle
2026-05-17 19:43:48,427 [INFO] tick jst=2026-05-17 19:43 paper_window=no issue_bot=ok paper_trade=idle
2026-05-17 19:48:48,433 [INFO] tick jst=2026-05-17 19:48 paper_window=no issue_bot=ok paper_trade=idle
2026-05-17 19:53:48,438 [INFO] tick jst=2026-05-17 19:53 paper_window=no issue_bot=ok paper_trade=idle
2026-05-17 19:58:48,443 [INFO] tick jst=2026-05-17 19:58 paper_window=no issue_bot=ok paper_trade=idle
2026-05-17 20:03:48,448 [INFO] tick jst=2026-05-17 20:03 paper_window=no issue_bot=ok paper_trade=idle
2026-05-17 20:08:48,453 [INFO] tick jst=2026-05-17 20:08 paper_window=no issue_bot=ok paper_trade=idle
2026-05-17 20:13:48,459 [INFO] tick jst=2026-05-17 20:13 paper_window=no issue_bot=ok paper_trade=idle
2026-05-17 20:18:48,464 [INFO] tick jst=2026-05-17 20:18 paper_window=no issue_bot=ok paper_trade=idle
2026-05-17 20:23:48,469 [INFO] tick jst=2026-05-17 20:23 paper_window=no issue_bot=ok paper_trade=idle
2026-05-17 20:28:48,474 [INFO] tick jst=2026-05-17 20:28 paper_window=no issue_bot=ok paper_trade=idle
2026-05-17 20:33:48,479 [INFO] tick jst=2026-05-17 20:33 paper_window=no issue_bot=ok paper_trade=idle
2026-05-17 20:38:48,483 [INFO] tick jst=2026-05-17 20:38 paper_window=no issue_bot=ok paper_trade=idle
2026-05-17 20:43:48,488 [INFO] tick jst=2026-05-17 20:43 paper_window=no issue_bot=ok paper_trade=idle
2026-05-17 20:48:48,493 [INFO] tick jst=2026-05-17 20:48 paper_window=no issue_bot=ok paper_trade=idle
2026-05-17 20:53:48,499 [INFO] tick jst=2026-05-17 20:53 paper_window=no issue_bot=ok paper_trade=idle
2026-05-17 20:58:48,506 [INFO] tick jst=2026-05-17 20:58 paper_window=no issue_bot=ok paper_trade=idle
2026-05-17 21:03:48,512 [INFO] tick jst=2026-05-17 21:03 paper_window=no issue_bot=ok paper_trade=idle
2026-05-17 21:08:48,517 [INFO] tick jst=2026-05-17 21:08 paper_window=no issue_bot=ok paper_trade=idle
2026-05-17 21:13:48,525 [INFO] tick jst=2026-05-17 21:13 paper_window=no issue_bot=ok paper_trade=idle
2026-05-17 21:18:48,532 [INFO] tick jst=2026-05-17 21:18 paper_window=no issue_bot=ok paper_trade=idle
2026-05-17 21:23:48,537 [INFO] tick jst=2026-05-17 21:23 paper_window=no issue_bot=ok paper_trade=idle
2026-05-17 21:28:48,543 [INFO] tick jst=2026-05-17 21:28 paper_window=no issue_bot=ok paper_trade=idle
2026-05-17 21:33:48,549 [INFO] tick jst=2026-05-17 21:33 paper_window=no issue_bot=ok paper_trade=idle
2026-05-17 21:38:48,555 [INFO] tick jst=2026-05-17 21:38 paper_window=no issue_bot=ok paper_trade=idle
2026-05-17 21:43:48,561 [INFO] tick jst=2026-05-17 21:43 paper_window=no issue_bot=ok paper_trade=idle
2026-05-17 21:48:48,567 [INFO] tick jst=2026-05-17 21:48 paper_window=no issue_bot=ok paper_trade=idle
2026-05-17 21:53:48,572 [INFO] tick jst=2026-05-17 21:53 paper_window=no issue_bot=ok paper_trade=idle
2026-05-17 21:58:48,579 [INFO] tick jst=2026-05-17 21:58 paper_window=no issue_bot=ok paper_trade=idle
2026-05-17 22:03:48,585 [INFO] tick jst=2026-05-17 22:03 paper_window=no issue_bot=ok paper_trade=idle
2026-05-17 22:08:48,592 [INFO] tick jst=2026-05-17 22:08 paper_window=no issue_bot=ok paper_trade=idle
2026-05-17 22:13:48,597 [INFO] tick jst=2026-05-17 22:13 paper_window=no issue_bot=ok paper_trade=idle
2026-05-17 22:18:48,603 [INFO] tick jst=2026-05-17 22:18 paper_window=no issue_bot=ok paper_trade=idle
2026-05-17 22:23:48,608 [INFO] tick jst=2026-05-17 22:23 paper_window=no issue_bot=ok paper_trade=idle
2026-05-17 22:28:48,614 [INFO] tick jst=2026-05-17 22:28 paper_window=no issue_bot=ok paper_trade=idle
2026-05-17 22:33:48,620 [INFO] tick jst=2026-05-17 22:33 paper_window=no issue_bot=ok paper_trade=idle
2026-05-17 22:38:48,626 [INFO] tick jst=2026-05-17 22:38 paper_window=no issue_bot=ok paper_trade=idle
2026-05-17 22:43:48,632 [INFO] tick jst=2026-05-17 22:43 paper_window=no issue_bot=ok paper_trade=idle
2026-05-17 22:48:48,637 [INFO] tick jst=2026-05-17 22:48 paper_window=no issue_bot=ok paper_trade=idle
2026-05-17 22:53:48,642 [INFO] tick jst=2026-05-17 22:53 paper_window=no issue_bot=ok paper_trade=idle
2026-05-17 22:58:48,647 [INFO] tick jst=2026-05-17 22:58 paper_window=no issue_bot=ok paper_trade=idle
2026-05-17 23:03:48,652 [INFO] tick jst=2026-05-17 23:03 paper_window=no issue_bot=ok paper_trade=idle
2026-05-17 23:08:48,657 [INFO] tick jst=2026-05-17 23:08 paper_window=no issue_bot=ok paper_trade=idle
2026-05-17 23:13:48,662 [INFO] tick jst=2026-05-17 23:13 paper_window=no issue_bot=ok paper_trade=idle
2026-05-17 23:18:48,667 [INFO] tick jst=2026-05-17 23:18 paper_window=no issue_bot=ok paper_trade=idle
2026-05-17 23:23:48,672 [INFO] tick jst=2026-05-17 23:23 paper_window=no issue_bot=ok paper_trade=idle
2026-05-17 23:28:48,677 [INFO] tick jst=2026-05-17 23:28 paper_window=no issue_bot=ok paper_trade=idle
2026-05-17 23:33:48,682 [INFO] tick jst=2026-05-17 23:33 paper_window=no issue_bot=ok paper_trade=idle
2026-05-17 23:38:48,687 [INFO] tick jst=2026-05-17 23:38 paper_window=no issue_bot=ok paper_trade=idle
2026-05-17 23:43:48,692 [INFO] tick jst=2026-05-17 23:43 paper_window=no issue_bot=ok paper_trade=idle
2026-05-17 23:48:48,696 [INFO] tick jst=2026-05-17 23:48 paper_window=no issue_bot=ok paper_trade=idle
2026-05-17 23:53:48,702 [INFO] tick jst=2026-05-17 23:53 paper_window=no issue_bot=ok paper_trade=idle
2026-05-17 23:58:48,708 [INFO] tick jst=2026-05-17 23:58 paper_window=no issue_bot=ok paper_trade=idle
2026-05-18 00:03:48,714 [INFO] tick jst=2026-05-18 00:03 paper_window=no issue_bot=ok paper_trade=idle
2026-05-18 00:08:48,719 [INFO] tick jst=2026-05-18 00:08 paper_window=no issue_bot=ok paper_trade=idle
2026-05-18 00:13:48,726 [INFO] tick jst=2026-05-18 00:13 paper_window=no issue_bot=ok paper_trade=idle
2026-05-18 00:18:48,731 [INFO] tick jst=2026-05-18 00:18 paper_window=no issue_bot=ok paper_trade=idle
2026-05-18 00:23:48,737 [INFO] tick jst=2026-05-18 00:23 paper_window=no issue_bot=ok paper_trade=idle
2026-05-18 00:28:48,741 [INFO] tick jst=2026-05-18 00:28 paper_window=no issue_bot=ok paper_trade=idle
2026-05-18 00:33:48,746 [INFO] tick jst=2026-05-18 00:33 paper_window=no issue_bot=ok paper_trade=idle
2026-05-18 00:38:48,751 [INFO] tick jst=2026-05-18 00:38 paper_window=no issue_bot=ok paper_trade=idle
2026-05-18 00:43:48,756 [INFO] tick jst=2026-05-18 00:43 paper_window=no issue_bot=ok paper_trade=idle
2026-05-18 00:48:48,760 [INFO] tick jst=2026-05-18 00:48 paper_window=no issue_bot=ok paper_trade=idle
2026-05-18 00:53:48,765 [INFO] tick jst=2026-05-18 00:53 paper_window=no issue_bot=ok paper_trade=idle
2026-05-18 00:58:48,772 [INFO] tick jst=2026-05-18 00:58 paper_window=no issue_bot=ok paper_trade=idle
2026-05-18 01:03:48,777 [INFO] tick jst=2026-05-18 01:03 paper_window=no issue_bot=ok paper_trade=idle
2026-05-18 01:08:48,782 [INFO] tick jst=2026-05-18 01:08 paper_window=no issue_bot=ok paper_trade=idle
2026-05-18 01:13:48,787 [INFO] tick jst=2026-05-18 01:13 paper_window=no issue_bot=ok paper_trade=idle
2026-05-18 01:18:48,792 [INFO] tick jst=2026-05-18 01:18 paper_window=no issue_bot=ok paper_trade=idle
2026-05-18 01:23:48,797 [INFO] tick jst=2026-05-18 01:23 paper_window=no issue_bot=ok paper_trade=idle
2026-05-18 01:28:48,803 [INFO] tick jst=2026-05-18 01:28 paper_window=no issue_bot=ok paper_trade=idle
2026-05-18 01:33:48,808 [INFO] tick jst=2026-05-18 01:33 paper_window=no issue_bot=ok paper_trade=idle
2026-05-18 01:38:48,814 [INFO] tick jst=2026-05-18 01:38 paper_window=no issue_bot=ok paper_trade=idle
2026-05-18 01:43:48,821 [INFO] tick jst=2026-05-18 01:43 paper_window=no issue_bot=ok paper_trade=idle
2026-05-18 01:48:48,828 [INFO] tick jst=2026-05-18 01:48 paper_window=no issue_bot=ok paper_trade=idle
2026-05-18 01:53:48,834 [INFO] tick jst=2026-05-18 01:53 paper_window=no issue_bot=ok paper_trade=idle
2026-05-18 01:58:48,842 [INFO] tick jst=2026-05-18 01:58 paper_window=no issue_bot=ok paper_trade=idle
2026-05-18 02:03:48,850 [INFO] tick jst=2026-05-18 02:03 paper_window=no issue_bot=ok paper_trade=idle
2026-05-18 02:08:48,857 [INFO] tick jst=2026-05-18 02:08 paper_window=no issue_bot=ok paper_trade=idle
2026-05-18 02:13:48,864 [INFO] tick jst=2026-05-18 02:13 paper_window=no issue_bot=ok paper_trade=idle
2026-05-18 02:18:48,870 [INFO] tick jst=2026-05-18 02:18 paper_window=no issue_bot=ok paper_trade=idle
2026-05-18 02:23:48,878 [INFO] tick jst=2026-05-18 02:23 paper_window=no issue_bot=ok paper_trade=idle
2026-05-18 02:28:48,886 [INFO] tick jst=2026-05-18 02:28 paper_window=no issue_bot=ok paper_trade=idle
2026-05-18 02:33:48,892 [INFO] tick jst=2026-05-18 02:33 paper_window=no issue_bot=ok paper_trade=idle
2026-05-18 02:38:48,899 [INFO] tick jst=2026-05-18 02:38 paper_window=no issue_bot=ok paper_trade=idle
2026-05-18 02:43:48,905 [INFO] tick jst=2026-05-18 02:43 paper_window=no issue_bot=ok paper_trade=idle
2026-05-18 02:48:48,910 [INFO] tick jst=2026-05-18 02:48 paper_window=no issue_bot=ok paper_trade=idle
2026-05-18 02:53:48,917 [INFO] tick jst=2026-05-18 02:53 paper_window=no issue_bot=ok paper_trade=idle
2026-05-18 02:58:48,923 [INFO] tick jst=2026-05-18 02:58 paper_window=no issue_bot=ok paper_trade=idle
2026-05-18 03:03:48,929 [INFO] tick jst=2026-05-18 03:03 paper_window=no issue_bot=ok paper_trade=idle
2026-05-18 03:08:48,935 [INFO] tick jst=2026-05-18 03:08 paper_window=no issue_bot=ok paper_trade=idle
2026-05-18 03:13:48,940 [INFO] tick jst=2026-05-18 03:13 paper_window=no issue_bot=ok paper_trade=idle
2026-05-18 03:18:48,945 [INFO] tick jst=2026-05-18 03:18 paper_window=no issue_bot=ok paper_trade=idle
2026-05-18 03:23:48,950 [INFO] tick jst=2026-05-18 03:23 paper_window=no issue_bot=ok paper_trade=idle
2026-05-18 03:28:48,956 [INFO] tick jst=2026-05-18 03:28 paper_window=no issue_bot=ok paper_trade=idle
2026-05-18 03:33:48,962 [INFO] tick jst=2026-05-18 03:33 paper_window=no issue_bot=ok paper_trade=idle
2026-05-18 03:38:48,969 [INFO] tick jst=2026-05-18 03:38 paper_window=no issue_bot=ok paper_trade=idle
2026-05-18 03:43:48,974 [INFO] tick jst=2026-05-18 03:43 paper_window=no issue_bot=ok paper_trade=idle
2026-05-18 03:48:48,982 [INFO] tick jst=2026-05-18 03:48 paper_window=no issue_bot=ok paper_trade=idle
2026-05-18 03:53:48,987 [INFO] tick jst=2026-05-18 03:53 paper_window=no issue_bot=ok paper_trade=idle
2026-05-18 03:58:48,992 [INFO] tick jst=2026-05-18 03:58 paper_window=no issue_bot=ok paper_trade=idle
2026-05-18 04:03:48,998 [INFO] tick jst=2026-05-18 04:03 paper_window=no issue_bot=ok paper_trade=idle
2026-05-18 04:08:49,004 [INFO] tick jst=2026-05-18 04:08 paper_window=no issue_bot=ok paper_trade=idle
2026-05-18 04:13:49,009 [INFO] tick jst=2026-05-18 04:13 paper_window=no issue_bot=ok paper_trade=idle
2026-05-18 04:18:49,016 [INFO] tick jst=2026-05-18 04:18 paper_window=no issue_bot=ok paper_trade=idle
2026-05-18 04:23:49,024 [INFO] tick jst=2026-05-18 04:23 paper_window=no issue_bot=ok paper_trade=idle
2026-05-18 04:28:49,030 [INFO] tick jst=2026-05-18 04:28 paper_window=no issue_bot=ok paper_trade=idle
2026-05-18 04:33:49,035 [INFO] tick jst=2026-05-18 04:33 paper_window=no issue_bot=ok paper_trade=idle
2026-05-18 04:38:49,040 [INFO] tick jst=2026-05-18 04:38 paper_window=no issue_bot=ok paper_trade=idle
2026-05-18 04:43:49,046 [INFO] tick jst=2026-05-18 04:43 paper_window=no issue_bot=ok paper_trade=idle
2026-05-18 04:48:49,053 [INFO] tick jst=2026-05-18 04:48 paper_window=no issue_bot=ok paper_trade=idle
2026-05-18 04:53:49,061 [INFO] tick jst=2026-05-18 04:53 paper_window=no issue_bot=ok paper_trade=idle
2026-05-18 04:58:49,067 [INFO] tick jst=2026-05-18 04:58 paper_window=no issue_bot=ok paper_trade=idle
2026-05-18 05:03:49,074 [INFO] tick jst=2026-05-18 05:03 paper_window=no issue_bot=ok paper_trade=idle
2026-05-18 05:08:49,080 [INFO] tick jst=2026-05-18 05:08 paper_window=no issue_bot=ok paper_trade=idle
2026-05-18 05:13:49,085 [INFO] tick jst=2026-05-18 05:13 paper_window=no issue_bot=ok paper_trade=idle
2026-05-18 05:18:49,091 [INFO] tick jst=2026-05-18 05:18 paper_window=no issue_bot=ok paper_trade=idle
2026-05-18 05:23:49,097 [INFO] tick jst=2026-05-18 05:23 paper_window=no issue_bot=ok paper_trade=idle
2026-05-18 05:28:49,102 [INFO] tick jst=2026-05-18 05:28 paper_window=no issue_bot=ok paper_trade=idle
2026-05-18 05:33:49,109 [INFO] tick jst=2026-05-18 05:33 paper_window=no issue_bot=ok paper_trade=idle
2026-05-18 05:38:49,116 [INFO] tick jst=2026-05-18 05:38 paper_window=no issue_bot=ok paper_trade=idle
2026-05-18 05:43:49,122 [INFO] tick jst=2026-05-18 05:43 paper_window=no issue_bot=ok paper_trade=idle
2026-05-18 05:48:49,127 [INFO] tick jst=2026-05-18 05:48 paper_window=no issue_bot=ok paper_trade=idle
2026-05-18 05:53:49,134 [INFO] tick jst=2026-05-18 05:53 paper_window=no issue_bot=ok paper_trade=idle
2026-05-18 05:58:49,139 [INFO] tick jst=2026-05-18 05:58 paper_window=no issue_bot=ok paper_trade=idle
2026-05-18 06:03:49,145 [INFO] tick jst=2026-05-18 06:03 paper_window=no issue_bot=ok paper_trade=idle
2026-05-18 06:08:49,152 [INFO] tick jst=2026-05-18 06:08 paper_window=no issue_bot=ok paper_trade=idle
2026-05-18 06:13:49,159 [INFO] tick jst=2026-05-18 06:13 paper_window=no issue_bot=ok paper_trade=idle
2026-05-18 06:18:49,165 [INFO] tick jst=2026-05-18 06:18 paper_window=no issue_bot=ok paper_trade=idle
2026-05-18 06:23:49,171 [INFO] tick jst=2026-05-18 06:23 paper_window=no issue_bot=ok paper_trade=idle
2026-05-18 06:28:49,179 [INFO] tick jst=2026-05-18 06:28 paper_window=no issue_bot=ok paper_trade=idle
2026-05-18 06:33:49,186 [INFO] tick jst=2026-05-18 06:33 paper_window=no issue_bot=ok paper_trade=idle
2026-05-18 06:38:49,194 [INFO] tick jst=2026-05-18 06:38 paper_window=no issue_bot=ok paper_trade=idle
2026-05-18 06:43:49,201 [INFO] tick jst=2026-05-18 06:43 paper_window=no issue_bot=ok paper_trade=idle
2026-05-18 06:48:49,208 [INFO] tick jst=2026-05-18 06:48 paper_window=no issue_bot=ok paper_trade=idle
2026-05-18 06:53:49,215 [INFO] tick jst=2026-05-18 06:53 paper_window=no issue_bot=ok paper_trade=idle
2026-05-18 06:58:49,221 [INFO] tick jst=2026-05-18 06:58 paper_window=no issue_bot=ok paper_trade=idle
2026-05-18 07:03:49,228 [INFO] tick jst=2026-05-18 07:03 paper_window=no issue_bot=ok paper_trade=idle
2026-05-18 07:08:49,234 [INFO] tick jst=2026-05-18 07:08 paper_window=no issue_bot=ok paper_trade=idle
2026-05-18 07:13:49,241 [INFO] tick jst=2026-05-18 07:13 paper_window=no issue_bot=ok paper_trade=idle
2026-05-18 07:18:49,247 [INFO] tick jst=2026-05-18 07:18 paper_window=no issue_bot=ok paper_trade=idle
2026-05-18 07:23:49,253 [INFO] tick jst=2026-05-18 07:23 paper_window=no issue_bot=ok paper_trade=idle
2026-05-18 07:28:49,259 [INFO] tick jst=2026-05-18 07:28 paper_window=no issue_bot=ok paper_trade=idle
2026-05-18 07:33:49,270 [INFO] tick jst=2026-05-18 07:33 paper_window=no issue_bot=ok paper_trade=idle
2026-05-18 07:38:49,278 [INFO] tick jst=2026-05-18 07:38 paper_window=no issue_bot=ok paper_trade=idle
2026-05-18 07:43:49,284 [INFO] tick jst=2026-05-18 07:43 paper_window=no issue_bot=ok paper_trade=idle
2026-05-18 07:48:49,291 [INFO] tick jst=2026-05-18 07:48 paper_window=no issue_bot=ok paper_trade=idle
2026-05-18 07:53:49,297 [INFO] tick jst=2026-05-18 07:53 paper_window=no issue_bot=ok paper_trade=idle
2026-05-18 07:58:49,303 [INFO] tick jst=2026-05-18 07:58 paper_window=no issue_bot=ok paper_trade=idle
2026-05-18 08:03:49,309 [INFO] tick jst=2026-05-18 08:03 paper_window=no issue_bot=ok paper_trade=idle
2026-05-18 08:08:49,315 [INFO] tick jst=2026-05-18 08:08 paper_window=no issue_bot=ok paper_trade=idle
2026-05-18 08:13:49,320 [INFO] tick jst=2026-05-18 08:13 paper_window=no issue_bot=ok paper_trade=idle
2026-05-18 08:18:49,325 [INFO] tick jst=2026-05-18 08:18 paper_window=no issue_bot=ok paper_trade=idle
2026-05-18 08:23:49,330 [INFO] tick jst=2026-05-18 08:23 paper_window=no issue_bot=ok paper_trade=idle
2026-05-18 08:28:49,334 [INFO] tick jst=2026-05-18 08:28 paper_window=no issue_bot=ok paper_trade=idle
2026-05-18 08:33:49,339 [INFO] tick jst=2026-05-18 08:33 paper_window=no issue_bot=ok paper_trade=idle
2026-05-18 08:38:49,347 [INFO] tick jst=2026-05-18 08:38 paper_window=no issue_bot=ok paper_trade=idle
2026-05-18 08:43:49,352 [INFO] tick jst=2026-05-18 08:43 paper_window=no issue_bot=ok paper_trade=idle
2026-05-18 08:48:49,361 [WARNING] paper_trade: restart attempt (running=False bat=C:\Users\yhach\Documents\tradebotfile\scripts\start_paper_trade.bat cwd=C:\Users\yhach\Documents\tradebotfile)
2026-05-18 08:48:49,376 [INFO] spawned bat=start_paper_trade.bat abs=C:\Users\yhach\Documents\tradebotfile\scripts\start_paper_trade.bat cwd=C:\Users\yhach\Documents\tradebotfile child_pid=119792
2026-05-18 08:48:49,378 [INFO] paper_trade: start_paper_trade.bat spawn OK child_pid=119792
2026-05-18 08:48:53,379 [INFO] paper_trade: post-restart alive check after 4s running=False
2026-05-18 08:48:53,379 [INFO] [WATCHDOG] restarted paper_trade
2026-05-18 08:48:54,059 [INFO] tick jst=2026-05-18 08:48 paper_window=yes issue_bot=ok paper_trade=restarted
2026-05-18 08:53:54,067 [WARNING] paper_trade: restart attempt (running=False bat=C:\Users\yhach\Documents\tradebotfile\scripts\start_paper_trade.bat cwd=C:\Users\yhach\Documents\tradebotfile)
2026-05-18 08:53:54,081 [INFO] spawned bat=start_paper_trade.bat abs=C:\Users\yhach\Documents\tradebotfile\scripts\start_paper_trade.bat cwd=C:\Users\yhach\Documents\tradebotfile child_pid=134456
2026-05-18 08:53:54,082 [INFO] paper_trade: start_paper_trade.bat spawn OK child_pid=134456
2026-05-18 08:53:58,084 [INFO] paper_trade: post-restart alive check after 4s running=False
2026-05-18 08:53:58,084 [INFO] [WATCHDOG] restarted paper_trade
2026-05-18 08:53:58,561 [INFO] tick jst=2026-05-18 08:53 paper_window=yes issue_bot=ok paper_trade=restarted
2026-05-18 08:58:58,568 [WARNING] paper_trade: restart attempt (running=False bat=C:\Users\yhach\Documents\tradebotfile\scripts\start_paper_trade.bat cwd=C:\Users\yhach\Documents\tradebotfile)
2026-05-18 08:58:58,574 [INFO] spawned bat=start_paper_trade.bat abs=C:\Users\yhach\Documents\tradebotfile\scripts\start_paper_trade.bat cwd=C:\Users\yhach\Documents\tradebotfile child_pid=24808
2026-05-18 08:58:58,575 [INFO] paper_trade: start_paper_trade.bat spawn OK child_pid=24808
2026-05-18 08:59:02,576 [INFO] paper_trade: post-restart alive check after 4s running=False
2026-05-18 08:59:02,576 [INFO] [WATCHDOG] restarted paper_trade
2026-05-18 08:59:03,326 [INFO] tick jst=2026-05-18 08:58 paper_window=yes issue_bot=ok paper_trade=restarted
2026-05-18 09:04:03,333 [WARNING] paper_trade: restart attempt (running=False bat=C:\Users\yhach\Documents\tradebotfile\scripts\start_paper_trade.bat cwd=C:\Users\yhach\Documents\tradebotfile)
2026-05-18 09:04:03,338 [INFO] spawned bat=start_paper_trade.bat abs=C:\Users\yhach\Documents\tradebotfile\scripts\start_paper_trade.bat cwd=C:\Users\yhach\Documents\tradebotfile child_pid=92544
2026-05-18 09:04:03,338 [INFO] paper_trade: start_paper_trade.bat spawn OK child_pid=92544
2026-05-18 09:04:07,339 [INFO] paper_trade: post-restart alive check after 4s running=False
2026-05-18 09:04:07,339 [INFO] [WATCHDOG] restarted paper_trade
2026-05-18 09:04:07,993 [INFO] tick jst=2026-05-18 09:04 paper_window=yes issue_bot=ok paper_trade=restarted
2026-05-18 09:09:07,999 [WARNING] paper_trade: restart attempt (running=False bat=C:\Users\yhach\Documents\tradebotfile\scripts\start_paper_trade.bat cwd=C:\Users\yhach\Documents\tradebotfile)
2026-05-18 09:09:08,005 [INFO] spawned bat=start_paper_trade.bat abs=C:\Users\yhach\Documents\tradebotfile\scripts\start_paper_trade.bat cwd=C:\Users\yhach\Documents\tradebotfile child_pid=34316
2026-05-18 09:09:08,005 [INFO] paper_trade: start_paper_trade.bat spawn OK child_pid=34316
2026-05-18 09:09:12,006 [INFO] paper_trade: post-restart alive check after 4s running=False
2026-05-18 09:09:12,006 [INFO] [WATCHDOG] restarted paper_trade
2026-05-18 09:09:12,573 [INFO] tick jst=2026-05-18 09:09 paper_window=yes issue_bot=ok paper_trade=restarted
2026-05-18 09:14:12,578 [WARNING] paper_trade: restart attempt (running=False bat=C:\Users\yhach\Documents\tradebotfile\scripts\start_paper_trade.bat cwd=C:\Users\yhach\Documents\tradebotfile)
2026-05-18 09:14:12,581 [INFO] spawned bat=start_paper_trade.bat abs=C:\Users\yhach\Documents\tradebotfile\scripts\start_paper_trade.bat cwd=C:\Users\yhach\Documents\tradebotfile child_pid=95796
2026-05-18 09:14:12,581 [INFO] paper_trade: start_paper_trade.bat spawn OK child_pid=95796
2026-05-18 09:14:16,583 [INFO] paper_trade: post-restart alive check after 4s running=False
2026-05-18 09:14:16,583 [INFO] [WATCHDOG] restarted paper_trade
2026-05-18 09:14:17,103 [INFO] tick jst=2026-05-18 09:14 paper_window=yes issue_bot=ok paper_trade=restarted
2026-05-18 09:19:17,108 [WARNING] paper_trade: restart attempt (running=False bat=C:\Users\yhach\Documents\tradebotfile\scripts\start_paper_trade.bat cwd=C:\Users\yhach\Documents\tradebotfile)
2026-05-18 09:19:17,110 [INFO] spawned bat=start_paper_trade.bat abs=C:\Users\yhach\Documents\tradebotfile\scripts\start_paper_trade.bat cwd=C:\Users\yhach\Documents\tradebotfile child_pid=155884
2026-05-18 09:19:17,110 [INFO] paper_trade: start_paper_trade.bat spawn OK child_pid=155884
2026-05-18 09:19:21,111 [INFO] paper_trade: post-restart alive check after 4s running=False
2026-05-18 09:19:21,111 [INFO] [WATCHDOG] restarted paper_trade
2026-05-18 09:19:21,626 [INFO] tick jst=2026-05-18 09:19 paper_window=yes issue_bot=ok paper_trade=restarted
2026-05-18 09:24:21,633 [WARNING] paper_trade: restart attempt (running=False bat=C:\Users\yhach\Documents\tradebotfile\scripts\start_paper_trade.bat cwd=C:\Users\yhach\Documents\tradebotfile)
2026-05-18 09:24:21,638 [INFO] spawned bat=start_paper_trade.bat abs=C:\Users\yhach\Documents\tradebotfile\scripts\start_paper_trade.bat cwd=C:\Users\yhach\Documents\tradebotfile child_pid=127000
2026-05-18 09:24:21,638 [INFO] paper_trade: start_paper_trade.bat spawn OK child_pid=127000
2026-05-18 09:24:25,639 [INFO] paper_trade: post-restart alive check after 4s running=False
2026-05-18 09:24:25,639 [INFO] [WATCHDOG] restarted paper_trade
2026-05-18 09:24:26,236 [INFO] tick jst=2026-05-18 09:24 paper_window=yes issue_bot=ok paper_trade=restarted
2026-05-18 09:29:26,241 [WARNING] paper_trade: restart attempt (running=False bat=C:\Users\yhach\Documents\tradebotfile\scripts\start_paper_trade.bat cwd=C:\Users\yhach\Documents\tradebotfile)
2026-05-18 09:29:26,248 [INFO] spawned bat=start_paper_trade.bat abs=C:\Users\yhach\Documents\tradebotfile\scripts\start_paper_trade.bat cwd=C:\Users\yhach\Documents\tradebotfile child_pid=119968
2026-05-18 09:29:26,249 [INFO] paper_trade: start_paper_trade.bat spawn OK child_pid=119968
2026-05-18 09:29:30,251 [INFO] paper_trade: post-restart alive check after 4s running=False
2026-05-18 09:29:30,251 [INFO] [WATCHDOG] restarted paper_trade
2026-05-18 09:29:30,782 [INFO] tick jst=2026-05-18 09:29 paper_window=yes issue_bot=ok paper_trade=restarted
2026-05-18 09:34:30,788 [WARNING] paper_trade: restart attempt (running=False bat=C:\Users\yhach\Documents\tradebotfile\scripts\start_paper_trade.bat cwd=C:\Users\yhach\Documents\tradebotfile)
2026-05-18 09:34:30,791 [INFO] spawned bat=start_paper_trade.bat abs=C:\Users\yhach\Documents\tradebotfile\scripts\start_paper_trade.bat cwd=C:\Users\yhach\Documents\tradebotfile child_pid=35220
2026-05-18 09:34:30,791 [INFO] paper_trade: start_paper_trade.bat spawn OK child_pid=35220
2026-05-18 09:34:34,793 [INFO] paper_trade: post-restart alive check after 4s running=False
2026-05-18 09:34:34,793 [INFO] [WATCHDOG] restarted paper_trade
2026-05-18 09:34:35,319 [INFO] tick jst=2026-05-18 09:34 paper_window=yes issue_bot=ok paper_trade=restarted
2026-05-18 09:39:35,324 [WARNING] paper_trade: restart attempt (running=False bat=C:\Users\yhach\Documents\tradebotfile\scripts\start_paper_trade.bat cwd=C:\Users\yhach\Documents\tradebotfile)
2026-05-18 09:39:35,329 [INFO] spawned bat=start_paper_trade.bat abs=C:\Users\yhach\Documents\tradebotfile\scripts\start_paper_trade.bat cwd=C:\Users\yhach\Documents\tradebotfile child_pid=83972
2026-05-18 09:39:35,329 [INFO] paper_trade: start_paper_trade.bat spawn OK child_pid=83972
2026-05-18 09:39:39,330 [INFO] paper_trade: post-restart alive check after 4s running=False
2026-05-18 09:39:39,330 [INFO] [WATCHDOG] restarted paper_trade
2026-05-18 09:39:39,868 [INFO] tick jst=2026-05-18 09:39 paper_window=yes issue_bot=ok paper_trade=restarted
2026-05-18 09:44:39,876 [WARNING] paper_trade: restart attempt (running=False bat=C:\Users\yhach\Documents\tradebotfile\scripts\start_paper_trade.bat cwd=C:\Users\yhach\Documents\tradebotfile)
2026-05-18 09:44:39,882 [INFO] spawned bat=start_paper_trade.bat abs=C:\Users\yhach\Documents\tradebotfile\scripts\start_paper_trade.bat cwd=C:\Users\yhach\Documents\tradebotfile child_pid=150964
2026-05-18 09:44:39,882 [INFO] paper_trade: start_paper_trade.bat spawn OK child_pid=150964
2026-05-18 09:44:43,883 [INFO] paper_trade: post-restart alive check after 4s running=False
2026-05-18 09:44:43,883 [INFO] [WATCHDOG] restarted paper_trade
2026-05-18 09:44:44,526 [INFO] tick jst=2026-05-18 09:44 paper_window=yes issue_bot=ok paper_trade=restarted
2026-05-18 09:49:44,531 [WARNING] paper_trade: restart attempt (running=False bat=C:\Users\yhach\Documents\tradebotfile\scripts\start_paper_trade.bat cwd=C:\Users\yhach\Documents\tradebotfile)
2026-05-18 09:49:44,533 [INFO] spawned bat=start_paper_trade.bat abs=C:\Users\yhach\Documents\tradebotfile\scripts\start_paper_trade.bat cwd=C:\Users\yhach\Documents\tradebotfile child_pid=125744
2026-05-18 09:49:44,533 [INFO] paper_trade: start_paper_trade.bat spawn OK child_pid=125744
2026-05-18 09:49:48,534 [INFO] paper_trade: post-restart alive check after 4s running=False
2026-05-18 09:49:48,535 [INFO] [WATCHDOG] restarted paper_trade
2026-05-18 09:49:49,020 [INFO] tick jst=2026-05-18 09:49 paper_window=yes issue_bot=ok paper_trade=restarted
2026-05-18 09:54:49,025 [WARNING] paper_trade: restart attempt (running=False bat=C:\Users\yhach\Documents\tradebotfile\scripts\start_paper_trade.bat cwd=C:\Users\yhach\Documents\tradebotfile)
2026-05-18 09:54:49,029 [INFO] spawned bat=start_paper_trade.bat abs=C:\Users\yhach\Documents\tradebotfile\scripts\start_paper_trade.bat cwd=C:\Users\yhach\Documents\tradebotfile child_pid=140780
2026-05-18 09:54:49,029 [INFO] paper_trade: start_paper_trade.bat spawn OK child_pid=140780
2026-05-18 09:54:53,030 [INFO] paper_trade: post-restart alive check after 4s running=False
2026-05-18 09:54:53,031 [INFO] [WATCHDOG] restarted paper_trade
2026-05-18 09:54:53,645 [INFO] tick jst=2026-05-18 09:54 paper_window=yes issue_bot=ok paper_trade=restarted
2026-05-18 09:59:53,650 [WARNING] paper_trade: restart attempt (running=False bat=C:\Users\yhach\Documents\tradebotfile\scripts\start_paper_trade.bat cwd=C:\Users\yhach\Documents\tradebotfile)
2026-05-18 09:59:53,652 [INFO] spawned bat=start_paper_trade.bat abs=C:\Users\yhach\Documents\tradebotfile\scripts\start_paper_trade.bat cwd=C:\Users\yhach\Documents\tradebotfile child_pid=144692
2026-05-18 09:59:53,652 [INFO] paper_trade: start_paper_trade.bat spawn OK child_pid=144692
2026-05-18 09:59:57,655 [INFO] paper_trade: post-restart alive check after 4s running=False
2026-05-18 09:59:57,655 [INFO] [WATCHDOG] restarted paper_trade
2026-05-18 09:59:58,179 [INFO] tick jst=2026-05-18 09:59 paper_window=yes issue_bot=ok paper_trade=restarted
2026-05-18 10:04:58,185 [WARNING] paper_trade: restart attempt (running=False bat=C:\Users\yhach\Documents\tradebotfile\scripts\start_paper_trade.bat cwd=C:\Users\yhach\Documents\tradebotfile)
2026-05-18 10:04:58,189 [INFO] spawned bat=start_paper_trade.bat abs=C:\Users\yhach\Documents\tradebotfile\scripts\start_paper_trade.bat cwd=C:\Users\yhach\Documents\tradebotfile child_pid=39272
2026-05-18 10:04:58,189 [INFO] paper_trade: start_paper_trade.bat spawn OK child_pid=39272
2026-05-18 10:05:02,190 [INFO] paper_trade: post-restart alive check after 4s running=False
2026-05-18 10:05:02,190 [INFO] [WATCHDOG] restarted paper_trade
2026-05-18 10:05:02,762 [INFO] tick jst=2026-05-18 10:04 paper_window=yes issue_bot=ok paper_trade=restarted
2026-05-18 10:10:02,768 [WARNING] paper_trade: restart attempt (running=False bat=C:\Users\yhach\Documents\tradebotfile\scripts\start_paper_trade.bat cwd=C:\Users\yhach\Documents\tradebotfile)
2026-05-18 10:10:02,770 [INFO] spawned bat=start_paper_trade.bat abs=C:\Users\yhach\Documents\tradebotfile\scripts\start_paper_trade.bat cwd=C:\Users\yhach\Documents\tradebotfile child_pid=35792
2026-05-18 10:10:02,770 [INFO] paper_trade: start_paper_trade.bat spawn OK child_pid=35792
2026-05-18 10:10:06,772 [INFO] paper_trade: post-restart alive check after 4s running=False
2026-05-18 10:10:06,772 [INFO] [WATCHDOG] restarted paper_trade
2026-05-18 10:10:07,378 [INFO] tick jst=2026-05-18 10:10 paper_window=yes issue_bot=ok paper_trade=restarted
2026-05-18 10:15:07,383 [WARNING] paper_trade: restart attempt (running=False bat=C:\Users\yhach\Documents\tradebotfile\scripts\start_paper_trade.bat cwd=C:\Users\yhach\Documents\tradebotfile)
2026-05-18 10:15:07,385 [INFO] spawned bat=start_paper_trade.bat abs=C:\Users\yhach\Documents\tradebotfile\scripts\start_paper_trade.bat cwd=C:\Users\yhach\Documents\tradebotfile child_pid=22216
2026-05-18 10:15:07,386 [INFO] paper_trade: start_paper_trade.bat spawn OK child_pid=22216
2026-05-18 10:15:11,387 [INFO] paper_trade: post-restart alive check after 4s running=False
2026-05-18 10:15:11,387 [INFO] [WATCHDOG] restarted paper_trade
2026-05-18 10:15:12,009 [INFO] tick jst=2026-05-18 10:15 paper_window=yes issue_bot=ok paper_trade=restarted
2026-05-18 10:20:12,014 [WARNING] paper_trade: restart attempt (running=False bat=C:\Users\yhach\Documents\tradebotfile\scripts\start_paper_trade.bat cwd=C:\Users\yhach\Documents\tradebotfile)
2026-05-18 10:20:12,016 [INFO] spawned bat=start_paper_trade.bat abs=C:\Users\yhach\Documents\tradebotfile\scripts\start_paper_trade.bat cwd=C:\Users\yhach\Documents\tradebotfile child_pid=74296
2026-05-18 10:20:12,016 [INFO] paper_trade: start_paper_trade.bat spawn OK child_pid=74296
2026-05-18 10:20:16,018 [INFO] paper_trade: post-restart alive check after 4s running=False
2026-05-18 10:20:16,018 [INFO] [WATCHDOG] restarted paper_trade
2026-05-18 10:20:16,500 [INFO] tick jst=2026-05-18 10:20 paper_window=yes issue_bot=ok paper_trade=restarted
2026-05-18 10:25:16,506 [WARNING] paper_trade: restart attempt (running=False bat=C:\Users\yhach\Documents\tradebotfile\scripts\start_paper_trade.bat cwd=C:\Users\yhach\Documents\tradebotfile)
2026-05-18 10:25:16,508 [INFO] spawned bat=start_paper_trade.bat abs=C:\Users\yhach\Documents\tradebotfile\scripts\start_paper_trade.bat cwd=C:\Users\yhach\Documents\tradebotfile child_pid=121124
2026-05-18 10:25:16,508 [INFO] paper_trade: start_paper_trade.bat spawn OK child_pid=121124
2026-05-18 10:25:20,508 [INFO] paper_trade: post-restart alive check after 4s running=False
2026-05-18 10:25:20,509 [INFO] [WATCHDOG] restarted paper_trade
2026-05-18 10:25:21,285 [INFO] tick jst=2026-05-18 10:25 paper_window=yes issue_bot=ok paper_trade=restarted
2026-05-18 10:30:21,291 [WARNING] paper_trade: restart attempt (running=False bat=C:\Users\yhach\Documents\tradebotfile\scripts\start_paper_trade.bat cwd=C:\Users\yhach\Documents\tradebotfile)
2026-05-18 10:30:21,294 [INFO] spawned bat=start_paper_trade.bat abs=C:\Users\yhach\Documents\tradebotfile\scripts\start_paper_trade.bat cwd=C:\Users\yhach\Documents\tradebotfile child_pid=31936
2026-05-18 10:30:21,294 [INFO] paper_trade: start_paper_trade.bat spawn OK child_pid=31936
2026-05-18 10:30:25,295 [INFO] paper_trade: post-restart alive check after 4s running=False
2026-05-18 10:30:25,295 [INFO] [WATCHDOG] restarted paper_trade
2026-05-18 10:30:25,837 [INFO] tick jst=2026-05-18 10:30 paper_window=yes issue_bot=ok paper_trade=restarted
2026-05-18 10:35:25,843 [WARNING] paper_trade: restart attempt (running=False bat=C:\Users\yhach\Documents\tradebotfile\scripts\start_paper_trade.bat cwd=C:\Users\yhach\Documents\tradebotfile)
2026-05-18 10:35:25,846 [INFO] spawned bat=start_paper_trade.bat abs=C:\Users\yhach\Documents\tradebotfile\scripts\start_paper_trade.bat cwd=C:\Users\yhach\Documents\tradebotfile child_pid=38500
2026-05-18 10:35:25,846 [INFO] paper_trade: start_paper_trade.bat spawn OK child_pid=38500
2026-05-18 10:35:29,847 [INFO] paper_trade: post-restart alive check after 4s running=False
2026-05-18 10:35:29,848 [INFO] [WATCHDOG] restarted paper_trade
2026-05-18 10:35:30,380 [INFO] tick jst=2026-05-18 10:35 paper_window=yes issue_bot=ok paper_trade=restarted
2026-05-18 10:40:30,386 [WARNING] paper_trade: restart attempt (running=False bat=C:\Users\yhach\Documents\tradebotfile\scripts\start_paper_trade.bat cwd=C:\Users\yhach\Documents\tradebotfile)
2026-05-18 10:40:30,394 [INFO] spawned bat=start_paper_trade.bat abs=C:\Users\yhach\Documents\tradebotfile\scripts\start_paper_trade.bat cwd=C:\Users\yhach\Documents\tradebotfile child_pid=91760
2026-05-18 10:40:30,395 [INFO] paper_trade: start_paper_trade.bat spawn OK child_pid=91760
2026-05-18 10:40:34,395 [INFO] paper_trade: post-restart alive check after 4s running=False
2026-05-18 10:40:34,395 [INFO] [WATCHDOG] restarted paper_trade
2026-05-18 10:40:34,906 [INFO] tick jst=2026-05-18 10:40 paper_window=yes issue_bot=ok paper_trade=restarted
2026-05-18 10:45:34,915 [WARNING] paper_trade: restart attempt (running=False bat=C:\Users\yhach\Documents\tradebotfile\scripts\start_paper_trade.bat cwd=C:\Users\yhach\Documents\tradebotfile)
2026-05-18 10:45:34,920 [INFO] spawned bat=start_paper_trade.bat abs=C:\Users\yhach\Documents\tradebotfile\scripts\start_paper_trade.bat cwd=C:\Users\yhach\Documents\tradebotfile child_pid=140336
2026-05-18 10:45:34,921 [INFO] paper_trade: start_paper_trade.bat spawn OK child_pid=140336
2026-05-18 10:45:38,922 [INFO] paper_trade: post-restart alive check after 4s running=False
2026-05-18 10:45:38,922 [INFO] [WATCHDOG] restarted paper_trade
2026-05-18 10:45:39,424 [INFO] tick jst=2026-05-18 10:45 paper_window=yes issue_bot=ok paper_trade=restarted
2026-05-18 10:50:39,431 [WARNING] paper_trade: restart attempt (running=False bat=C:\Users\yhach\Documents\tradebotfile\scripts\start_paper_trade.bat cwd=C:\Users\yhach\Documents\tradebotfile)
2026-05-18 10:50:39,438 [INFO] spawned bat=start_paper_trade.bat abs=C:\Users\yhach\Documents\tradebotfile\scripts\start_paper_trade.bat cwd=C:\Users\yhach\Documents\tradebotfile child_pid=117112
2026-05-18 10:50:39,438 [INFO] paper_trade: start_paper_trade.bat spawn OK child_pid=117112
2026-05-18 10:50:43,439 [INFO] paper_trade: post-restart alive check after 4s running=False
2026-05-18 10:50:43,439 [INFO] [WATCHDOG] restarted paper_trade
2026-05-18 10:50:43,948 [INFO] tick jst=2026-05-18 10:50 paper_window=yes issue_bot=ok paper_trade=restarted
2026-05-18 10:55:43,955 [WARNING] paper_trade: restart attempt (running=False bat=C:\Users\yhach\Documents\tradebotfile\scripts\start_paper_trade.bat cwd=C:\Users\yhach\Documents\tradebotfile)
2026-05-18 10:55:43,959 [INFO] spawned bat=start_paper_trade.bat abs=C:\Users\yhach\Documents\tradebotfile\scripts\start_paper_trade.bat cwd=C:\Users\yhach\Documents\tradebotfile child_pid=154852
2026-05-18 10:55:43,959 [INFO] paper_trade: start_paper_trade.bat spawn OK child_pid=154852
2026-05-18 10:55:47,960 [INFO] paper_trade: post-restart alive check after 4s running=False
2026-05-18 10:55:47,960 [INFO] [WATCHDOG] restarted paper_trade
2026-05-18 10:55:48,479 [INFO] tick jst=2026-05-18 10:55 paper_window=yes issue_bot=ok paper_trade=restarted
2026-05-18 11:00:48,486 [WARNING] paper_trade: restart attempt (running=False bat=C:\Users\yhach\Documents\tradebotfile\scripts\start_paper_trade.bat cwd=C:\Users\yhach\Documents\tradebotfile)
2026-05-18 11:00:48,492 [INFO] spawned bat=start_paper_trade.bat abs=C:\Users\yhach\Documents\tradebotfile\scripts\start_paper_trade.bat cwd=C:\Users\yhach\Documents\tradebotfile child_pid=154440
2026-05-18 11:00:48,492 [INFO] paper_trade: start_paper_trade.bat spawn OK child_pid=154440
2026-05-18 11:00:52,496 [INFO] paper_trade: post-restart alive check after 4s running=False
2026-05-18 11:00:52,496 [INFO] [WATCHDOG] restarted paper_trade
2026-05-18 11:00:53,049 [INFO] tick jst=2026-05-18 11:00 paper_window=yes issue_bot=ok paper_trade=restarted
2026-05-18 11:05:53,056 [WARNING] paper_trade: restart attempt (running=False bat=C:\Users\yhach\Documents\tradebotfile\scripts\start_paper_trade.bat cwd=C:\Users\yhach\Documents\tradebotfile)
2026-05-18 11:05:53,058 [INFO] spawned bat=start_paper_trade.bat abs=C:\Users\yhach\Documents\tradebotfile\scripts\start_paper_trade.bat cwd=C:\Users\yhach\Documents\tradebotfile child_pid=158292
2026-05-18 11:05:53,058 [INFO] paper_trade: start_paper_trade.bat spawn OK child_pid=158292
2026-05-18 11:05:57,059 [INFO] paper_trade: post-restart alive check after 4s running=False
2026-05-18 11:05:57,059 [INFO] [WATCHDOG] restarted paper_trade
2026-05-18 11:05:57,555 [INFO] tick jst=2026-05-18 11:05 paper_window=yes issue_bot=ok paper_trade=restarted
2026-05-18 11:10:57,561 [WARNING] paper_trade: restart attempt (running=False bat=C:\Users\yhach\Documents\tradebotfile\scripts\start_paper_trade.bat cwd=C:\Users\yhach\Documents\tradebotfile)
2026-05-18 11:10:57,563 [INFO] spawned bat=start_paper_trade.bat abs=C:\Users\yhach\Documents\tradebotfile\scripts\start_paper_trade.bat cwd=C:\Users\yhach\Documents\tradebotfile child_pid=100816
2026-05-18 11:10:57,563 [INFO] paper_trade: start_paper_trade.bat spawn OK child_pid=100816
2026-05-18 11:11:01,564 [INFO] paper_trade: post-restart alive check after 4s running=False
2026-05-18 11:11:01,564 [INFO] [WATCHDOG] restarted paper_trade
2026-05-18 11:11:02,104 [INFO] tick jst=2026-05-18 11:10 paper_window=yes issue_bot=ok paper_trade=restarted
2026-05-18 11:16:02,110 [WARNING] paper_trade: restart attempt (running=False bat=C:\Users\yhach\Documents\tradebotfile\scripts\start_paper_trade.bat cwd=C:\Users\yhach\Documents\tradebotfile)
2026-05-18 11:16:02,113 [INFO] spawned bat=start_paper_trade.bat abs=C:\Users\yhach\Documents\tradebotfile\scripts\start_paper_trade.bat cwd=C:\Users\yhach\Documents\tradebotfile child_pid=85832
2026-05-18 11:16:02,114 [INFO] paper_trade: start_paper_trade.bat spawn OK child_pid=85832
2026-05-18 11:16:06,115 [INFO] paper_trade: post-restart alive check after 4s running=False
2026-05-18 11:16:06,116 [INFO] [WATCHDOG] restarted paper_trade
2026-05-18 11:16:06,609 [INFO] tick jst=2026-05-18 11:16 paper_window=yes issue_bot=ok paper_trade=restarted
2026-05-18 11:21:06,615 [WARNING] paper_trade: restart attempt (running=False bat=C:\Users\yhach\Documents\tradebotfile\scripts\start_paper_trade.bat cwd=C:\Users\yhach\Documents\tradebotfile)
2026-05-18 11:21:06,617 [INFO] spawned bat=start_paper_trade.bat abs=C:\Users\yhach\Documents\tradebotfile\scripts\start_paper_trade.bat cwd=C:\Users\yhach\Documents\tradebotfile child_pid=8768
2026-05-18 11:21:06,617 [INFO] paper_trade: start_paper_trade.bat spawn OK child_pid=8768
2026-05-18 11:21:10,618 [INFO] paper_trade: post-restart alive check after 4s running=False
2026-05-18 11:21:10,618 [INFO] [WATCHDOG] restarted paper_trade
2026-05-18 11:21:11,106 [INFO] tick jst=2026-05-18 11:21 paper_window=yes issue_bot=ok paper_trade=restarted
2026-05-18 11:26:11,112 [WARNING] paper_trade: restart attempt (running=False bat=C:\Users\yhach\Documents\tradebotfile\scripts\start_paper_trade.bat cwd=C:\Users\yhach\Documents\tradebotfile)
2026-05-18 11:26:11,114 [INFO] spawned bat=start_paper_trade.bat abs=C:\Users\yhach\Documents\tradebotfile\scripts\start_paper_trade.bat cwd=C:\Users\yhach\Documents\tradebotfile child_pid=146880
2026-05-18 11:26:11,114 [INFO] paper_trade: start_paper_trade.bat spawn OK child_pid=146880
2026-05-18 11:26:15,115 [INFO] paper_trade: post-restart alive check after 4s running=False
2026-05-18 11:26:15,115 [INFO] [WATCHDOG] restarted paper_trade
2026-05-18 11:26:15,637 [INFO] tick jst=2026-05-18 11:26 paper_window=yes issue_bot=ok paper_trade=restarted
2026-05-18 11:31:15,645 [WARNING] paper_trade: restart attempt (running=False bat=C:\Users\yhach\Documents\tradebotfile\scripts\start_paper_trade.bat cwd=C:\Users\yhach\Documents\tradebotfile)
2026-05-18 11:31:15,651 [INFO] spawned bat=start_paper_trade.bat abs=C:\Users\yhach\Documents\tradebotfile\scripts\start_paper_trade.bat cwd=C:\Users\yhach\Documents\tradebotfile child_pid=64252
2026-05-18 11:31:15,651 [INFO] paper_trade: start_paper_trade.bat spawn OK child_pid=64252
2026-05-18 11:31:19,655 [INFO] paper_trade: post-restart alive check after 4s running=False
2026-05-18 11:31:19,656 [INFO] [WATCHDOG] restarted paper_trade
2026-05-18 11:31:20,204 [INFO] tick jst=2026-05-18 11:31 paper_window=yes issue_bot=ok paper_trade=restarted
2026-05-18 11:36:20,212 [WARNING] paper_trade: restart attempt (running=False bat=C:\Users\yhach\Documents\tradebotfile\scripts\start_paper_trade.bat cwd=C:\Users\yhach\Documents\tradebotfile)
2026-05-18 11:36:20,217 [INFO] spawned bat=start_paper_trade.bat abs=C:\Users\yhach\Documents\tradebotfile\scripts\start_paper_trade.bat cwd=C:\Users\yhach\Documents\tradebotfile child_pid=119864
2026-05-18 11:36:20,218 [INFO] paper_trade: start_paper_trade.bat spawn OK child_pid=119864
2026-05-18 11:36:24,220 [INFO] paper_trade: post-restart alive check after 4s running=False
2026-05-18 11:36:24,220 [INFO] [WATCHDOG] restarted paper_trade
2026-05-18 11:36:24,764 [INFO] tick jst=2026-05-18 11:36 paper_window=yes issue_bot=ok paper_trade=restarted
2026-05-18 11:41:24,772 [WARNING] paper_trade: restart attempt (running=False bat=C:\Users\yhach\Documents\tradebotfile\scripts\start_paper_trade.bat cwd=C:\Users\yhach\Documents\tradebotfile)
2026-05-18 11:41:24,781 [INFO] spawned bat=start_paper_trade.bat abs=C:\Users\yhach\Documents\tradebotfile\scripts\start_paper_trade.bat cwd=C:\Users\yhach\Documents\tradebotfile child_pid=73092
2026-05-18 11:41:24,782 [INFO] paper_trade: start_paper_trade.bat spawn OK child_pid=73092
2026-05-18 11:41:28,783 [INFO] paper_trade: post-restart alive check after 4s running=False
2026-05-18 11:41:28,783 [INFO] [WATCHDOG] restarted paper_trade
2026-05-18 11:41:29,405 [INFO] tick jst=2026-05-18 11:41 paper_window=yes issue_bot=ok paper_trade=restarted
2026-05-18 11:46:29,412 [WARNING] paper_trade: restart attempt (running=False bat=C:\Users\yhach\Documents\tradebotfile\scripts\start_paper_trade.bat cwd=C:\Users\yhach\Documents\tradebotfile)
2026-05-18 11:46:29,419 [INFO] spawned bat=start_paper_trade.bat abs=C:\Users\yhach\Documents\tradebotfile\scripts\start_paper_trade.bat cwd=C:\Users\yhach\Documents\tradebotfile child_pid=75688
2026-05-18 11:46:29,420 [INFO] paper_trade: start_paper_trade.bat spawn OK child_pid=75688
2026-05-18 11:46:33,421 [INFO] paper_trade: post-restart alive check after 4s running=False
2026-05-18 11:46:33,421 [INFO] [WATCHDOG] restarted paper_trade
2026-05-18 11:46:33,987 [INFO] tick jst=2026-05-18 11:46 paper_window=yes issue_bot=ok paper_trade=restarted
2026-05-18 11:51:33,993 [WARNING] paper_trade: restart attempt (running=False bat=C:\Users\yhach\Documents\tradebotfile\scripts\start_paper_trade.bat cwd=C:\Users\yhach\Documents\tradebotfile)
2026-05-18 11:51:33,998 [INFO] spawned bat=start_paper_trade.bat abs=C:\Users\yhach\Documents\tradebotfile\scripts\start_paper_trade.bat cwd=C:\Users\yhach\Documents\tradebotfile child_pid=99176
2026-05-18 11:51:33,998 [INFO] paper_trade: start_paper_trade.bat spawn OK child_pid=99176
2026-05-18 11:51:38,000 [INFO] paper_trade: post-restart alive check after 4s running=False
2026-05-18 11:51:38,000 [INFO] [WATCHDOG] restarted paper_trade
2026-05-18 11:51:38,654 [INFO] tick jst=2026-05-18 11:51 paper_window=yes issue_bot=ok paper_trade=restarted
2026-05-18 11:56:38,661 [WARNING] paper_trade: restart attempt (running=False bat=C:\Users\yhach\Documents\tradebotfile\scripts\start_paper_trade.bat cwd=C:\Users\yhach\Documents\tradebotfile)
2026-05-18 11:56:38,666 [INFO] spawned bat=start_paper_trade.bat abs=C:\Users\yhach\Documents\tradebotfile\scripts\start_paper_trade.bat cwd=C:\Users\yhach\Documents\tradebotfile child_pid=109108
2026-05-18 11:56:38,666 [INFO] paper_trade: start_paper_trade.bat spawn OK child_pid=109108
2026-05-18 11:56:42,668 [INFO] paper_trade: post-restart alive check after 4s running=False
2026-05-18 11:56:42,668 [INFO] [WATCHDOG] restarted paper_trade
2026-05-18 11:56:43,195 [INFO] tick jst=2026-05-18 11:56 paper_window=yes issue_bot=ok paper_trade=restarted
2026-05-18 12:01:43,203 [WARNING] paper_trade: restart attempt (running=False bat=C:\Users\yhach\Documents\tradebotfile\scripts\start_paper_trade.bat cwd=C:\Users\yhach\Documents\tradebotfile)
2026-05-18 12:01:43,208 [INFO] spawned bat=start_paper_trade.bat abs=C:\Users\yhach\Documents\tradebotfile\scripts\start_paper_trade.bat cwd=C:\Users\yhach\Documents\tradebotfile child_pid=16788
2026-05-18 12:01:43,208 [INFO] paper_trade: start_paper_trade.bat spawn OK child_pid=16788
2026-05-18 12:01:47,210 [INFO] paper_trade: post-restart alive check after 4s running=False
2026-05-18 12:01:47,210 [INFO] [WATCHDOG] restarted paper_trade
2026-05-18 12:01:48,057 [INFO] tick jst=2026-05-18 12:01 paper_window=yes issue_bot=ok paper_trade=restarted
2026-05-18 12:06:48,063 [WARNING] paper_trade: restart attempt (running=False bat=C:\Users\yhach\Documents\tradebotfile\scripts\start_paper_trade.bat cwd=C:\Users\yhach\Documents\tradebotfile)
2026-05-18 12:06:48,067 [INFO] spawned bat=start_paper_trade.bat abs=C:\Users\yhach\Documents\tradebotfile\scripts\start_paper_trade.bat cwd=C:\Users\yhach\Documents\tradebotfile child_pid=28868
2026-05-18 12:06:48,067 [INFO] paper_trade: start_paper_trade.bat spawn OK child_pid=28868
2026-05-18 12:06:52,068 [INFO] paper_trade: post-restart alive check after 4s running=False
2026-05-18 12:06:52,068 [INFO] [WATCHDOG] restarted paper_trade
2026-05-18 12:06:52,561 [INFO] tick jst=2026-05-18 12:06 paper_window=yes issue_bot=ok paper_trade=restarted
2026-05-18 12:11:52,569 [WARNING] paper_trade: restart attempt (running=False bat=C:\Users\yhach\Documents\tradebotfile\scripts\start_paper_trade.bat cwd=C:\Users\yhach\Documents\tradebotfile)
2026-05-18 12:11:52,580 [INFO] spawned bat=start_paper_trade.bat abs=C:\Users\yhach\Documents\tradebotfile\scripts\start_paper_trade.bat cwd=C:\Users\yhach\Documents\tradebotfile child_pid=115120
2026-05-18 12:11:52,581 [INFO] paper_trade: start_paper_trade.bat spawn OK child_pid=115120
2026-05-18 12:11:56,582 [INFO] paper_trade: post-restart alive check after 4s running=False
2026-05-18 12:11:56,582 [INFO] [WATCHDOG] restarted paper_trade
2026-05-18 12:11:57,094 [INFO] tick jst=2026-05-18 12:11 paper_window=yes issue_bot=ok paper_trade=restarted
2026-05-18 12:16:57,100 [WARNING] paper_trade: restart attempt (running=False bat=C:\Users\yhach\Documents\tradebotfile\scripts\start_paper_trade.bat cwd=C:\Users\yhach\Documents\tradebotfile)
2026-05-18 12:16:57,103 [INFO] spawned bat=start_paper_trade.bat abs=C:\Users\yhach\Documents\tradebotfile\scripts\start_paper_trade.bat cwd=C:\Users\yhach\Documents\tradebotfile child_pid=69640
2026-05-18 12:16:57,104 [INFO] paper_trade: start_paper_trade.bat spawn OK child_pid=69640
2026-05-18 12:17:01,105 [INFO] paper_trade: post-restart alive check after 4s running=False
2026-05-18 12:17:01,105 [INFO] [WATCHDOG] restarted paper_trade
2026-05-18 12:17:01,586 [INFO] tick jst=2026-05-18 12:16 paper_window=yes issue_bot=ok paper_trade=restarted
2026-05-18 12:22:01,593 [WARNING] paper_trade: restart attempt (running=False bat=C:\Users\yhach\Documents\tradebotfile\scripts\start_paper_trade.bat cwd=C:\Users\yhach\Documents\tradebotfile)
2026-05-18 12:22:01,605 [INFO] spawned bat=start_paper_trade.bat abs=C:\Users\yhach\Documents\tradebotfile\scripts\start_paper_trade.bat cwd=C:\Users\yhach\Documents\tradebotfile child_pid=125580
2026-05-18 12:22:01,605 [INFO] paper_trade: start_paper_trade.bat spawn OK child_pid=125580
2026-05-18 12:22:05,606 [INFO] paper_trade: post-restart alive check after 4s running=False
2026-05-18 12:22:05,606 [INFO] [WATCHDOG] restarted paper_trade
2026-05-18 12:22:06,140 [INFO] tick jst=2026-05-18 12:22 paper_window=yes issue_bot=ok paper_trade=restarted
2026-05-18 12:27:06,146 [WARNING] paper_trade: restart attempt (running=False bat=C:\Users\yhach\Documents\tradebotfile\scripts\start_paper_trade.bat cwd=C:\Users\yhach\Documents\tradebotfile)
2026-05-18 12:27:06,149 [INFO] spawned bat=start_paper_trade.bat abs=C:\Users\yhach\Documents\tradebotfile\scripts\start_paper_trade.bat cwd=C:\Users\yhach\Documents\tradebotfile child_pid=31708
2026-05-18 12:27:06,149 [INFO] paper_trade: start_paper_trade.bat spawn OK child_pid=31708
2026-05-18 12:27:10,150 [INFO] paper_trade: post-restart alive check after 4s running=False
2026-05-18 12:27:10,150 [INFO] [WATCHDOG] restarted paper_trade
2026-05-18 12:27:10,679 [INFO] tick jst=2026-05-18 12:27 paper_window=yes issue_bot=ok paper_trade=restarted
2026-05-18 12:32:10,684 [WARNING] paper_trade: restart attempt (running=False bat=C:\Users\yhach\Documents\tradebotfile\scripts\start_paper_trade.bat cwd=C:\Users\yhach\Documents\tradebotfile)
2026-05-18 12:32:10,687 [INFO] spawned bat=start_paper_trade.bat abs=C:\Users\yhach\Documents\tradebotfile\scripts\start_paper_trade.bat cwd=C:\Users\yhach\Documents\tradebotfile child_pid=73148
2026-05-18 12:32:10,687 [INFO] paper_trade: start_paper_trade.bat spawn OK child_pid=73148
2026-05-18 12:32:14,688 [INFO] paper_trade: post-restart alive check after 4s running=False
2026-05-18 12:32:14,688 [INFO] [WATCHDOG] restarted paper_trade
2026-05-18 12:32:15,200 [INFO] tick jst=2026-05-18 12:32 paper_window=yes issue_bot=ok paper_trade=restarted
2026-05-18 12:37:15,207 [WARNING] paper_trade: restart attempt (running=False bat=C:\Users\yhach\Documents\tradebotfile\scripts\start_paper_trade.bat cwd=C:\Users\yhach\Documents\tradebotfile)
2026-05-18 12:37:15,211 [INFO] spawned bat=start_paper_trade.bat abs=C:\Users\yhach\Documents\tradebotfile\scripts\start_paper_trade.bat cwd=C:\Users\yhach\Documents\tradebotfile child_pid=60584
2026-05-18 12:37:15,212 [INFO] paper_trade: start_paper_trade.bat spawn OK child_pid=60584
2026-05-18 12:37:19,213 [INFO] paper_trade: post-restart alive check after 4s running=False
2026-05-18 12:37:19,213 [INFO] [WATCHDOG] restarted paper_trade
2026-05-18 12:37:19,689 [INFO] tick jst=2026-05-18 12:37 paper_window=yes issue_bot=ok paper_trade=restarted
2026-05-18 12:42:19,694 [WARNING] paper_trade: restart attempt (running=False bat=C:\Users\yhach\Documents\tradebotfile\scripts\start_paper_trade.bat cwd=C:\Users\yhach\Documents\tradebotfile)
2026-05-18 12:42:19,697 [INFO] spawned bat=start_paper_trade.bat abs=C:\Users\yhach\Documents\tradebotfile\scripts\start_paper_trade.bat cwd=C:\Users\yhach\Documents\tradebotfile child_pid=56268
2026-05-18 12:42:19,698 [INFO] paper_trade: start_paper_trade.bat spawn OK child_pid=56268
2026-05-18 12:42:23,699 [INFO] paper_trade: post-restart alive check after 4s running=False
2026-05-18 12:42:23,699 [INFO] [WATCHDOG] restarted paper_trade
2026-05-18 12:42:24,227 [INFO] tick jst=2026-05-18 12:42 paper_window=yes issue_bot=ok paper_trade=restarted
2026-05-18 12:47:24,234 [WARNING] paper_trade: restart attempt (running=False bat=C:\Users\yhach\Documents\tradebotfile\scripts\start_paper_trade.bat cwd=C:\Users\yhach\Documents\tradebotfile)
2026-05-18 12:47:24,241 [INFO] spawned bat=start_paper_trade.bat abs=C:\Users\yhach\Documents\tradebotfile\scripts\start_paper_trade.bat cwd=C:\Users\yhach\Documents\tradebotfile child_pid=79552
2026-05-18 12:47:24,242 [INFO] paper_trade: start_paper_trade.bat spawn OK child_pid=79552
2026-05-18 12:47:28,243 [INFO] paper_trade: post-restart alive check after 4s running=False
2026-05-18 12:47:28,243 [INFO] [WATCHDOG] restarted paper_trade
2026-05-18 12:47:28,746 [INFO] tick jst=2026-05-18 12:47 paper_window=yes issue_bot=ok paper_trade=restarted
2026-05-18 12:52:28,752 [WARNING] paper_trade: restart attempt (running=False bat=C:\Users\yhach\Documents\tradebotfile\scripts\start_paper_trade.bat cwd=C:\Users\yhach\Documents\tradebotfile)
2026-05-18 12:52:28,757 [INFO] spawned bat=start_paper_trade.bat abs=C:\Users\yhach\Documents\tradebotfile\scripts\start_paper_trade.bat cwd=C:\Users\yhach\Documents\tradebotfile child_pid=128580
2026-05-18 12:52:28,757 [INFO] paper_trade: start_paper_trade.bat spawn OK child_pid=128580
2026-05-18 12:52:32,758 [INFO] paper_trade: post-restart alive check after 4s running=False
2026-05-18 12:52:32,758 [INFO] [WATCHDOG] restarted paper_trade
2026-05-18 12:52:33,339 [INFO] tick jst=2026-05-18 12:52 paper_window=yes issue_bot=ok paper_trade=restarted
2026-05-18 12:57:33,345 [WARNING] paper_trade: restart attempt (running=False bat=C:\Users\yhach\Documents\tradebotfile\scripts\start_paper_trade.bat cwd=C:\Users\yhach\Documents\tradebotfile)
2026-05-18 12:57:33,348 [INFO] spawned bat=start_paper_trade.bat abs=C:\Users\yhach\Documents\tradebotfile\scripts\start_paper_trade.bat cwd=C:\Users\yhach\Documents\tradebotfile child_pid=60024
2026-05-18 12:57:33,349 [INFO] paper_trade: start_paper_trade.bat spawn OK child_pid=60024
2026-05-18 12:57:37,350 [INFO] paper_trade: post-restart alive check after 4s running=False
2026-05-18 12:57:37,350 [INFO] [WATCHDOG] restarted paper_trade
2026-05-18 12:57:37,837 [INFO] tick jst=2026-05-18 12:57 paper_window=yes issue_bot=ok paper_trade=restarted
2026-05-18 13:02:37,842 [WARNING] paper_trade: restart attempt (running=False bat=C:\Users\yhach\Documents\tradebotfile\scripts\start_paper_trade.bat cwd=C:\Users\yhach\Documents\tradebotfile)
2026-05-18 13:02:37,844 [INFO] spawned bat=start_paper_trade.bat abs=C:\Users\yhach\Documents\tradebotfile\scripts\start_paper_trade.bat cwd=C:\Users\yhach\Documents\tradebotfile child_pid=88448
2026-05-18 13:02:37,844 [INFO] paper_trade: start_paper_trade.bat spawn OK child_pid=88448
2026-05-18 13:02:41,846 [INFO] paper_trade: post-restart alive check after 4s running=False
2026-05-18 13:02:41,846 [INFO] [WATCHDOG] restarted paper_trade
2026-05-18 13:02:42,419 [INFO] tick jst=2026-05-18 13:02 paper_window=yes issue_bot=ok paper_trade=restarted
2026-05-18 13:07:42,424 [WARNING] paper_trade: restart attempt (running=False bat=C:\Users\yhach\Documents\tradebotfile\scripts\start_paper_trade.bat cwd=C:\Users\yhach\Documents\tradebotfile)
2026-05-18 13:07:42,426 [INFO] spawned bat=start_paper_trade.bat abs=C:\Users\yhach\Documents\tradebotfile\scripts\start_paper_trade.bat cwd=C:\Users\yhach\Documents\tradebotfile child_pid=25428
2026-05-18 13:07:42,426 [INFO] paper_trade: start_paper_trade.bat spawn OK child_pid=25428
2026-05-18 13:07:46,428 [INFO] paper_trade: post-restart alive check after 4s running=False
2026-05-18 13:07:46,428 [INFO] [WATCHDOG] restarted paper_trade
2026-05-18 13:07:46,938 [INFO] tick jst=2026-05-18 13:07 paper_window=yes issue_bot=ok paper_trade=restarted
2026-05-18 13:12:46,943 [WARNING] paper_trade: restart attempt (running=False bat=C:\Users\yhach\Documents\tradebotfile\scripts\start_paper_trade.bat cwd=C:\Users\yhach\Documents\tradebotfile)
2026-05-18 13:12:46,946 [INFO] spawned bat=start_paper_trade.bat abs=C:\Users\yhach\Documents\tradebotfile\scripts\start_paper_trade.bat cwd=C:\Users\yhach\Documents\tradebotfile child_pid=41868
2026-05-18 13:12:46,946 [INFO] paper_trade: start_paper_trade.bat spawn OK child_pid=41868
2026-05-18 13:12:50,947 [INFO] paper_trade: post-restart alive check after 4s running=False
2026-05-18 13:12:50,947 [INFO] [WATCHDOG] restarted paper_trade
2026-05-18 13:12:51,405 [INFO] tick jst=2026-05-18 13:12 paper_window=yes issue_bot=ok paper_trade=restarted
2026-05-18 13:17:51,411 [WARNING] paper_trade: restart attempt (running=False bat=C:\Users\yhach\Documents\tradebotfile\scripts\start_paper_trade.bat cwd=C:\Users\yhach\Documents\tradebotfile)
2026-05-18 13:17:51,413 [INFO] spawned bat=start_paper_trade.bat abs=C:\Users\yhach\Documents\tradebotfile\scripts\start_paper_trade.bat cwd=C:\Users\yhach\Documents\tradebotfile child_pid=103324
2026-05-18 13:17:51,413 [INFO] paper_trade: start_paper_trade.bat spawn OK child_pid=103324
2026-05-18 13:17:55,414 [INFO] paper_trade: post-restart alive check after 4s running=False
2026-05-18 13:17:55,414 [INFO] [WATCHDOG] restarted paper_trade
2026-05-18 13:17:55,945 [INFO] tick jst=2026-05-18 13:17 paper_window=yes issue_bot=ok paper_trade=restarted
2026-05-18 13:22:55,951 [WARNING] paper_trade: restart attempt (running=False bat=C:\Users\yhach\Documents\tradebotfile\scripts\start_paper_trade.bat cwd=C:\Users\yhach\Documents\tradebotfile)
2026-05-18 13:22:55,953 [INFO] spawned bat=start_paper_trade.bat abs=C:\Users\yhach\Documents\tradebotfile\scripts\start_paper_trade.bat cwd=C:\Users\yhach\Documents\tradebotfile child_pid=30028
2026-05-18 13:22:55,953 [INFO] paper_trade: start_paper_trade.bat spawn OK child_pid=30028
2026-05-18 13:22:59,954 [INFO] paper_trade: post-restart alive check after 4s running=False
2026-05-18 13:22:59,954 [INFO] [WATCHDOG] restarted paper_trade
2026-05-18 13:23:00,479 [INFO] tick jst=2026-05-18 13:22 paper_window=yes issue_bot=ok paper_trade=restarted
2026-05-18 13:28:00,484 [WARNING] paper_trade: restart attempt (running=False bat=C:\Users\yhach\Documents\tradebotfile\scripts\start_paper_trade.bat cwd=C:\Users\yhach\Documents\tradebotfile)
2026-05-18 13:28:00,486 [INFO] spawned bat=start_paper_trade.bat abs=C:\Users\yhach\Documents\tradebotfile\scripts\start_paper_trade.bat cwd=C:\Users\yhach\Documents\tradebotfile child_pid=155072
2026-05-18 13:28:00,486 [INFO] paper_trade: start_paper_trade.bat spawn OK child_pid=155072
2026-05-18 13:28:04,487 [INFO] paper_trade: post-restart alive check after 4s running=False
2026-05-18 13:28:04,487 [INFO] [WATCHDOG] restarted paper_trade
2026-05-18 13:28:05,026 [INFO] tick jst=2026-05-18 13:28 paper_window=yes issue_bot=ok paper_trade=restarted
2026-05-18 13:33:05,031 [WARNING] paper_trade: restart attempt (running=False bat=C:\Users\yhach\Documents\tradebotfile\scripts\start_paper_trade.bat cwd=C:\Users\yhach\Documents\tradebotfile)
2026-05-18 13:33:05,034 [INFO] spawned bat=start_paper_trade.bat abs=C:\Users\yhach\Documents\tradebotfile\scripts\start_paper_trade.bat cwd=C:\Users\yhach\Documents\tradebotfile child_pid=112256
2026-05-18 13:33:05,034 [INFO] paper_trade: start_paper_trade.bat spawn OK child_pid=112256
2026-05-18 13:33:09,036 [INFO] paper_trade: post-restart alive check after 4s running=False
2026-05-18 13:33:09,036 [INFO] [WATCHDOG] restarted paper_trade
2026-05-18 13:33:09,483 [INFO] tick jst=2026-05-18 13:33 paper_window=yes issue_bot=ok paper_trade=restarted
2026-05-18 13:38:09,489 [WARNING] paper_trade: restart attempt (running=False bat=C:\Users\yhach\Documents\tradebotfile\scripts\start_paper_trade.bat cwd=C:\Users\yhach\Documents\tradebotfile)
2026-05-18 13:38:09,499 [INFO] spawned bat=start_paper_trade.bat abs=C:\Users\yhach\Documents\tradebotfile\scripts\start_paper_trade.bat cwd=C:\Users\yhach\Documents\tradebotfile child_pid=158292
2026-05-18 13:38:09,500 [INFO] paper_trade: start_paper_trade.bat spawn OK child_pid=158292
2026-05-18 13:38:13,501 [INFO] paper_trade: post-restart alive check after 4s running=False
2026-05-18 13:38:13,501 [INFO] [WATCHDOG] restarted paper_trade
2026-05-18 13:38:14,098 [INFO] tick jst=2026-05-18 13:38 paper_window=yes issue_bot=ok paper_trade=restarted
2026-05-18 13:43:14,106 [WARNING] paper_trade: restart attempt (running=False bat=C:\Users\yhach\Documents\tradebotfile\scripts\start_paper_trade.bat cwd=C:\Users\yhach\Documents\tradebotfile)
2026-05-18 13:43:14,110 [INFO] spawned bat=start_paper_trade.bat abs=C:\Users\yhach\Documents\tradebotfile\scripts\start_paper_trade.bat cwd=C:\Users\yhach\Documents\tradebotfile child_pid=41884
2026-05-18 13:43:14,111 [INFO] paper_trade: start_paper_trade.bat spawn OK child_pid=41884
2026-05-18 13:43:18,111 [INFO] paper_trade: post-restart alive check after 4s running=False
2026-05-18 13:43:18,111 [INFO] [WATCHDOG] restarted paper_trade
2026-05-18 13:43:18,722 [INFO] tick jst=2026-05-18 13:43 paper_window=yes issue_bot=ok paper_trade=restarted
2026-05-18 13:48:18,727 [WARNING] paper_trade: restart attempt (running=False bat=C:\Users\yhach\Documents\tradebotfile\scripts\start_paper_trade.bat cwd=C:\Users\yhach\Documents\tradebotfile)
2026-05-18 13:48:18,729 [INFO] spawned bat=start_paper_trade.bat abs=C:\Users\yhach\Documents\tradebotfile\scripts\start_paper_trade.bat cwd=C:\Users\yhach\Documents\tradebotfile child_pid=30236
2026-05-18 13:48:18,729 [INFO] paper_trade: start_paper_trade.bat spawn OK child_pid=30236
2026-05-18 13:48:22,729 [INFO] paper_trade: post-restart alive check after 4s running=False
2026-05-18 13:48:22,729 [INFO] [WATCHDOG] restarted paper_trade
2026-05-18 13:48:23,240 [INFO] tick jst=2026-05-18 13:48 paper_window=yes issue_bot=ok paper_trade=restarted
2026-05-18 13:53:23,246 [WARNING] paper_trade: restart attempt (running=False bat=C:\Users\yhach\Documents\tradebotfile\scripts\start_paper_trade.bat cwd=C:\Users\yhach\Documents\tradebotfile)
2026-05-18 13:53:23,255 [INFO] spawned bat=start_paper_trade.bat abs=C:\Users\yhach\Documents\tradebotfile\scripts\start_paper_trade.bat cwd=C:\Users\yhach\Documents\tradebotfile child_pid=149464
2026-05-18 13:53:23,255 [INFO] paper_trade: start_paper_trade.bat spawn OK child_pid=149464
2026-05-18 13:53:27,257 [INFO] paper_trade: post-restart alive check after 4s running=False
2026-05-18 13:53:27,257 [INFO] [WATCHDOG] restarted paper_trade
2026-05-18 13:53:27,789 [INFO] tick jst=2026-05-18 13:53 paper_window=yes issue_bot=ok paper_trade=restarted
2026-05-18 13:58:27,794 [WARNING] paper_trade: restart attempt (running=False bat=C:\Users\yhach\Documents\tradebotfile\scripts\start_paper_trade.bat cwd=C:\Users\yhach\Documents\tradebotfile)
2026-05-18 13:58:27,797 [INFO] spawned bat=start_paper_trade.bat abs=C:\Users\yhach\Documents\tradebotfile\scripts\start_paper_trade.bat cwd=C:\Users\yhach\Documents\tradebotfile child_pid=78184
2026-05-18 13:58:27,797 [INFO] paper_trade: start_paper_trade.bat spawn OK child_pid=78184
2026-05-18 13:58:31,799 [INFO] paper_trade: post-restart alive check after 4s running=False
2026-05-18 13:58:31,799 [INFO] [WATCHDOG] restarted paper_trade
2026-05-18 13:58:32,320 [INFO] tick jst=2026-05-18 13:58 paper_window=yes issue_bot=ok paper_trade=restarted
2026-05-18 14:03:32,325 [WARNING] paper_trade: restart attempt (running=False bat=C:\Users\yhach\Documents\tradebotfile\scripts\start_paper_trade.bat cwd=C:\Users\yhach\Documents\tradebotfile)
2026-05-18 14:03:32,327 [INFO] spawned bat=start_paper_trade.bat abs=C:\Users\yhach\Documents\tradebotfile\scripts\start_paper_trade.bat cwd=C:\Users\yhach\Documents\tradebotfile child_pid=80048
2026-05-18 14:03:32,327 [INFO] paper_trade: start_paper_trade.bat spawn OK child_pid=80048
2026-05-18 14:03:36,328 [INFO] paper_trade: post-restart alive check after 4s running=False
2026-05-18 14:03:36,328 [INFO] [WATCHDOG] restarted paper_trade
2026-05-18 14:03:36,859 [INFO] tick jst=2026-05-18 14:03 paper_window=yes issue_bot=ok paper_trade=restarted
2026-05-18 14:08:36,865 [WARNING] paper_trade: restart attempt (running=False bat=C:\Users\yhach\Documents\tradebotfile\scripts\start_paper_trade.bat cwd=C:\Users\yhach\Documents\tradebotfile)
2026-05-18 14:08:36,871 [INFO] spawned bat=start_paper_trade.bat abs=C:\Users\yhach\Documents\tradebotfile\scripts\start_paper_trade.bat cwd=C:\Users\yhach\Documents\tradebotfile child_pid=98516
2026-05-18 14:08:36,871 [INFO] paper_trade: start_paper_trade.bat spawn OK child_pid=98516
2026-05-18 14:08:40,872 [INFO] paper_trade: post-restart alive check after 4s running=False
2026-05-18 14:08:40,872 [INFO] [WATCHDOG] restarted paper_trade
2026-05-18 14:08:41,411 [INFO] tick jst=2026-05-18 14:08 paper_window=yes issue_bot=ok paper_trade=restarted
2026-05-18 14:13:41,416 [WARNING] paper_trade: restart attempt (running=False bat=C:\Users\yhach\Documents\tradebotfile\scripts\start_paper_trade.bat cwd=C:\Users\yhach\Documents\tradebotfile)
2026-05-18 14:13:41,418 [INFO] spawned bat=start_paper_trade.bat abs=C:\Users\yhach\Documents\tradebotfile\scripts\start_paper_trade.bat cwd=C:\Users\yhach\Documents\tradebotfile child_pid=81856
2026-05-18 14:13:41,418 [INFO] paper_trade: start_paper_trade.bat spawn OK child_pid=81856
2026-05-18 14:13:45,420 [INFO] paper_trade: post-restart alive check after 4s running=False
2026-05-18 14:13:45,420 [INFO] [WATCHDOG] restarted paper_trade
2026-05-18 14:13:45,932 [INFO] tick jst=2026-05-18 14:13 paper_window=yes issue_bot=ok paper_trade=restarted
2026-05-18 14:18:45,937 [WARNING] paper_trade: restart attempt (running=False bat=C:\Users\yhach\Documents\tradebotfile\scripts\start_paper_trade.bat cwd=C:\Users\yhach\Documents\tradebotfile)
2026-05-18 14:18:45,940 [INFO] spawned bat=start_paper_trade.bat abs=C:\Users\yhach\Documents\tradebotfile\scripts\start_paper_trade.bat cwd=C:\Users\yhach\Documents\tradebotfile child_pid=95164
2026-05-18 14:18:45,940 [INFO] paper_trade: start_paper_trade.bat spawn OK child_pid=95164
2026-05-18 14:18:49,941 [INFO] paper_trade: post-restart alive check after 4s running=False
2026-05-18 14:18:49,941 [INFO] [WATCHDOG] restarted paper_trade
2026-05-18 14:18:50,466 [INFO] tick jst=2026-05-18 14:18 paper_window=yes issue_bot=ok paper_trade=restarted
2026-05-18 14:23:50,471 [WARNING] paper_trade: restart attempt (running=False bat=C:\Users\yhach\Documents\tradebotfile\scripts\start_paper_trade.bat cwd=C:\Users\yhach\Documents\tradebotfile)
2026-05-18 14:23:50,473 [INFO] spawned bat=start_paper_trade.bat abs=C:\Users\yhach\Documents\tradebotfile\scripts\start_paper_trade.bat cwd=C:\Users\yhach\Documents\tradebotfile child_pid=115092
2026-05-18 14:23:50,473 [INFO] paper_trade: start_paper_trade.bat spawn OK child_pid=115092
2026-05-18 14:23:54,475 [INFO] paper_trade: post-restart alive check after 4s running=False
2026-05-18 14:23:54,475 [INFO] [WATCHDOG] restarted paper_trade
2026-05-18 14:23:55,120 [INFO] tick jst=2026-05-18 14:23 paper_window=yes issue_bot=ok paper_trade=restarted
2026-05-18 14:28:55,125 [WARNING] paper_trade: restart attempt (running=False bat=C:\Users\yhach\Documents\tradebotfile\scripts\start_paper_trade.bat cwd=C:\Users\yhach\Documents\tradebotfile)
2026-05-18 14:28:55,129 [INFO] spawned bat=start_paper_trade.bat abs=C:\Users\yhach\Documents\tradebotfile\scripts\start_paper_trade.bat cwd=C:\Users\yhach\Documents\tradebotfile child_pid=139356
2026-05-18 14:28:55,129 [INFO] paper_trade: start_paper_trade.bat spawn OK child_pid=139356
2026-05-18 14:28:59,130 [INFO] paper_trade: post-restart alive check after 4s running=False
2026-05-18 14:28:59,130 [INFO] [WATCHDOG] restarted paper_trade
2026-05-18 14:28:59,592 [INFO] tick jst=2026-05-18 14:28 paper_window=yes issue_bot=ok paper_trade=restarted
2026-05-18 14:33:59,599 [WARNING] paper_trade: restart attempt (running=False bat=C:\Users\yhach\Documents\tradebotfile\scripts\start_paper_trade.bat cwd=C:\Users\yhach\Documents\tradebotfile)
2026-05-18 14:33:59,608 [INFO] spawned bat=start_paper_trade.bat abs=C:\Users\yhach\Documents\tradebotfile\scripts\start_paper_trade.bat cwd=C:\Users\yhach\Documents\tradebotfile child_pid=65784
2026-05-18 14:33:59,608 [INFO] paper_trade: start_paper_trade.bat spawn OK child_pid=65784
2026-05-18 14:34:03,609 [INFO] paper_trade: post-restart alive check after 4s running=False
2026-05-18 14:34:03,609 [INFO] [WATCHDOG] restarted paper_trade
2026-05-18 14:34:04,139 [INFO] tick jst=2026-05-18 14:33 paper_window=yes issue_bot=ok paper_trade=restarted
2026-05-18 14:39:04,144 [WARNING] paper_trade: restart attempt (running=False bat=C:\Users\yhach\Documents\tradebotfile\scripts\start_paper_trade.bat cwd=C:\Users\yhach\Documents\tradebotfile)
2026-05-18 14:39:04,146 [INFO] spawned bat=start_paper_trade.bat abs=C:\Users\yhach\Documents\tradebotfile\scripts\start_paper_trade.bat cwd=C:\Users\yhach\Documents\tradebotfile child_pid=83472
2026-05-18 14:39:04,146 [INFO] paper_trade: start_paper_trade.bat spawn OK child_pid=83472
2026-05-18 14:39:08,147 [INFO] paper_trade: post-restart alive check after 4s running=False
2026-05-18 14:39:08,147 [INFO] [WATCHDOG] restarted paper_trade
2026-05-18 14:39:08,665 [INFO] tick jst=2026-05-18 14:39 paper_window=yes issue_bot=ok paper_trade=restarted
2026-05-18 14:44:08,671 [WARNING] paper_trade: restart attempt (running=False bat=C:\Users\yhach\Documents\tradebotfile\scripts\start_paper_trade.bat cwd=C:\Users\yhach\Documents\tradebotfile)
2026-05-18 14:44:08,673 [INFO] spawned bat=start_paper_trade.bat abs=C:\Users\yhach\Documents\tradebotfile\scripts\start_paper_trade.bat cwd=C:\Users\yhach\Documents\tradebotfile child_pid=101468
2026-05-18 14:44:08,674 [INFO] paper_trade: start_paper_trade.bat spawn OK child_pid=101468
2026-05-18 14:44:12,675 [INFO] paper_trade: post-restart alive check after 4s running=False
2026-05-18 14:44:12,675 [INFO] [WATCHDOG] restarted paper_trade
2026-05-18 14:44:13,163 [INFO] tick jst=2026-05-18 14:44 paper_window=yes issue_bot=ok paper_trade=restarted
2026-05-18 14:49:13,168 [WARNING] paper_trade: restart attempt (running=False bat=C:\Users\yhach\Documents\tradebotfile\scripts\start_paper_trade.bat cwd=C:\Users\yhach\Documents\tradebotfile)
2026-05-18 14:49:13,175 [INFO] spawned bat=start_paper_trade.bat abs=C:\Users\yhach\Documents\tradebotfile\scripts\start_paper_trade.bat cwd=C:\Users\yhach\Documents\tradebotfile child_pid=21816
2026-05-18 14:49:13,175 [INFO] paper_trade: start_paper_trade.bat spawn OK child_pid=21816
2026-05-18 14:49:17,176 [INFO] paper_trade: post-restart alive check after 4s running=False
2026-05-18 14:49:17,176 [INFO] [WATCHDOG] restarted paper_trade
2026-05-18 14:49:17,873 [INFO] tick jst=2026-05-18 14:49 paper_window=yes issue_bot=ok paper_trade=restarted
2026-05-18 14:54:17,879 [WARNING] paper_trade: restart attempt (running=False bat=C:\Users\yhach\Documents\tradebotfile\scripts\start_paper_trade.bat cwd=C:\Users\yhach\Documents\tradebotfile)
2026-05-18 14:54:17,887 [INFO] spawned bat=start_paper_trade.bat abs=C:\Users\yhach\Documents\tradebotfile\scripts\start_paper_trade.bat cwd=C:\Users\yhach\Documents\tradebotfile child_pid=35108
2026-05-18 14:54:17,887 [INFO] paper_trade: start_paper_trade.bat spawn OK child_pid=35108
2026-05-18 14:54:21,889 [INFO] paper_trade: post-restart alive check after 4s running=False
2026-05-18 14:54:21,889 [INFO] [WATCHDOG] restarted paper_trade
2026-05-18 14:54:22,422 [INFO] tick jst=2026-05-18 14:54 paper_window=yes issue_bot=ok paper_trade=restarted
2026-05-18 14:59:22,428 [WARNING] paper_trade: restart attempt (running=False bat=C:\Users\yhach\Documents\tradebotfile\scripts\start_paper_trade.bat cwd=C:\Users\yhach\Documents\tradebotfile)
2026-05-18 14:59:22,432 [INFO] spawned bat=start_paper_trade.bat abs=C:\Users\yhach\Documents\tradebotfile\scripts\start_paper_trade.bat cwd=C:\Users\yhach\Documents\tradebotfile child_pid=103948
2026-05-18 14:59:22,432 [INFO] paper_trade: start_paper_trade.bat spawn OK child_pid=103948
2026-05-18 14:59:26,433 [INFO] paper_trade: post-restart alive check after 4s running=False
2026-05-18 14:59:26,433 [INFO] [WATCHDOG] restarted paper_trade
2026-05-18 14:59:26,995 [INFO] tick jst=2026-05-18 14:59 paper_window=yes issue_bot=ok paper_trade=restarted
2026-05-18 15:04:27,001 [WARNING] paper_trade: restart attempt (running=False bat=C:\Users\yhach\Documents\tradebotfile\scripts\start_paper_trade.bat cwd=C:\Users\yhach\Documents\tradebotfile)
2026-05-18 15:04:27,004 [INFO] spawned bat=start_paper_trade.bat abs=C:\Users\yhach\Documents\tradebotfile\scripts\start_paper_trade.bat cwd=C:\Users\yhach\Documents\tradebotfile child_pid=92768
2026-05-18 15:04:27,004 [INFO] paper_trade: start_paper_trade.bat spawn OK child_pid=92768
2026-05-18 15:04:31,007 [INFO] paper_trade: post-restart alive check after 4s running=False
2026-05-18 15:04:31,007 [INFO] [WATCHDOG] restarted paper_trade
2026-05-18 15:04:31,579 [INFO] tick jst=2026-05-18 15:04 paper_window=yes issue_bot=ok paper_trade=restarted
2026-05-18 15:09:31,585 [WARNING] paper_trade: restart attempt (running=False bat=C:\Users\yhach\Documents\tradebotfile\scripts\start_paper_trade.bat cwd=C:\Users\yhach\Documents\tradebotfile)
2026-05-18 15:09:31,589 [INFO] spawned bat=start_paper_trade.bat abs=C:\Users\yhach\Documents\tradebotfile\scripts\start_paper_trade.bat cwd=C:\Users\yhach\Documents\tradebotfile child_pid=42116
2026-05-18 15:09:31,589 [INFO] paper_trade: start_paper_trade.bat spawn OK child_pid=42116
2026-05-18 15:09:35,590 [INFO] paper_trade: post-restart alive check after 4s running=False
2026-05-18 15:09:35,591 [INFO] [WATCHDOG] restarted paper_trade
2026-05-18 15:09:36,170 [INFO] tick jst=2026-05-18 15:09 paper_window=yes issue_bot=ok paper_trade=restarted
2026-05-18 15:14:36,177 [WARNING] paper_trade: restart attempt (running=False bat=C:\Users\yhach\Documents\tradebotfile\scripts\start_paper_trade.bat cwd=C:\Users\yhach\Documents\tradebotfile)
2026-05-18 15:14:36,182 [INFO] spawned bat=start_paper_trade.bat abs=C:\Users\yhach\Documents\tradebotfile\scripts\start_paper_trade.bat cwd=C:\Users\yhach\Documents\tradebotfile child_pid=47044
2026-05-18 15:14:36,182 [INFO] paper_trade: start_paper_trade.bat spawn OK child_pid=47044
2026-05-18 15:14:40,183 [INFO] paper_trade: post-restart alive check after 4s running=False
2026-05-18 15:14:40,183 [INFO] [WATCHDOG] restarted paper_trade
2026-05-18 15:14:40,692 [INFO] tick jst=2026-05-18 15:14 paper_window=yes issue_bot=ok paper_trade=restarted
2026-05-18 15:19:40,700 [WARNING] paper_trade: restart attempt (running=False bat=C:\Users\yhach\Documents\tradebotfile\scripts\start_paper_trade.bat cwd=C:\Users\yhach\Documents\tradebotfile)
2026-05-18 15:19:40,704 [INFO] spawned bat=start_paper_trade.bat abs=C:\Users\yhach\Documents\tradebotfile\scripts\start_paper_trade.bat cwd=C:\Users\yhach\Documents\tradebotfile child_pid=61464
2026-05-18 15:19:40,704 [INFO] paper_trade: start_paper_trade.bat spawn OK child_pid=61464
2026-05-18 15:19:44,705 [INFO] paper_trade: post-restart alive check after 4s running=False
2026-05-18 15:19:44,705 [INFO] [WATCHDOG] restarted paper_trade
2026-05-18 15:19:45,398 [INFO] tick jst=2026-05-18 15:19 paper_window=yes issue_bot=ok paper_trade=restarted
2026-05-18 15:24:45,404 [WARNING] paper_trade: restart attempt (running=False bat=C:\Users\yhach\Documents\tradebotfile\scripts\start_paper_trade.bat cwd=C:\Users\yhach\Documents\tradebotfile)
2026-05-18 15:24:45,407 [INFO] spawned bat=start_paper_trade.bat abs=C:\Users\yhach\Documents\tradebotfile\scripts\start_paper_trade.bat cwd=C:\Users\yhach\Documents\tradebotfile child_pid=124332
2026-05-18 15:24:45,407 [INFO] paper_trade: start_paper_trade.bat spawn OK child_pid=124332
2026-05-18 15:24:49,408 [INFO] paper_trade: post-restart alive check after 4s running=False
2026-05-18 15:24:49,408 [INFO] [WATCHDOG] restarted paper_trade
2026-05-18 15:24:49,977 [INFO] tick jst=2026-05-18 15:24 paper_window=yes issue_bot=ok paper_trade=restarted
2026-05-18 15:29:49,984 [WARNING] paper_trade: restart attempt (running=False bat=C:\Users\yhach\Documents\tradebotfile\scripts\start_paper_trade.bat cwd=C:\Users\yhach\Documents\tradebotfile)
2026-05-18 15:29:49,993 [INFO] spawned bat=start_paper_trade.bat abs=C:\Users\yhach\Documents\tradebotfile\scripts\start_paper_trade.bat cwd=C:\Users\yhach\Documents\tradebotfile child_pid=133220
2026-05-18 15:29:49,993 [INFO] paper_trade: start_paper_trade.bat spawn OK child_pid=133220
2026-05-18 15:29:53,995 [INFO] paper_trade: post-restart alive check after 4s running=False
2026-05-18 15:29:53,995 [INFO] [WATCHDOG] restarted paper_trade
2026-05-18 15:29:54,512 [INFO] tick jst=2026-05-18 15:29 paper_window=yes issue_bot=ok paper_trade=restarted
2026-05-18 15:34:54,519 [WARNING] paper_trade: restart attempt (running=False bat=C:\Users\yhach\Documents\tradebotfile\scripts\start_paper_trade.bat cwd=C:\Users\yhach\Documents\tradebotfile)
2026-05-18 15:34:54,524 [INFO] spawned bat=start_paper_trade.bat abs=C:\Users\yhach\Documents\tradebotfile\scripts\start_paper_trade.bat cwd=C:\Users\yhach\Documents\tradebotfile child_pid=154816
2026-05-18 15:34:54,524 [INFO] paper_trade: start_paper_trade.bat spawn OK child_pid=154816
2026-05-18 15:34:58,526 [INFO] paper_trade: post-restart alive check after 4s running=False
2026-05-18 15:34:58,526 [INFO] [WATCHDOG] restarted paper_trade
2026-05-18 15:34:59,182 [INFO] tick jst=2026-05-18 15:34 paper_window=yes issue_bot=ok paper_trade=restarted
2026-05-18 15:39:59,190 [WARNING] paper_trade: restart attempt (running=False bat=C:\Users\yhach\Documents\tradebotfile\scripts\start_paper_trade.bat cwd=C:\Users\yhach\Documents\tradebotfile)
2026-05-18 15:39:59,195 [INFO] spawned bat=start_paper_trade.bat abs=C:\Users\yhach\Documents\tradebotfile\scripts\start_paper_trade.bat cwd=C:\Users\yhach\Documents\tradebotfile child_pid=28096
2026-05-18 15:39:59,196 [INFO] paper_trade: start_paper_trade.bat spawn OK child_pid=28096
2026-05-18 15:40:03,196 [INFO] paper_trade: post-restart alive check after 4s running=False
2026-05-18 15:40:03,197 [INFO] [WATCHDOG] restarted paper_trade
2026-05-18 15:40:03,739 [INFO] tick jst=2026-05-18 15:39 paper_window=yes issue_bot=ok paper_trade=restarted
2026-05-18 15:45:03,747 [INFO] tick jst=2026-05-18 15:45 paper_window=no issue_bot=ok paper_trade=idle
2026-05-18 15:50:03,755 [INFO] tick jst=2026-05-18 15:50 paper_window=no issue_bot=ok paper_trade=idle
2026-05-18 15:55:03,762 [INFO] tick jst=2026-05-18 15:55 paper_window=no issue_bot=ok paper_trade=idle
2026-05-18 16:00:03,769 [INFO] tick jst=2026-05-18 16:00 paper_window=no issue_bot=ok paper_trade=idle
2026-05-18 16:05:03,776 [INFO] tick jst=2026-05-18 16:05 paper_window=no issue_bot=ok paper_trade=idle
2026-05-18 16:10:03,784 [INFO] tick jst=2026-05-18 16:10 paper_window=no issue_bot=ok paper_trade=idle
2026-05-18 16:15:03,790 [INFO] tick jst=2026-05-18 16:15 paper_window=no issue_bot=ok paper_trade=idle
2026-05-18 16:20:03,797 [INFO] tick jst=2026-05-18 16:20 paper_window=no issue_bot=ok paper_trade=idle
2026-05-18 16:25:03,803 [INFO] tick jst=2026-05-18 16:25 paper_window=no issue_bot=ok paper_trade=idle
2026-05-18 16:30:03,809 [INFO] tick jst=2026-05-18 16:30 paper_window=no issue_bot=ok paper_trade=idle
2026-05-18 16:35:03,816 [INFO] tick jst=2026-05-18 16:35 paper_window=no issue_bot=ok paper_trade=idle
2026-05-18 16:40:03,822 [INFO] tick jst=2026-05-18 16:40 paper_window=no issue_bot=ok paper_trade=idle
2026-05-18 16:45:03,828 [INFO] tick jst=2026-05-18 16:45 paper_window=no issue_bot=ok paper_trade=idle
2026-05-18 16:50:03,836 [INFO] tick jst=2026-05-18 16:50 paper_window=no issue_bot=ok paper_trade=idle
2026-05-18 16:55:03,844 [INFO] tick jst=2026-05-18 16:55 paper_window=no issue_bot=ok paper_trade=idle
2026-05-18 17:00:03,850 [INFO] tick jst=2026-05-18 17:00 paper_window=no issue_bot=ok paper_trade=idle
2026-05-18 17:05:03,857 [INFO] tick jst=2026-05-18 17:05 paper_window=no issue_bot=ok paper_trade=idle
2026-05-18 17:10:03,864 [INFO] tick jst=2026-05-18 17:10 paper_window=no issue_bot=ok paper_trade=idle
2026-05-18 17:15:03,870 [INFO] tick jst=2026-05-18 17:15 paper_window=no issue_bot=ok paper_trade=idle
2026-05-18 17:20:03,876 [INFO] tick jst=2026-05-18 17:20 paper_window=no issue_bot=ok paper_trade=idle
2026-05-18 17:25:03,883 [INFO] tick jst=2026-05-18 17:25 paper_window=no issue_bot=ok paper_trade=idle
2026-05-18 17:30:03,889 [INFO] tick jst=2026-05-18 17:30 paper_window=no issue_bot=ok paper_trade=idle
2026-05-18 17:35:03,894 [INFO] tick jst=2026-05-18 17:35 paper_window=no issue_bot=ok paper_trade=idle
2026-05-18 17:40:03,900 [INFO] tick jst=2026-05-18 17:40 paper_window=no issue_bot=ok paper_trade=idle
2026-05-18 17:45:03,906 [INFO] tick jst=2026-05-18 17:45 paper_window=no issue_bot=ok paper_trade=idle
2026-05-18 17:50:03,911 [INFO] tick jst=2026-05-18 17:50 paper_window=no issue_bot=ok paper_trade=idle
2026-05-18 17:55:03,917 [INFO] tick jst=2026-05-18 17:55 paper_window=no issue_bot=ok paper_trade=idle
2026-05-18 18:00:03,924 [INFO] tick jst=2026-05-18 18:00 paper_window=no issue_bot=ok paper_trade=idle
2026-05-18 18:05:03,931 [INFO] tick jst=2026-05-18 18:05 paper_window=no issue_bot=ok paper_trade=idle
2026-05-18 18:10:03,937 [INFO] tick jst=2026-05-18 18:10 paper_window=no issue_bot=ok paper_trade=idle
2026-05-18 18:15:03,943 [INFO] tick jst=2026-05-18 18:15 paper_window=no issue_bot=ok paper_trade=idle
2026-05-18 18:20:03,949 [INFO] tick jst=2026-05-18 18:20 paper_window=no issue_bot=ok paper_trade=idle
2026-05-18 18:25:03,954 [INFO] tick jst=2026-05-18 18:25 paper_window=no issue_bot=ok paper_trade=idle
2026-05-18 18:30:03,960 [INFO] tick jst=2026-05-18 18:30 paper_window=no issue_bot=ok paper_trade=idle
2026-05-18 18:35:03,966 [INFO] tick jst=2026-05-18 18:35 paper_window=no issue_bot=ok paper_trade=idle
2026-05-18 18:40:03,973 [INFO] tick jst=2026-05-18 18:40 paper_window=no issue_bot=ok paper_trade=idle
2026-05-18 18:45:03,978 [INFO] tick jst=2026-05-18 18:45 paper_window=no issue_bot=ok paper_trade=idle
2026-05-18 18:50:03,984 [INFO] tick jst=2026-05-18 18:50 paper_window=no issue_bot=ok paper_trade=idle
2026-05-18 18:55:03,992 [INFO] tick jst=2026-05-18 18:55 paper_window=no issue_bot=ok paper_trade=idle
2026-05-18 19:00:03,997 [INFO] tick jst=2026-05-18 19:00 paper_window=no issue_bot=ok paper_trade=idle
2026-05-18 19:05:04,003 [INFO] tick jst=2026-05-18 19:05 paper_window=no issue_bot=ok paper_trade=idle
2026-05-18 19:10:04,009 [INFO] tick jst=2026-05-18 19:10 paper_window=no issue_bot=ok paper_trade=idle
2026-05-18 19:15:04,015 [INFO] tick jst=2026-05-18 19:15 paper_window=no issue_bot=ok paper_trade=idle
2026-05-18 19:20:04,021 [INFO] tick jst=2026-05-18 19:20 paper_window=no issue_bot=ok paper_trade=idle
2026-05-18 19:25:04,027 [INFO] tick jst=2026-05-18 19:25 paper_window=no issue_bot=ok paper_trade=idle
2026-05-18 19:30:04,033 [INFO] tick jst=2026-05-18 19:30 paper_window=no issue_bot=ok paper_trade=idle
2026-05-18 19:35:04,039 [INFO] tick jst=2026-05-18 19:35 paper_window=no issue_bot=ok paper_trade=idle
2026-05-18 19:40:04,044 [INFO] tick jst=2026-05-18 19:40 paper_window=no issue_bot=ok paper_trade=idle
2026-05-18 19:45:04,054 [INFO] tick jst=2026-05-18 19:45 paper_window=no issue_bot=ok paper_trade=idle
2026-05-18 19:50:04,062 [INFO] tick jst=2026-05-18 19:50 paper_window=no issue_bot=ok paper_trade=idle
2026-05-18 19:55:04,070 [INFO] tick jst=2026-05-18 19:55 paper_window=no issue_bot=ok paper_trade=idle
2026-05-18 20:00:04,076 [INFO] tick jst=2026-05-18 20:00 paper_window=no issue_bot=ok paper_trade=idle
2026-05-18 20:05:04,083 [INFO] tick jst=2026-05-18 20:05 paper_window=no issue_bot=ok paper_trade=idle
2026-05-18 20:10:04,090 [INFO] tick jst=2026-05-18 20:10 paper_window=no issue_bot=ok paper_trade=idle
2026-05-18 20:15:04,097 [INFO] tick jst=2026-05-18 20:15 paper_window=no issue_bot=ok paper_trade=idle
2026-05-18 20:20:04,104 [INFO] tick jst=2026-05-18 20:20 paper_window=no issue_bot=ok paper_trade=idle
2026-05-18 20:25:04,116 [INFO] tick jst=2026-05-18 20:25 paper_window=no issue_bot=ok paper_trade=idle
2026-05-18 20:30:04,125 [INFO] tick jst=2026-05-18 20:30 paper_window=no issue_bot=ok paper_trade=idle
2026-05-18 20:35:04,132 [INFO] tick jst=2026-05-18 20:35 paper_window=no issue_bot=ok paper_trade=idle
2026-05-18 20:40:04,138 [INFO] tick jst=2026-05-18 20:40 paper_window=no issue_bot=ok paper_trade=idle
2026-05-18 20:45:04,144 [INFO] tick jst=2026-05-18 20:45 paper_window=no issue_bot=ok paper_trade=idle
2026-05-18 20:50:04,150 [INFO] tick jst=2026-05-18 20:50 paper_window=no issue_bot=ok paper_trade=idle
2026-05-18 20:55:04,156 [INFO] tick jst=2026-05-18 20:55 paper_window=no issue_bot=ok paper_trade=idle
2026-05-18 21:00:04,163 [INFO] tick jst=2026-05-18 21:00 paper_window=no issue_bot=ok paper_trade=idle
2026-05-18 21:05:04,169 [INFO] tick jst=2026-05-18 21:05 paper_window=no issue_bot=ok paper_trade=idle
2026-05-18 21:10:04,176 [INFO] tick jst=2026-05-18 21:10 paper_window=no issue_bot=ok paper_trade=idle
2026-05-18 21:15:04,182 [INFO] tick jst=2026-05-18 21:15 paper_window=no issue_bot=ok paper_trade=idle
2026-05-18 21:20:04,188 [INFO] tick jst=2026-05-18 21:20 paper_window=no issue_bot=ok paper_trade=idle
2026-05-18 21:25:04,194 [INFO] tick jst=2026-05-18 21:25 paper_window=no issue_bot=ok paper_trade=idle
2026-05-18 21:30:04,200 [INFO] tick jst=2026-05-18 21:30 paper_window=no issue_bot=ok paper_trade=idle
2026-05-18 21:35:04,207 [INFO] tick jst=2026-05-18 21:35 paper_window=no issue_bot=ok paper_trade=idle
2026-05-18 21:40:04,214 [INFO] tick jst=2026-05-18 21:40 paper_window=no issue_bot=ok paper_trade=idle
2026-05-18 21:45:04,221 [INFO] tick jst=2026-05-18 21:45 paper_window=no issue_bot=ok paper_trade=idle
2026-05-18 21:50:04,227 [INFO] tick jst=2026-05-18 21:50 paper_window=no issue_bot=ok paper_trade=idle
2026-05-18 21:55:04,233 [INFO] tick jst=2026-05-18 21:55 paper_window=no issue_bot=ok paper_trade=idle
2026-05-18 22:00:04,238 [INFO] tick jst=2026-05-18 22:00 paper_window=no issue_bot=ok paper_trade=idle
2026-05-18 22:05:04,245 [INFO] tick jst=2026-05-18 22:05 paper_window=no issue_bot=ok paper_trade=idle
2026-05-18 22:10:04,251 [INFO] tick jst=2026-05-18 22:10 paper_window=no issue_bot=ok paper_trade=idle
2026-05-18 22:15:04,257 [INFO] tick jst=2026-05-18 22:15 paper_window=no issue_bot=ok paper_trade=idle
2026-05-18 22:20:04,263 [INFO] tick jst=2026-05-18 22:20 paper_window=no issue_bot=ok paper_trade=idle
2026-05-18 22:25:04,269 [INFO] tick jst=2026-05-18 22:25 paper_window=no issue_bot=ok paper_trade=idle
2026-05-18 22:30:04,277 [INFO] tick jst=2026-05-18 22:30 paper_window=no issue_bot=ok paper_trade=idle
2026-05-18 22:35:04,284 [INFO] tick jst=2026-05-18 22:35 paper_window=no issue_bot=ok paper_trade=idle
2026-05-18 22:40:04,290 [INFO] tick jst=2026-05-18 22:40 paper_window=no issue_bot=ok paper_trade=idle
2026-05-18 22:45:04,295 [INFO] tick jst=2026-05-18 22:45 paper_window=no issue_bot=ok paper_trade=idle
2026-05-18 22:50:04,301 [INFO] tick jst=2026-05-18 22:50 paper_window=no issue_bot=ok paper_trade=idle
2026-05-18 22:55:04,307 [INFO] tick jst=2026-05-18 22:55 paper_window=no issue_bot=ok paper_trade=idle
2026-05-18 23:00:04,314 [INFO] tick jst=2026-05-18 23:00 paper_window=no issue_bot=ok paper_trade=idle
2026-05-18 23:05:04,324 [INFO] tick jst=2026-05-18 23:05 paper_window=no issue_bot=ok paper_trade=idle
2026-05-18 23:10:04,332 [INFO] tick jst=2026-05-18 23:10 paper_window=no issue_bot=ok paper_trade=idle
2026-05-18 23:15:04,337 [INFO] tick jst=2026-05-18 23:15 paper_window=no issue_bot=ok paper_trade=idle
2026-05-18 23:20:04,343 [INFO] tick jst=2026-05-18 23:20 paper_window=no issue_bot=ok paper_trade=idle
2026-05-18 23:25:04,349 [INFO] tick jst=2026-05-18 23:25 paper_window=no issue_bot=ok paper_trade=idle
2026-05-18 23:30:04,357 [INFO] tick jst=2026-05-18 23:30 paper_window=no issue_bot=ok paper_trade=idle
